--
-- PostgreSQL database dump
--

-- Dumped from database version 17.4
-- Dumped by pg_dump version 17.4

-- Started on 2026-07-14 13:32:25

SET statement_timeout = 0;
SET lock_timeout = 0;
SET idle_in_transaction_session_timeout = 0;
SET transaction_timeout = 0;
SET client_encoding = 'UTF8';
SET standard_conforming_strings = on;
SELECT pg_catalog.set_config('search_path', '', false);
SET check_function_bodies = false;
SET xmloption = content;
SET client_min_messages = warning;
SET row_security = off;

SET default_tablespace = '';

SET default_table_access_method = heap;

--
-- TOC entry 265 (class 1259 OID 57636)
-- Name: annexe_config; Type: TABLE; Schema: public; Owner: postgres
--

CREATE TABLE public.annexe_config (
    id integer NOT NULL,
    commune_tous_plants boolean NOT NULL,
    libelle character varying(200) NOT NULL,
    obligatoire boolean NOT NULL,
    ordre_affichage integer NOT NULL,
    porteurqk boolean NOT NULL,
    prioriteqk integer NOT NULL,
    type_annexe character varying(20) NOT NULL,
    plant_id integer
);


ALTER TABLE public.annexe_config OWNER TO postgres;

--
-- TOC entry 264 (class 1259 OID 57635)
-- Name: annexe_config_id_seq; Type: SEQUENCE; Schema: public; Owner: postgres
--

ALTER TABLE public.annexe_config ALTER COLUMN id ADD GENERATED BY DEFAULT AS IDENTITY (
    SEQUENCE NAME public.annexe_config_id_seq
    START WITH 1
    INCREMENT BY 1
    NO MINVALUE
    NO MAXVALUE
    CACHE 1
);


--
-- TOC entry 253 (class 1259 OID 49228)
-- Name: audit; Type: TABLE; Schema: public; Owner: postgres
--

CREATE TABLE public.audit (
    id bigint NOT NULL,
    action_immediate character varying(500),
    date_creation timestamp(6) without time zone NOT NULL,
    date_modification timestamp(6) without time zone,
    date_pdca timestamp(6) without time zone,
    date_prevue date NOT NULL,
    date_realisation date,
    destination_export character varying(200),
    domaine character varying(50),
    facteur double precision,
    famille_cablage character varying(200),
    nature_audit character varying(255),
    nombre_composants integer,
    numero_rapport character varying(50),
    observations character varying(2000),
    pdca_declenche boolean,
    qk_depasse_seuil boolean,
    rapport_url character varying(500),
    reference character varying(100) NOT NULL,
    statut character varying(255) NOT NULL,
    total_points double precision,
    type_audit character varying(255) NOT NULL,
    valeurqk double precision,
    zone_expedition character varying(200),
    auditeur_id integer,
    planificateur_id integer,
    plant_id integer NOT NULL,
    projet_id integer,
    responsable_pdca_id integer,
    segment_id integer,
    site_id integer,
    date_envoi timestamp(6) without time zone,
    deadline date,
    rapport_fichier_nom character varying(500),
    termine_par_auditeur boolean,
    planification_id bigint,
    serie_id integer,
    couleurqk character varying(10),
    rapport_genere boolean,
    rapport_genere_pdf_url character varying(500),
    statut_avant_retard character varying(20),
    salle_export character varying(200),
    date_prochaine_verification date,
    date_validation_magasin timestamp(6) without time zone,
    semaine_export character varying(20),
    valide_par_responsable_magasin boolean,
    responsable_magasin_id integer,
    bmw_no character varying(255),
    projet_label character varying(255),
    serie_label character varying(255),
    variant_no character varying(255),
    checklist_json text,
    scores_json text,
    CONSTRAINT audit_couleurqk_check CHECK (((couleurqk)::text = ANY ((ARRAY['VERT'::character varying, 'ORANGE'::character varying, 'ROSE'::character varying, 'ROUGE'::character varying])::text[]))),
    CONSTRAINT audit_nature_audit_check CHECK (((nature_audit)::text = ANY ((ARRAY['NON_DESTRUCTIF'::character varying, 'DESTRUCTIF'::character varying, 'REQUALIFICATION'::character varying])::text[]))),
    CONSTRAINT audit_statut_avant_retard_check CHECK (((statut_avant_retard)::text = ANY ((ARRAY['PLANIFIE'::character varying, 'EN_COURS'::character varying, 'TERMINE'::character varying, 'ANNULE'::character varying, 'EN_RETARD'::character varying])::text[]))),
    CONSTRAINT audit_statut_check CHECK (((statut)::text = ANY ((ARRAY['PLANIFIE'::character varying, 'EN_COURS'::character varying, 'TERMINE'::character varying, 'ANNULE'::character varying, 'EN_RETARD'::character varying])::text[]))),
    CONSTRAINT audit_type_audit_check CHECK (((type_audit)::text = ANY ((ARRAY['AUDIT_PRODUIT'::character varying, 'AUDIT_REGLES_PLATES'::character varying, 'AUDIT_MAGASIN_EXPORT'::character varying])::text[])))
);


ALTER TABLE public.audit OWNER TO postgres;

--
-- TOC entry 271 (class 1259 OID 57740)
-- Name: audit_export_detail; Type: TABLE; Schema: public; Owner: postgres
--

CREATE TABLE public.audit_export_detail (
    id bigint NOT NULL,
    date_creation timestamp(6) without time zone NOT NULL,
    numero_caisse character varying(100) NOT NULL,
    numero_serie character varying(100) NOT NULL,
    semaine_export character varying(50),
    audit_id bigint NOT NULL
);


ALTER TABLE public.audit_export_detail OWNER TO postgres;

--
-- TOC entry 270 (class 1259 OID 57739)
-- Name: audit_export_detail_id_seq; Type: SEQUENCE; Schema: public; Owner: postgres
--

ALTER TABLE public.audit_export_detail ALTER COLUMN id ADD GENERATED BY DEFAULT AS IDENTITY (
    SEQUENCE NAME public.audit_export_detail_id_seq
    START WITH 1
    INCREMENT BY 1
    NO MINVALUE
    NO MAXVALUE
    CACHE 1
);


--
-- TOC entry 252 (class 1259 OID 49227)
-- Name: audit_id_seq; Type: SEQUENCE; Schema: public; Owner: postgres
--

ALTER TABLE public.audit ALTER COLUMN id ADD GENERATED BY DEFAULT AS IDENTITY (
    SEQUENCE NAME public.audit_id_seq
    START WITH 1
    INCREMENT BY 1
    NO MINVALUE
    NO MAXVALUE
    CACHE 1
);


--
-- TOC entry 267 (class 1259 OID 57643)
-- Name: audit_produit_annexe; Type: TABLE; Schema: public; Owner: postgres
--

CREATE TABLE public.audit_produit_annexe (
    id bigint NOT NULL,
    commune_tous_plants boolean NOT NULL,
    date_import timestamp(6) without time zone,
    fichier_nom character varying(500),
    fichier_url character varying(1000),
    importe boolean NOT NULL,
    libelle character varying(200),
    mime_type character varying(100),
    ordre_affichage integer NOT NULL,
    type_annexe character varying(20) NOT NULL,
    valeur_qk_extraite double precision,
    audit_id bigint NOT NULL,
    importe_par_id integer,
    form_data_json text,
    form_valide boolean NOT NULL,
    commentaire_validation_croisee character varying(1000),
    date_envoi_validation timestamp(6) without time zone,
    date_validation_croisee timestamp(6) without time zone,
    pdf_validation_path character varying(500),
    statut_validation_croisee character varying(20),
    auditeur_validateur_id integer
);


ALTER TABLE public.audit_produit_annexe OWNER TO postgres;

--
-- TOC entry 266 (class 1259 OID 57642)
-- Name: audit_produit_annexe_id_seq; Type: SEQUENCE; Schema: public; Owner: postgres
--

ALTER TABLE public.audit_produit_annexe ALTER COLUMN id ADD GENERATED BY DEFAULT AS IDENTITY (
    SEQUENCE NAME public.audit_produit_annexe_id_seq
    START WITH 1
    INCREMENT BY 1
    NO MINVALUE
    NO MAXVALUE
    CACHE 1
);


--
-- TOC entry 226 (class 1259 OID 24793)
-- Name: cablage_defaut; Type: TABLE; Schema: public; Owner: postgres
--

CREATE TABLE public.cablage_defaut (
    id bigint NOT NULL,
    localisation character varying(255),
    mesure_reelle character varying(255),
    numero integer,
    observations character varying(255),
    type_defaut character varying(255) NOT NULL,
    valeur_acceptable character varying(255),
    certification_id bigint,
    test_pratique_id bigint
);


ALTER TABLE public.cablage_defaut OWNER TO postgres;

--
-- TOC entry 225 (class 1259 OID 24792)
-- Name: cablage_defaut_id_seq; Type: SEQUENCE; Schema: public; Owner: postgres
--

ALTER TABLE public.cablage_defaut ALTER COLUMN id ADD GENERATED BY DEFAULT AS IDENTITY (
    SEQUENCE NAME public.cablage_defaut_id_seq
    START WITH 1
    INCREMENT BY 1
    NO MINVALUE
    NO MAXVALUE
    CACHE 1
);


--
-- TOC entry 228 (class 1259 OID 24801)
-- Name: certificat; Type: TABLE; Schema: public; Owner: postgres
--

CREATE TABLE public.certificat (
    id bigint NOT NULL,
    chemin_pdf character varying(255),
    dans_historique_chef boolean,
    dans_historique_expert boolean,
    date_envoi timestamp(6) without time zone,
    date_generation timestamp(6) without time zone,
    date_signature_chef timestamp(6) without time zone,
    date_signature_expert timestamp(6) without time zone,
    numero_certificat character varying(255),
    signature_chef boolean,
    signature_expert boolean,
    statut character varying(255),
    certification_id bigint NOT NULL,
    chef_id integer,
    expert_id integer
);


ALTER TABLE public.certificat OWNER TO postgres;

--
-- TOC entry 227 (class 1259 OID 24800)
-- Name: certificat_id_seq; Type: SEQUENCE; Schema: public; Owner: postgres
--

ALTER TABLE public.certificat ALTER COLUMN id ADD GENERATED BY DEFAULT AS IDENTITY (
    SEQUENCE NAME public.certificat_id_seq
    START WITH 1
    INCREMENT BY 1
    NO MINVALUE
    NO MAXVALUE
    CACHE 1
);


--
-- TOC entry 280 (class 1259 OID 122966)
-- Name: certificat_vw; Type: TABLE; Schema: public; Owner: postgres
--

CREATE TABLE public.certificat_vw (
    id bigint NOT NULL,
    auditeur_matricule character varying(50) NOT NULL,
    auditeur_nom character varying(200) NOT NULL,
    date_expiration date NOT NULL,
    date_obtention date NOT NULL,
    date_saisie timestamp(6) without time zone NOT NULL,
    pdf_nom character varying(255),
    pdf_path character varying(500),
    plant_nom character varying(100),
    site_nom character varying(100),
    statut character varying(20) NOT NULL,
    auditeur_id integer NOT NULL,
    expert_id integer NOT NULL,
    plant_id integer NOT NULL
);


ALTER TABLE public.certificat_vw OWNER TO postgres;

--
-- TOC entry 279 (class 1259 OID 122965)
-- Name: certificat_vw_id_seq; Type: SEQUENCE; Schema: public; Owner: postgres
--

ALTER TABLE public.certificat_vw ALTER COLUMN id ADD GENERATED BY DEFAULT AS IDENTITY (
    SEQUENCE NAME public.certificat_vw_id_seq
    START WITH 1
    INCREMENT BY 1
    NO MINVALUE
    NO MAXVALUE
    CACHE 1
);


--
-- TOC entry 230 (class 1259 OID 24809)
-- Name: certification; Type: TABLE; Schema: public; Owner: postgres
--

CREATE TABLE public.certification (
    id bigint NOT NULL,
    date_creation timestamp(6) without time zone,
    date_deblocage timestamp(6) without time zone,
    date_expiration timestamp(6) without time zone,
    date_obtention timestamp(6) without time zone,
    nb_tentatives_theoriques integer,
    niveau_badge character varying(255),
    notif_j30_envoyee boolean,
    notif_j7_envoyee boolean,
    numero_certificat character varying(255),
    score_final double precision,
    score_pratique double precision,
    score_theorique double precision,
    statut character varying(255),
    auditeur_id integer,
    session_test_id bigint,
    actif boolean,
    date_activation timestamp(6) without time zone,
    date_desactivation timestamp(6) without time zone,
    description character varying(255),
    seuil_theorique integer,
    titre character varying(255),
    expert_id integer,
    test_pratique_id bigint,
    test_theorique_id bigint,
    formation_url character varying(255),
    formation_nom character varying(255),
    brouillon boolean DEFAULT true,
    certificat_vide_nom character varying(255),
    certificat_vide_url character varying(255),
    client_id integer,
    CONSTRAINT certification_statut_check CHECK (((statut)::text = ANY ((ARRAY['EN_ATTENTE'::character varying, 'THEORIQUE_EN_COURS'::character varying, 'THEORIQUE_ECHOUE_1'::character varying, 'BLOQUE'::character varying, 'THEORIQUE_VALIDE'::character varying, 'PRATIQUE_EN_COURS'::character varying, 'PRATIQUE_ECHOUE'::character varying, 'SIGNATURE_EXPERT'::character varying, 'SIGNATURE_CHEF'::character varying, 'CERTIFIE'::character varying, 'EXPIRE'::character varying])::text[])))
);


ALTER TABLE public.certification OWNER TO postgres;

--
-- TOC entry 229 (class 1259 OID 24808)
-- Name: certification_id_seq; Type: SEQUENCE; Schema: public; Owner: postgres
--

ALTER TABLE public.certification ALTER COLUMN id ADD GENERATED BY DEFAULT AS IDENTITY (
    SEQUENCE NAME public.certification_id_seq
    START WITH 1
    INCREMENT BY 1
    NO MINVALUE
    NO MAXVALUE
    CACHE 1
);


--
-- TOC entry 255 (class 1259 OID 49239)
-- Name: checklist_regle_plate; Type: TABLE; Schema: public; Owner: postgres
--

CREATE TABLE public.checklist_regle_plate (
    id bigint NOT NULL,
    action_corrective character varying(500),
    date_creation timestamp(6) without time zone NOT NULL,
    date_modification timestamp(6) without time zone,
    derniere_verification date,
    ecart double precision,
    etat_physique character varying(255),
    etiquette_validite character varying(255),
    lisibilite_graduations character varying(255),
    localisation character varying(200),
    numero_instrument character varying(100) NOT NULL,
    observations character varying(1000),
    periodicite_en_mois integer,
    plage_mesure character varying(100),
    precision_mesure character varying(255),
    prochaine_verification date,
    proprete character varying(255),
    statut character varying(255) NOT NULL,
    tolerance_max double precision,
    type_instrument character varying(50) NOT NULL,
    valeur_mesuree double precision,
    valeur_reference double precision,
    audit_id bigint NOT NULL,
    CONSTRAINT checklist_regle_plate_etat_physique_check CHECK (((etat_physique)::text = ANY ((ARRAY['CONFORME'::character varying, 'NON_CONFORME'::character varying, 'NON_VERIFIE'::character varying])::text[]))),
    CONSTRAINT checklist_regle_plate_etiquette_validite_check CHECK (((etiquette_validite)::text = ANY ((ARRAY['CONFORME'::character varying, 'NON_CONFORME'::character varying, 'NON_VERIFIE'::character varying])::text[]))),
    CONSTRAINT checklist_regle_plate_lisibilite_graduations_check CHECK (((lisibilite_graduations)::text = ANY ((ARRAY['CONFORME'::character varying, 'NON_CONFORME'::character varying, 'NON_VERIFIE'::character varying])::text[]))),
    CONSTRAINT checklist_regle_plate_precision_mesure_check CHECK (((precision_mesure)::text = ANY ((ARRAY['CONFORME'::character varying, 'NON_CONFORME'::character varying, 'NON_VERIFIE'::character varying])::text[]))),
    CONSTRAINT checklist_regle_plate_proprete_check CHECK (((proprete)::text = ANY ((ARRAY['CONFORME'::character varying, 'NON_CONFORME'::character varying, 'NON_VERIFIE'::character varying])::text[]))),
    CONSTRAINT checklist_regle_plate_statut_check CHECK (((statut)::text = ANY ((ARRAY['CONFORME'::character varying, 'NON_CONFORME'::character varying, 'NON_VERIFIE'::character varying])::text[])))
);


ALTER TABLE public.checklist_regle_plate OWNER TO postgres;

--
-- TOC entry 254 (class 1259 OID 49238)
-- Name: checklist_regle_plate_id_seq; Type: SEQUENCE; Schema: public; Owner: postgres
--

ALTER TABLE public.checklist_regle_plate ALTER COLUMN id ADD GENERATED BY DEFAULT AS IDENTITY (
    SEQUENCE NAME public.checklist_regle_plate_id_seq
    START WITH 1
    INCREMENT BY 1
    NO MINVALUE
    NO MAXVALUE
    CACHE 1
);


--
-- TOC entry 273 (class 1259 OID 73794)
-- Name: client; Type: TABLE; Schema: public; Owner: postgres
--

CREATE TABLE public.client (
    id integer NOT NULL,
    actif boolean NOT NULL,
    code character varying(20),
    couleur character varying(30),
    description character varying(500),
    logo_url character varying(255),
    nom character varying(100) NOT NULL,
    pays_origine character varying(100),
    est_groupe boolean DEFAULT false NOT NULL
);


ALTER TABLE public.client OWNER TO postgres;

--
-- TOC entry 272 (class 1259 OID 73793)
-- Name: client_id_seq; Type: SEQUENCE; Schema: public; Owner: postgres
--

ALTER TABLE public.client ALTER COLUMN id ADD GENERATED BY DEFAULT AS IDENTITY (
    SEQUENCE NAME public.client_id_seq
    START WITH 1
    INCREMENT BY 1
    NO MINVALUE
    NO MAXVALUE
    CACHE 1
);


--
-- TOC entry 278 (class 1259 OID 122946)
-- Name: client_lien; Type: TABLE; Schema: public; Owner: postgres
--

CREATE TABLE public.client_lien (
    id integer NOT NULL,
    client_membre_id integer NOT NULL,
    client_parent_id integer NOT NULL
);


ALTER TABLE public.client_lien OWNER TO postgres;

--
-- TOC entry 277 (class 1259 OID 122945)
-- Name: client_lien_id_seq; Type: SEQUENCE; Schema: public; Owner: postgres
--

ALTER TABLE public.client_lien ALTER COLUMN id ADD GENERATED BY DEFAULT AS IDENTITY (
    SEQUENCE NAME public.client_lien_id_seq
    START WITH 1
    INCREMENT BY 1
    NO MINVALUE
    NO MAXVALUE
    CACHE 1
);


--
-- TOC entry 276 (class 1259 OID 106618)
-- Name: demande_extension; Type: TABLE; Schema: public; Owner: postgres
--

CREATE TABLE public.demande_extension (
    id bigint NOT NULL,
    created_at timestamp(6) without time zone,
    delai_demande date,
    description text,
    raison_type character varying(50) NOT NULL,
    statut character varying(20),
    traite_at timestamp(6) without time zone,
    audit_id bigint NOT NULL,
    auditeur_id integer,
    expert_id integer
);


ALTER TABLE public.demande_extension OWNER TO postgres;

--
-- TOC entry 275 (class 1259 OID 106617)
-- Name: demande_extension_id_seq; Type: SEQUENCE; Schema: public; Owner: postgres
--

ALTER TABLE public.demande_extension ALTER COLUMN id ADD GENERATED BY DEFAULT AS IDENTITY (
    SEQUENCE NAME public.demande_extension_id_seq
    START WITH 1
    INCREMENT BY 1
    NO MINVALUE
    NO MAXVALUE
    CACHE 1
);


--
-- TOC entry 269 (class 1259 OID 57651)
-- Name: fiche_reparation; Type: TABLE; Schema: public; Owner: postgres
--

CREATE TABLE public.fiche_reparation (
    id bigint NOT NULL,
    date_creation timestamp(6) without time zone NOT NULL,
    date_modification timestamp(6) without time zone,
    statut character varying(255) NOT NULL,
    audit_id bigint NOT NULL,
    cree_par_id integer,
    date_dernier_envoi timestamp(6) without time zone,
    token_en_cours character varying(36),
    token_valider character varying(36),
    zone_affectee character varying(50),
    origine_nc character varying(100),
    code_article character varying(200),
    description_nc character varying(4000),
    remarques_optionnelles character varying(2000),
    destinataires_json text,
    valide boolean DEFAULT false,
    date_validation timestamp without time zone,
    descriptionnc character varying(4000),
    originenc character varying(100),
    action_corrective character varying(2000),
    cause_racine character varying(1000),
    commentaire_chef character varying(500),
    commentaire_expert character varying(500),
    commentaires character varying(2000),
    date_validation_chef timestamp(6) without time zone,
    date_validation_expert timestamp(6) without time zone,
    delai_reparation date,
    email_externe character varying(200),
    emails_externes_liste character varying(1000),
    pieces_jointes_urls character varying(500),
    probleme character varying(2000),
    responsable_action character varying(200),
    valide_par_chef boolean,
    valide_par_expert boolean,
    chef_service_id integer,
    expert_id integer,
    CONSTRAINT fiche_reparation_statut_check CHECK (((statut)::text = ANY ((ARRAY['EN_ATTENTE'::character varying, 'EN_COURS_TRAITEMENT'::character varying, 'VALIDEE'::character varying, 'REJETEE'::character varying])::text[])))
);


ALTER TABLE public.fiche_reparation OWNER TO postgres;

--
-- TOC entry 268 (class 1259 OID 57650)
-- Name: fiche_reparation_id_seq; Type: SEQUENCE; Schema: public; Owner: postgres
--

ALTER TABLE public.fiche_reparation ALTER COLUMN id ADD GENERATED BY DEFAULT AS IDENTITY (
    SEQUENCE NAME public.fiche_reparation_id_seq
    START WITH 1
    INCREMENT BY 1
    NO MINVALUE
    NO MAXVALUE
    CACHE 1
);


--
-- TOC entry 232 (class 1259 OID 24818)
-- Name: historique; Type: TABLE; Schema: public; Owner: postgres
--

CREATE TABLE public.historique (
    id bigint NOT NULL,
    date_action timestamp(6) without time zone NOT NULL,
    details character varying(1000),
    metadata_json text,
    score_snapshot double precision,
    type character varying(255) NOT NULL,
    certification_id bigint,
    cible_id integer,
    question_id bigint,
    session_test_id bigint,
    test_theorique_id bigint,
    utilisateur_id integer NOT NULL,
    audit_id bigint,
    plant_id integer,
    CONSTRAINT historique_type_check CHECK (((type)::text = ANY ((ARRAY['CONNEXION'::character varying, 'DECONNEXION'::character varying, 'INSCRIPTION'::character varying, 'MOT_DE_PASSE_CHANGE'::character varying, 'COMPTE_ACTIVE'::character varying, 'COMPTE_DESACTIVE'::character varying, 'UTILISATEUR_CREE'::character varying, 'UTILISATEUR_MODIFIE'::character varying, 'UTILISATEUR_SUPPRIME'::character varying, 'ROLE_CHANGE'::character varying, 'TEST_CREE'::character varying, 'TEST_MODIFIE'::character varying, 'TEST_ACTIVE'::character varying, 'TEST_DESACTIVE'::character varying, 'TEST_SUPPRIME'::character varying, 'QUESTION_AJOUTEE'::character varying, 'QUESTION_MODIFIEE'::character varying, 'QUESTION_SUPPRIMEE'::character varying, 'SESSION_DEMARREE'::character varying, 'QUESTION_REPONDUE'::character varying, 'QUESTION_EXPIREE'::character varying, 'SESSION_PARTIE1_TERMINEE'::character varying, 'SESSION_TERMINEE'::character varying, 'THEORIQUE_REUSSI'::character varying, 'THEORIQUE_ECHOUE'::character varying, 'BLOQUE'::character varying, 'DEBLOQUE'::character varying, 'CABLAGE_SAISI'::character varying, 'RAPPORT_SOUMIS'::character varying, 'PRATIQUE_REUSSI'::character varying, 'PRATIQUE_ECHOUE'::character varying, 'CERTIF_SCORE_CALCULE'::character varying, 'CERTIFICAT_GENERE'::character varying, 'CERTIFICAT_SIGNE_EXPERT'::character varying, 'CERTIFICAT_SIGNE_CHEF'::character varying, 'CERTIFICAT_ENVOYE'::character varying, 'CERTIFICAT_TELECHARGE'::character varying, 'EXPIRATION_NOTIF_30J'::character varying, 'EXPIRATION_NOTIF_7J'::character varying, 'CERTIFICATION_EXPIREE'::character varying, 'RECERTIFICATION_DEMARREE'::character varying, 'AUDIT_PLANIFIE'::character varying, 'AUDIT_DEMARRE'::character varying, 'AUDIT_TERMINE'::character varying, 'AUDIT_ANNULE'::character varying, 'AUDIT_PDCA_DECLENCHE'::character varying, 'AUDIT_REGLE_PLATE'::character varying, 'AUDIT_MAGASIN_EXPORT'::character varying, 'AUDIT_RAPPORT_UPLOADE'::character varying, 'AUDIT'::character varying, 'AUDIT_MODIFIE'::character varying, 'AUDIT_REASSIGNE'::character varying, 'PLANIFICATION_LANCEE_PAR_AUDITEUR'::character varying])::text[])))
);


ALTER TABLE public.historique OWNER TO postgres;

--
-- TOC entry 231 (class 1259 OID 24817)
-- Name: historique_id_seq; Type: SEQUENCE; Schema: public; Owner: postgres
--

ALTER TABLE public.historique ALTER COLUMN id ADD GENERATED BY DEFAULT AS IDENTITY (
    SEQUENCE NAME public.historique_id_seq
    START WITH 1
    INCREMENT BY 1
    NO MINVALUE
    NO MAXVALUE
    CACHE 1
);


--
-- TOC entry 257 (class 1259 OID 49253)
-- Name: non_conformite_audit; Type: TABLE; Schema: public; Owner: postgres
--

CREATE TABLE public.non_conformite_audit (
    id bigint NOT NULL,
    action_corrective character varying(1000),
    code_defaut character varying(50),
    date_creation timestamp(6) without time zone NOT NULL,
    description character varying(500) NOT NULL,
    photo_url character varying(500),
    points integer NOT NULL,
    quantite integer NOT NULL,
    total_points integer,
    type_defaut character varying(200),
    zone character varying(200),
    audit_id bigint NOT NULL
);


ALTER TABLE public.non_conformite_audit OWNER TO postgres;

--
-- TOC entry 256 (class 1259 OID 49252)
-- Name: non_conformite_audit_id_seq; Type: SEQUENCE; Schema: public; Owner: postgres
--

ALTER TABLE public.non_conformite_audit ALTER COLUMN id ADD GENERATED BY DEFAULT AS IDENTITY (
    SEQUENCE NAME public.non_conformite_audit_id_seq
    START WITH 1
    INCREMENT BY 1
    NO MINVALUE
    NO MAXVALUE
    CACHE 1
);


--
-- TOC entry 218 (class 1259 OID 24693)
-- Name: notification; Type: TABLE; Schema: public; Owner: postgres
--

CREATE TABLE public.notification (
    id bigint NOT NULL,
    date_envoye timestamp(6) without time zone,
    lu boolean,
    message character varying(1000),
    origine character varying(255),
    type character varying(255),
    utilisateur_id integer,
    lue boolean NOT NULL,
    date_creation timestamp(6) without time zone NOT NULL,
    date_lecture timestamp(6) without time zone,
    lien_action character varying(300),
    priorite character varying(255) NOT NULL,
    titre character varying(200),
    certificat_id bigint,
    certification_id bigint,
    destinataire_id integer NOT NULL,
    expediteur_id integer,
    lien_navigation character varying(255)
);


ALTER TABLE public.notification OWNER TO postgres;

--
-- TOC entry 217 (class 1259 OID 24692)
-- Name: notification_id_seq; Type: SEQUENCE; Schema: public; Owner: postgres
--

ALTER TABLE public.notification ALTER COLUMN id ADD GENERATED BY DEFAULT AS IDENTITY (
    SEQUENCE NAME public.notification_id_seq
    START WITH 1
    INCREMENT BY 1
    NO MINVALUE
    NO MAXVALUE
    CACHE 1
);


--
-- TOC entry 245 (class 1259 OID 25013)
-- Name: passage_certification; Type: TABLE; Schema: public; Owner: postgres
--

CREATE TABLE public.passage_certification (
    id bigint NOT NULL,
    date_deblocage timestamp(6) without time zone,
    date_debut timestamp(6) without time zone,
    date_fin timestamp(6) without time zone,
    date_pratique timestamp(6) without time zone,
    date_theorique timestamp(6) without time zone,
    nb_defauts_identifies integer,
    nb_defauts_total integer,
    pratique_reussi boolean,
    rapport_pratique_json text,
    score_theorique integer,
    statut character varying(255) NOT NULL,
    theorique_reussi boolean,
    auditeur_id integer NOT NULL,
    certificat_id bigint,
    certification_id bigint NOT NULL,
    session_test_id bigint,
    nb_tentatives_pratique integer DEFAULT 0,
    nb_tentatives_theorique integer DEFAULT 0 NOT NULL,
    score_expert_saisi double precision,
    cause_deblocage text,
    date_deblocage_manuel timestamp(6) without time zone,
    certificat_envoye_chef boolean,
    certificat_pdf_path character varying(255),
    commentaire_chef text,
    date_generation_certif timestamp(6) without time zone,
    date_validation_chef timestamp(6) without time zone,
    remarque_expert text,
    statut_certificat character varying(255),
    chef_validateur_id integer,
    expert_generateur_id integer
);


ALTER TABLE public.passage_certification OWNER TO postgres;

--
-- TOC entry 244 (class 1259 OID 25012)
-- Name: passage_certification_id_seq; Type: SEQUENCE; Schema: public; Owner: postgres
--

ALTER TABLE public.passage_certification ALTER COLUMN id ADD GENERATED BY DEFAULT AS IDENTITY (
    SEQUENCE NAME public.passage_certification_id_seq
    START WITH 1
    INCREMENT BY 1
    NO MINVALUE
    NO MAXVALUE
    CACHE 1
);


--
-- TOC entry 259 (class 1259 OID 57410)
-- Name: plan_action; Type: TABLE; Schema: public; Owner: postgres
--

CREATE TABLE public.plan_action (
    id bigint NOT NULL,
    action_corrective character varying(2000),
    cause_racine character varying(1000),
    commentaire_efficacite character varying(1000),
    date_cloture date,
    date_creation timestamp(6) without time zone NOT NULL,
    date_echeance date NOT NULL,
    date_modification timestamp(6) without time zone,
    description character varying(2000),
    efficace boolean,
    statut character varying(255) NOT NULL,
    titre character varying(500) NOT NULL,
    audit_id bigint NOT NULL,
    non_conformite_id bigint,
    responsable_id integer,
    act character varying(2000),
    check_ character varying(2000),
    date_dernier_envoi timestamp(6) without time zone,
    do_ character varying(2000),
    email_externe character varying(200),
    planifier character varying(2000),
    token_en_cours character varying(36),
    token_valider character varying(36),
    CONSTRAINT plan_action_statut_check CHECK (((statut)::text = ANY ((ARRAY['OUVERT'::character varying, 'EN_COURS'::character varying, 'FERME'::character varying, 'RESOLU'::character varying, 'ANNULE'::character varying])::text[])))
);


ALTER TABLE public.plan_action OWNER TO postgres;

--
-- TOC entry 258 (class 1259 OID 57409)
-- Name: plan_action_id_seq; Type: SEQUENCE; Schema: public; Owner: postgres
--

ALTER TABLE public.plan_action ALTER COLUMN id ADD GENERATED BY DEFAULT AS IDENTITY (
    SEQUENCE NAME public.plan_action_id_seq
    START WITH 1
    INCREMENT BY 1
    NO MINVALUE
    NO MAXVALUE
    CACHE 1
);


--
-- TOC entry 261 (class 1259 OID 57419)
-- Name: planification_audit; Type: TABLE; Schema: public; Owner: postgres
--

CREATE TABLE public.planification_audit (
    id bigint NOT NULL,
    date_creation timestamp(6) without time zone NOT NULL,
    date_debut date NOT NULL,
    date_fin date NOT NULL,
    date_lancement timestamp(6) without time zone,
    date_modification timestamp(6) without time zone,
    description character varying(1000),
    fichier_changements_techniques_nom character varying(500),
    fichier_planification_nom character varying(500),
    fichier_reclamations_nom character varying(500),
    mode character varying(30) NOT NULL,
    nom character varying(100) NOT NULL,
    nombre_audits_en_retard integer,
    nombre_audits_termines integer,
    nombre_audits_total integer,
    statut character varying(255) NOT NULL,
    createur_id integer NOT NULL,
    segment_id integer,
    CONSTRAINT planification_audit_mode_check CHECK (((mode)::text = ANY ((ARRAY['IMPORT_EXCEL'::character varying, 'GENERATION_IA'::character varying])::text[]))),
    CONSTRAINT planification_audit_statut_check CHECK (((statut)::text = ANY ((ARRAY['BROUILLON'::character varying, 'LANCE'::character varying, 'TERMINE'::character varying, 'ANNULE'::character varying])::text[])))
);


ALTER TABLE public.planification_audit OWNER TO postgres;

--
-- TOC entry 260 (class 1259 OID 57418)
-- Name: planification_audit_id_seq; Type: SEQUENCE; Schema: public; Owner: postgres
--

ALTER TABLE public.planification_audit ALTER COLUMN id ADD GENERATED BY DEFAULT AS IDENTITY (
    SEQUENCE NAME public.planification_audit_id_seq
    START WITH 1
    INCREMENT BY 1
    NO MINVALUE
    NO MAXVALUE
    CACHE 1
);


--
-- TOC entry 220 (class 1259 OID 24701)
-- Name: plant; Type: TABLE; Schema: public; Owner: postgres
--

CREATE TABLE public.plant (
    id integer NOT NULL,
    nom character varying(100),
    site_id integer NOT NULL,
    client_nom character varying(100),
    code character varying(20),
    description character varying(500),
    actif boolean DEFAULT true NOT NULL
);


ALTER TABLE public.plant OWNER TO postgres;

--
-- TOC entry 219 (class 1259 OID 24700)
-- Name: plant_id_seq; Type: SEQUENCE; Schema: public; Owner: postgres
--

ALTER TABLE public.plant ALTER COLUMN id ADD GENERATED BY DEFAULT AS IDENTITY (
    SEQUENCE NAME public.plant_id_seq
    START WITH 1
    INCREMENT BY 1
    NO MINVALUE
    NO MAXVALUE
    CACHE 1
);


--
-- TOC entry 249 (class 1259 OID 32834)
-- Name: projet; Type: TABLE; Schema: public; Owner: postgres
--

CREATE TABLE public.projet (
    id integer NOT NULL,
    description character varying(255),
    nom character varying(255),
    segment_id integer NOT NULL
);


ALTER TABLE public.projet OWNER TO postgres;

--
-- TOC entry 248 (class 1259 OID 32833)
-- Name: projet_id_seq; Type: SEQUENCE; Schema: public; Owner: postgres
--

ALTER TABLE public.projet ALTER COLUMN id ADD GENERATED BY DEFAULT AS IDENTITY (
    SEQUENCE NAME public.projet_id_seq
    START WITH 1
    INCREMENT BY 1
    NO MINVALUE
    NO MAXVALUE
    CACHE 1
);


--
-- TOC entry 234 (class 1259 OID 24836)
-- Name: question_test; Type: TABLE; Schema: public; Owner: postgres
--

CREATE TABLE public.question_test (
    id bigint NOT NULL,
    bonne_reponse_image character varying(255),
    bonne_reponse_index integer,
    chrono_secondes integer NOT NULL,
    dans_pool boolean,
    defauts_disponibles_json text,
    enonce text,
    image_url character varying(255),
    ordre integer NOT NULL,
    points integer NOT NULL,
    type character varying(255) NOT NULL,
    test_theorique_id bigint,
    type_reponse_image character varying(10),
    CONSTRAINT question_test_type_check CHECK (((type)::text = ANY ((ARRAY['IMAGE_DEFAUT'::character varying, 'QCM'::character varying])::text[])))
);


ALTER TABLE public.question_test OWNER TO postgres;

--
-- TOC entry 274 (class 1259 OID 98369)
-- Name: question_test_bonnes_reponses; Type: TABLE; Schema: public; Owner: postgres
--

CREATE TABLE public.question_test_bonnes_reponses (
    question_id bigint NOT NULL,
    reponse_index integer
);


ALTER TABLE public.question_test_bonnes_reponses OWNER TO postgres;

--
-- TOC entry 233 (class 1259 OID 24835)
-- Name: question_test_id_seq; Type: SEQUENCE; Schema: public; Owner: postgres
--

ALTER TABLE public.question_test ALTER COLUMN id ADD GENERATED BY DEFAULT AS IDENTITY (
    SEQUENCE NAME public.question_test_id_seq
    START WITH 1
    INCREMENT BY 1
    NO MINVALUE
    NO MAXVALUE
    CACHE 1
);


--
-- TOC entry 235 (class 1259 OID 24844)
-- Name: question_test_options; Type: TABLE; Schema: public; Owner: postgres
--

CREATE TABLE public.question_test_options (
    question_id bigint NOT NULL,
    option_texte character varying(255)
);


ALTER TABLE public.question_test_options OWNER TO postgres;

--
-- TOC entry 282 (class 1259 OID 131140)
-- Name: rapport_mensuel; Type: TABLE; Schema: public; Owner: postgres
--

CREATE TABLE public.rapport_mensuel (
    id bigint NOT NULL,
    annee integer NOT NULL,
    date_generation timestamp(6) without time zone,
    excel_url character varying(1000),
    mois integer NOT NULL,
    nombre_audits integer NOT NULL,
    pdf_url character varying(1000),
    genere_par_id integer,
    plant_id integer NOT NULL
);


ALTER TABLE public.rapport_mensuel OWNER TO postgres;

--
-- TOC entry 281 (class 1259 OID 131139)
-- Name: rapport_mensuel_id_seq; Type: SEQUENCE; Schema: public; Owner: postgres
--

ALTER TABLE public.rapport_mensuel ALTER COLUMN id ADD GENERATED BY DEFAULT AS IDENTITY (
    SEQUENCE NAME public.rapport_mensuel_id_seq
    START WITH 1
    INCREMENT BY 1
    NO MINVALUE
    NO MAXVALUE
    CACHE 1
);


--
-- TOC entry 237 (class 1259 OID 24848)
-- Name: rapport_pratique; Type: TABLE; Schema: public; Owner: postgres
--

CREATE TABLE public.rapport_pratique (
    id bigint NOT NULL,
    date_soumission timestamp(6) without time zone,
    defauts_correctement_identifies integer,
    lignes_json text,
    score double precision,
    soumis boolean,
    total_defauts integer,
    certification_id bigint NOT NULL
);


ALTER TABLE public.rapport_pratique OWNER TO postgres;

--
-- TOC entry 236 (class 1259 OID 24847)
-- Name: rapport_pratique_id_seq; Type: SEQUENCE; Schema: public; Owner: postgres
--

ALTER TABLE public.rapport_pratique ALTER COLUMN id ADD GENERATED BY DEFAULT AS IDENTITY (
    SEQUENCE NAME public.rapport_pratique_id_seq
    START WITH 1
    INCREMENT BY 1
    NO MINVALUE
    NO MAXVALUE
    CACHE 1
);


--
-- TOC entry 239 (class 1259 OID 24856)
-- Name: reponse_session; Type: TABLE; Schema: public; Owner: postgres
--

CREATE TABLE public.reponse_session (
    id bigint NOT NULL,
    correcte boolean,
    date_reponse timestamp(6) without time zone,
    expiree boolean,
    numero_question integer,
    points_obtenus integer,
    reponse_index integer,
    reponse_texte character varying(255),
    temps_utilise integer,
    question_id bigint NOT NULL,
    session_id bigint NOT NULL
);


ALTER TABLE public.reponse_session OWNER TO postgres;

--
-- TOC entry 238 (class 1259 OID 24855)
-- Name: reponse_session_id_seq; Type: SEQUENCE; Schema: public; Owner: postgres
--

ALTER TABLE public.reponse_session ALTER COLUMN id ADD GENERATED BY DEFAULT AS IDENTITY (
    SEQUENCE NAME public.reponse_session_id_seq
    START WITH 1
    INCREMENT BY 1
    NO MINVALUE
    NO MAXVALUE
    CACHE 1
);


--
-- TOC entry 251 (class 1259 OID 32842)
-- Name: segment; Type: TABLE; Schema: public; Owner: postgres
--

CREATE TABLE public.segment (
    id integer NOT NULL,
    nom character varying(255),
    plant_id integer NOT NULL,
    code character varying(20)
);


ALTER TABLE public.segment OWNER TO postgres;

--
-- TOC entry 250 (class 1259 OID 32841)
-- Name: segment_id_seq; Type: SEQUENCE; Schema: public; Owner: postgres
--

ALTER TABLE public.segment ALTER COLUMN id ADD GENERATED BY DEFAULT AS IDENTITY (
    SEQUENCE NAME public.segment_id_seq
    START WITH 1
    INCREMENT BY 1
    NO MINVALUE
    NO MAXVALUE
    CACHE 1
);


--
-- TOC entry 263 (class 1259 OID 57429)
-- Name: serie; Type: TABLE; Schema: public; Owner: postgres
--

CREATE TABLE public.serie (
    id integer NOT NULL,
    actif boolean NOT NULL,
    code character varying(50),
    description character varying(500),
    domaine character varying(50),
    famille_cablage character varying(200),
    nom character varying(100) NOT NULL,
    projet_id integer NOT NULL
);


ALTER TABLE public.serie OWNER TO postgres;

--
-- TOC entry 262 (class 1259 OID 57428)
-- Name: serie_id_seq; Type: SEQUENCE; Schema: public; Owner: postgres
--

ALTER TABLE public.serie ALTER COLUMN id ADD GENERATED BY DEFAULT AS IDENTITY (
    SEQUENCE NAME public.serie_id_seq
    START WITH 1
    INCREMENT BY 1
    NO MINVALUE
    NO MAXVALUE
    CACHE 1
);


--
-- TOC entry 241 (class 1259 OID 24862)
-- Name: session_test; Type: TABLE; Schema: public; Owner: postgres
--

CREATE TABLE public.session_test (
    id bigint NOT NULL,
    date_debut timestamp(6) without time zone,
    date_fin timestamp(6) without time zone,
    numero_tentative integer NOT NULL,
    partie_actuelle integer,
    points_obtenus integer,
    points_total integer,
    question_actuelle integer,
    questions_part2_ids_json text,
    reussi boolean,
    score_part1 double precision,
    score_part2 double precision,
    score_total double precision,
    statut character varying(255) NOT NULL,
    auditeur_id integer NOT NULL,
    test_theorique_id bigint NOT NULL,
    questions_part1_ids_json text,
    CONSTRAINT session_test_statut_check CHECK (((statut)::text = ANY ((ARRAY['EN_COURS'::character varying, 'PARTIE1_TERMINEE'::character varying, 'TERMINE'::character varying, 'EXPIRE_TEMPS'::character varying, 'ABANDONNE'::character varying])::text[])))
);


ALTER TABLE public.session_test OWNER TO postgres;

--
-- TOC entry 240 (class 1259 OID 24861)
-- Name: session_test_id_seq; Type: SEQUENCE; Schema: public; Owner: postgres
--

ALTER TABLE public.session_test ALTER COLUMN id ADD GENERATED BY DEFAULT AS IDENTITY (
    SEQUENCE NAME public.session_test_id_seq
    START WITH 1
    INCREMENT BY 1
    NO MINVALUE
    NO MAXVALUE
    CACHE 1
);


--
-- TOC entry 222 (class 1259 OID 24707)
-- Name: site; Type: TABLE; Schema: public; Owner: postgres
--

CREATE TABLE public.site (
    id integer NOT NULL,
    localisation character varying(200),
    nom character varying(100),
    direct_hc integer,
    indirect_hc integer,
    number_of_plants integer,
    production_space_m2 integer,
    total_hc integer,
    total_space_m2 integer,
    plant_id integer
);


ALTER TABLE public.site OWNER TO postgres;

--
-- TOC entry 221 (class 1259 OID 24706)
-- Name: site_id_seq; Type: SEQUENCE; Schema: public; Owner: postgres
--

ALTER TABLE public.site ALTER COLUMN id ADD GENERATED BY DEFAULT AS IDENTITY (
    SEQUENCE NAME public.site_id_seq
    START WITH 1
    INCREMENT BY 1
    NO MINVALUE
    NO MAXVALUE
    CACHE 1
);


--
-- TOC entry 247 (class 1259 OID 25022)
-- Name: test_pratique; Type: TABLE; Schema: public; Owner: postgres
--

CREATE TABLE public.test_pratique (
    id bigint NOT NULL,
    actif boolean NOT NULL,
    date_activation timestamp(6) without time zone,
    date_creation timestamp(6) without time zone,
    description character varying(255),
    titre character varying(255) NOT NULL,
    expert_id integer NOT NULL,
    test_theorique_id bigint,
    seuil_reussite integer NOT NULL
);


ALTER TABLE public.test_pratique OWNER TO postgres;

--
-- TOC entry 246 (class 1259 OID 25021)
-- Name: test_pratique_id_seq; Type: SEQUENCE; Schema: public; Owner: postgres
--

ALTER TABLE public.test_pratique ALTER COLUMN id ADD GENERATED BY DEFAULT AS IDENTITY (
    SEQUENCE NAME public.test_pratique_id_seq
    START WITH 1
    INCREMENT BY 1
    NO MINVALUE
    NO MAXVALUE
    CACHE 1
);


--
-- TOC entry 243 (class 1259 OID 24871)
-- Name: test_theorique; Type: TABLE; Schema: public; Owner: postgres
--

CREATE TABLE public.test_theorique (
    id bigint NOT NULL,
    actif boolean NOT NULL,
    date_activation timestamp(6) without time zone,
    date_creation timestamp(6) without time zone NOT NULL,
    description character varying(500),
    nb_sessions integer,
    seuil_reussite integer NOT NULL,
    titre character varying(255) NOT NULL,
    expert_id integer NOT NULL
);


ALTER TABLE public.test_theorique OWNER TO postgres;

--
-- TOC entry 242 (class 1259 OID 24870)
-- Name: test_theorique_id_seq; Type: SEQUENCE; Schema: public; Owner: postgres
--

ALTER TABLE public.test_theorique ALTER COLUMN id ADD GENERATED BY DEFAULT AS IDENTITY (
    SEQUENCE NAME public.test_theorique_id_seq
    START WITH 1
    INCREMENT BY 1
    NO MINVALUE
    NO MAXVALUE
    CACHE 1
);


--
-- TOC entry 224 (class 1259 OID 24715)
-- Name: utilisateur; Type: TABLE; Schema: public; Owner: postgres
--

CREATE TABLE public.utilisateur (
    id integer NOT NULL,
    actif boolean NOT NULL,
    email character varying(255),
    matricule character varying(255) NOT NULL,
    mot_de_passe character varying(255),
    nom character varying(255),
    prenom character varying(255),
    role character varying(255) NOT NULL,
    site_id integer,
    recevoir_notifications boolean,
    telephone character varying(255),
    plant_id integer,
    peut_creer_certif boolean DEFAULT false,
    date_creation timestamp without time zone NOT NULL,
    reset_token character varying(255),
    reset_token_expiry timestamp(6) with time zone,
    email_notifications_types character varying(500),
    langue character varying(255) DEFAULT 'fr'::character varying NOT NULL,
    mode_compact boolean DEFAULT false NOT NULL,
    theme character varying(255) DEFAULT 'LIGHT'::character varying NOT NULL,
    timezone character varying(255) DEFAULT 'Africa/Tunis'::character varying NOT NULL,
    animations boolean DEFAULT true NOT NULL,
    date_format character varying(255),
    email_notifications_actif boolean DEFAULT false NOT NULL,
    CONSTRAINT utilisateur_role_check CHECK (((role)::text = ANY ((ARRAY['ADMIN'::character varying, 'AUDITEUR'::character varying, 'CHEF_SERVICE'::character varying, 'RESPONSABLE_QUALITE_CENTRALE'::character varying, 'EXPERT_PRODUCT_AUDIT'::character varying])::text[])))
);


ALTER TABLE public.utilisateur OWNER TO postgres;

--
-- TOC entry 223 (class 1259 OID 24714)
-- Name: utilisateur_id_seq; Type: SEQUENCE; Schema: public; Owner: postgres
--

ALTER TABLE public.utilisateur ALTER COLUMN id ADD GENERATED BY DEFAULT AS IDENTITY (
    SEQUENCE NAME public.utilisateur_id_seq
    START WITH 1
    INCREMENT BY 1
    NO MINVALUE
    NO MAXVALUE
    CACHE 1
);


--
-- TOC entry 5344 (class 0 OID 57636)
-- Dependencies: 265
-- Data for Name: annexe_config; Type: TABLE DATA; Schema: public; Owner: postgres
--

COPY public.annexe_config (id, commune_tous_plants, libelle, obligatoire, ordre_affichage, porteurqk, prioriteqk, type_annexe, plant_id) FROM stdin;
\.


--
-- TOC entry 5332 (class 0 OID 49228)
-- Dependencies: 253
-- Data for Name: audit; Type: TABLE DATA; Schema: public; Owner: postgres
--

COPY public.audit (id, action_immediate, date_creation, date_modification, date_pdca, date_prevue, date_realisation, destination_export, domaine, facteur, famille_cablage, nature_audit, nombre_composants, numero_rapport, observations, pdca_declenche, qk_depasse_seuil, rapport_url, reference, statut, total_points, type_audit, valeurqk, zone_expedition, auditeur_id, planificateur_id, plant_id, projet_id, responsable_pdca_id, segment_id, site_id, date_envoi, deadline, rapport_fichier_nom, termine_par_auditeur, planification_id, serie_id, couleurqk, rapport_genere, rapport_genere_pdf_url, statut_avant_retard, salle_export, date_prochaine_verification, date_validation_magasin, semaine_export, valide_par_responsable_magasin, responsable_magasin_id, bmw_no, projet_label, serie_label, variant_no, checklist_json, scores_json) FROM stdin;
47	\N	2026-05-07 23:37:19.382287	2026-06-25 19:15:31.54385	\N	2026-02-01	\N	\N	BMW	\N	PDC HI G20 G28 M-PAKET	NON_DESTRUCTIF	\N	\N	\N	f	t	/uploads/rapports-audit/rapport_47_1782409131072.pdf	AP-2026-016	EN_COURS	\N	AUDIT_PRODUIT	0.2	\N	5	1	7	1	\N	3	8	2026-06-25 19:15:31.54385	2026-07-14	rapport_audit_audit_20260625_191531.pdf	f	37	\N	VERT	t	C:\\Users\\zaine\\OneDrive\\Bureau\\dev\\pap\\uploads\\rapport\\rapport_audit_audit_20260625_191531.pdf	\N	\N	\N	\N	\N	f	\N	P00812428001	BMW G2X	PDC HI G20/G28 M-PAKET	5A5C313	\N	\N
122	Résultat : 100%	2026-05-11 14:14:04.479633	2026-05-13 20:41:33.179087	\N	2026-05-11	2026-05-13	\N	\N	\N	\N	\N	\N	\N		f	f	\N	audit export_HAMMOUDA zaineb_11-05-2026	TERMINE	\N	AUDIT_MAGASIN_EXPORT	\N	hkdh:eb :	2	1	7	\N	\N	\N	\N	\N	\N	\N	\N	\N	\N	\N	t	\N	\N	\N	\N	\N	hebh	f	\N	\N	\N	\N	\N	\N	\N
145	\N	2026-06-25 22:38:51.480402	2026-07-01 20:53:47.669751	\N	2026-09-01	\N	\N	BMW	\N	ADAPTER HBL G21	DESTRUCTIF	\N	\N	\N	f	f	\N	AP-2026-090	PLANIFIE	\N	AUDIT_PRODUIT	\N	\N	2	1	7	1	\N	3	8	\N	2026-07-23	\N	f	68	\N	\N	f	\N	\N	\N	\N	\N	\N	f	\N	P00850200001	BMW G2X	ADAPTER HBL G21	8709219-01	\N	\N
146	\N	2026-06-25 22:38:53.784563	2026-07-01 21:03:36.338044	\N	2026-11-01	\N	\N	BMW	\N	ZB LTG EKMV AWD G26 BEV	NON_DESTRUCTIF	\N	\N	\N	f	f	\N	AP-2026-091	PLANIFIE	\N	AUDIT_PRODUIT	\N	\N	2	1	7	1	\N	3	8	\N	2026-07-31	\N	f	68	\N	\N	f	\N	\N	\N	\N	\N	\N	f	\N	P01100300002	BMW G2X	ZB LTG EKMV AWD G26 BEV	5A86336B	\N	\N
154	\N	2026-06-30 12:20:22.251072	2026-07-03 19:44:04.130107	\N	2026-06-30	2026-07-03	\N	\N	\N	\N	\N	\N	\N		f	f	\N	audit regle plat_BMW Auditeur1__30-06-2026	TERMINE	\N	AUDIT_REGLES_PLATES	\N	\N	2	2	7	\N	\N	\N	8	\N	2026-09-30	\N	\N	\N	\N	\N	t	/uploads/rapports-audit/rapport_final_audit_regle_plat_BMW_Auditeur1__30-06-2026.pdf	\N	\N	2026-09-30	\N	\N	\N	\N	\N	\N	\N	\N	{"rows":[{"numeroInstrument":"52","typeInstrument":"REGLE_PLATE","emplacement":"zaineb","dateControle":"2026-07-03","nomControleur":"Auditeur1_ BMW","resultat":"conforme","prochaineDate":"2026-10-03","remarques":"R.A.S"}]}	\N
118	\N	2026-05-08 13:47:22.547162	2026-05-12 12:04:00.213311	\N	2026-04-01	\N	\N	BMW	\N	PDC HI G20 G28	NON_DESTRUCTIF	\N	\N	\N	f	f	\N	AP-2026-069	EN_COURS	\N	AUDIT_PRODUIT	\N	\N	5	1	7	1	\N	3	8	\N	2026-07-12	\N	f	42	\N	\N	f	\N	PLANIFIE	\N	\N	\N	\N	f	\N	P00780100001	BMW G2X	PDC HI G20/G28	5A5C310A	\N	\N
16	\N	2026-04-16 13:34:09.084484	2026-04-16 15:54:29.231428	\N	2026-04-16	2026-04-16	\N	\N	\N	\N	\N	\N	\N		f	f	\N	audit regle plat_HAMMOUDA zaineb_16-04-2026	TERMINE	\N	AUDIT_REGLES_PLATES	\N	\N	2	1	7	\N	\N	\N	8	\N	2026-07-16	\N	\N	\N	\N	\N	t	\N	\N	\N	2026-07-16	\N	\N	\N	\N	\N	\N	\N	\N	\N	\N
11	\N	2026-04-15 03:38:50.567938	2026-04-16 16:43:27.828011	\N	2026-04-15	2026-04-16	\N	\N	\N	\N	\N	\N	\N		f	f	\N	audit regle plat_HAMMOUDA zaineb_15-04-2026	TERMINE	\N	AUDIT_REGLES_PLATES	\N	\N	2	1	7	\N	\N	\N	8	\N	\N	\N	\N	\N	\N	\N	t	\N	\N	\N	\N	\N	\N	\N	\N	\N	\N	\N	\N	\N	\N
135	\N	2026-05-22 12:07:54.891781	\N	\N	2026-05-22	\N	\N	\N	\N	\N	\N	\N	\N		f	f	\N	audit regle plat_BMW Auditeur1__22-05-2026	PLANIFIE	\N	AUDIT_REGLES_PLATES	\N	\N	2	1	7	\N	\N	\N	8	\N	2026-08-22	\N	\N	\N	\N	\N	f	\N	\N	\N	2026-08-22	\N	\N	\N	\N	\N	\N	\N	\N	\N	\N
46	\N	2026-05-07 23:37:17.192523	2026-06-10 15:05:22.876422	\N	2026-02-01	\N	\N	BMW	\N	PDC HI G20 G28	NON_DESTRUCTIF	\N	\N	\N	f	f	\N	AP-2026-015	EN_COURS	\N	AUDIT_PRODUIT	\N	\N	5	1	7	1	\N	3	8	\N	2026-07-12	\N	f	37	\N	\N	f	\N	PLANIFIE	\N	\N	\N	\N	f	\N	P00812424001	BMW G2X	PDC HI G20/G28	5A5C310	\N	\N
56	\N	2026-05-07 23:37:39.230159	2026-06-25 11:38:19.156285	\N	2026-05-01	\N	\N	BMW	\N	ADAPTERKABEL HANDSCHUHFACH PU03	DESTRUCTIF	\N	\N	\N	f	f	\N	AP-2026-025	PLANIFIE	\N	AUDIT_PRODUIT	\N	\N	7	1	7	1	\N	3	8	\N	2026-09-05	\N	f	37	\N	\N	f	\N	\N	\N	\N	\N	\N	f	\N	P00816100001	BMW G2X	ADAPTERKABEL HANDSCHUHFACH PU0322	5A5E9F5-01	\N	\N
53	\N	2026-05-07 23:37:30.342845	2026-06-25 11:59:14.58034	\N	2026-04-01	\N	\N	BMW	\N	PDC PMA HINTEN J29	DESTRUCTIF	\N	\N	\N	f	f	\N	AP-2026-022	PLANIFIE	\N	AUDIT_PRODUIT	\N	\N	7	1	7	1	\N	3	8	\N	2026-07-31	\N	f	37	\N	\N	f	\N	\N	\N	\N	\N	\N	f	\N	P00380022001	BMW G2X	PDC/PMA HINTEN J29	8812576-01	\N	\N
127	\N	2026-05-20 02:11:09.792268	2026-07-11 14:00:27.419559	\N	2026-06-01	\N	\N	BMW	\N	ZB LTG Standheizung G2x	DESTRUCTIF	\N	\N	\N	f	f	\N	AP-2026-074	EN_COURS	\N	AUDIT_PRODUIT	0	\N	2	1	7	1	\N	3	8	\N	2026-07-17	\N	f	46	4	VERT	f	\N	\N	\N	\N	\N	\N	f	\N	P00900500001	BMW G2X	ZB LTG Standheizung G2x	8716327-01	\N	\N
48	\N	2026-05-07 23:37:21.657103	2026-06-25 12:06:02.473091	\N	2026-03-01	\N	\N	BMW	\N	PDC HI G21	NON_DESTRUCTIF	\N	\N	\N	f	f	\N	AP-2026-017	PLANIFIE	\N	AUDIT_PRODUIT	\N	\N	5	1	7	1	\N	3	8	\N	2026-08-09	\N	f	37	\N	\N	f	\N	\N	\N	\N	\N	\N	f	\N	P00812437001	BMW G2X	PDC HI G21	5A5C322	\N	\N
34	\N	2026-05-05 19:35:45.056654	2026-06-25 12:07:09.760986	\N	2026-02-01	\N	\N	BMW	\N	TUER FA G20 G21	DESTRUCTIF	\N	\N	\N	f	t	uploads/rapports-audit/rapport_34_1778030388090.pdf	AP-2026-006	EN_COURS	\N	AUDIT_PRODUIT	0.2	\N	5	1	7	1	\N	3	8	2026-05-06 02:19:48.09911	2026-07-21	rapport_34_1778030388090.pdf	f	36	\N	ORANGE	f	\N	EN_COURS	\N	\N	\N	\N	f	\N	P00631710001	BMW G2X	TUER FA G20/G21	5A20657	\N	\N
117	\N	2026-05-08 13:47:20.486765	2026-05-15 02:56:24.347841	2026-05-15 02:48:35.237743	2026-05-12	2026-05-15	\N	BMW	\N	TUER FA G20 G21	NON_DESTRUCTIF	\N	\N	\N	t	t	\N	AP-2026-068	TERMINE	\N	AUDIT_PRODUIT	0.7	\N	2	1	7	1	\N	3	8	2026-05-15 02:49:38.878161	2026-05-24	\N	f	42	\N	VERT	f	\N	\N	\N	\N	\N	\N	f	\N	P00631710001	BMW G2X	TUER FA G20/G21	5A20657	\N	\N
55	\N	2026-05-07 23:37:33.684793	2026-07-14 12:55:40.45071	\N	2026-01-01	2026-07-14	\N	BMW	\N	Adapter USB-HUB J29	DESTRUCTIF	\N	\N	\N	f	f	/uploads/rapports-audit/rapport_55_1784030122530.pdf	AP-2026-024	TERMINE	\N	AUDIT_PRODUIT	0	\N	7	1	7	1	\N	3	8	2026-07-14 12:55:38.422231	2026-07-25	rapport_audit_audit_20260714_125538.pdf	f	37	\N	VERT	t	C:\\Users\\zaine\\OneDrive\\Bureau\\dev\\pap\\uploads\\rapport\\rapport_audit_audit_20260714_125538.pdf	\N	\N	\N	\N	\N	f	\N	P00513019001	BMW G2X	USB-HUB J29	8813008	\N	\N
6	\N	2026-04-10 23:37:27.580587	2026-05-06 01:24:32.862301	\N	2026-04-01	2026-05-07	\N	BMW	\N	PDC HI G20 G28	NON_DESTRUCTIF	\N	\N	\N	f	f	\N	AP-2026-002	TERMINE	\N	AUDIT_PRODUIT	0.12	\N	5	1	7	1	\N	3	8	\N	2026-05-17	\N	f	25	\N	VERT	f	\N	\N	\N	\N	\N	\N	\N	\N	\N	\N	\N	\N	\N	\N
50	\N	2026-05-07 23:37:24.83805	\N	\N	2026-03-01	\N	\N	BMW	\N	PDC PMA HINTEN G29 - M Sport	NON_DESTRUCTIF	\N	\N	\N	f	f	\N	AP-2026-019	PLANIFIE	\N	AUDIT_PRODUIT	\N	\N	5	1	7	1	\N	3	8	\N	2026-12-12	\N	f	37	\N	\N	f	\N	\N	\N	\N	\N	\N	f	\N	P00331644001	BMW G2X	PDC/PMA HINTEN G29 - M Sport	8716570-01	\N	\N
77	\N	2026-05-07 23:38:16.876062	2026-07-05 01:37:49.728569	\N	2026-03-01	2026-07-05	\N	BMW	\N	ADAPTER DEKOR G2x	DESTRUCTIF	\N	\N	\N	f	f	\N	AP-2026-046	TERMINE	\N	AUDIT_PRODUIT	0	\N	5	1	7	1	\N	3	8	2026-07-05 01:37:47.122517	2026-07-26	rapport_audit_audit_20260705_013746.pdf	f	37	\N	VERT	t	C:\\Users\\zaine\\OneDrive\\Bureau\\dev\\pap\\uploads\\rapport\\rapport_audit_audit_20260705_013746.pdf	\N	\N	\N	\N	\N	f	\N	P00935157001	BMW G2X	ADAPTER DEKOR G2x	5A855E3	\N	\N
74	\N	2026-05-07 23:38:12.837615	\N	\N	2026-01-01	\N	\N	BMW	\N	ZB LTG EKMV AWD G26 BEV	NON_DESTRUCTIF	\N	\N	\N	f	f	\N	AP-2026-043	PLANIFIE	\N	AUDIT_PRODUIT	\N	\N	5	1	7	1	\N	3	8	\N	2026-08-09	\N	f	37	\N	\N	f	\N	\N	\N	\N	\N	\N	f	\N	P00935592001	BMW G2X	ZB LTG EKMV AWD G26 BEV	5A86336	\N	\N
147	\N	2026-06-26 00:52:59.768206	2026-07-03 19:59:28.766578	\N	2026-02-01	\N	\N	BMW	\N	TUER FA G20 G21	DESTRUCTIF	\N	\N	\N	f	f	\N	AP-2026-092	PLANIFIE	\N	AUDIT_PRODUIT	\N	\N	2	1	7	1	\N	3	8	\N	2026-07-17	\N	f	69	\N	\N	f	\N	\N	\N	\N	\N	\N	f	\N	P00631710001	BMW G2X	TUER FA G20/G21	5A20657	\N	\N
148	\N	2026-06-26 00:53:01.718254	2026-07-03 19:59:38.065342	\N	2026-04-01	\N	\N	BMW	\N	PDC HI G20 G28	NON_DESTRUCTIF	\N	\N	\N	f	f	\N	AP-2026-093	PLANIFIE	\N	AUDIT_PRODUIT	\N	\N	2	1	7	1	\N	3	8	\N	2026-07-17	\N	f	69	\N	\N	f	\N	\N	\N	\N	\N	\N	f	\N	P00780100001	BMW G2X	PDC HI G20/G28	5A5C310A	\N	\N
151	\N	2026-06-26 00:53:07.477123	2026-07-03 19:59:59.432891	\N	2026-11-01	\N	\N	BMW	\N	ZB LTG EKMV AWD G26 BEV	NON_DESTRUCTIF	\N	\N	\N	f	f	\N	AP-2026-096	PLANIFIE	\N	AUDIT_PRODUIT	\N	\N	2	1	7	1	\N	3	8	\N	2026-07-31	\N	f	69	\N	\N	f	\N	\N	\N	\N	\N	\N	f	\N	P01100300002	BMW G2X	ZB LTG EKMV AWD G26 BEV	5A86336B	\N	\N
71	\N	2026-05-07 23:38:08.123795	2026-07-05 00:24:44.945137	\N	2026-06-01	\N	\N	BMW	\N	ZB LTG M PDC HI G26	NON_DESTRUCTIF	\N	\N	\N	f	f	\N	AP-2026-040	EN_COURS	\N	AUDIT_PRODUIT	0	\N	5	1	7	1	\N	3	8	\N	2026-07-17	\N	f	37	\N	VERT	f	\N	\N	\N	\N	\N	\N	f	\N	P00686850001	BMW G2X	ZB LTG M PDC HI G26	5A36455	\N	\N
70	\N	2026-05-07 23:38:05.928095	2026-07-05 01:37:58.016578	\N	2026-04-01	\N	\N	BMW	\N	ZB LTG PDC PMA HI G26 BEV	DESTRUCTIF	\N	\N	\N	f	f	\N	AP-2026-039	EN_COURS	\N	AUDIT_PRODUIT	\N	\N	5	1	7	1	\N	3	8	\N	2026-08-05	\N	f	37	\N	\N	f	\N	\N	\N	\N	\N	\N	f	\N	P00731241001	BMW G2X	ZB LTG PDC/PMA HI G26 BEV	5A3DE11	\N	\N
79	\N	2026-05-07 23:51:05.952202	2026-07-07 00:28:57.466703	\N	2026-02-01	\N	\N	VW	\N	ZB LTG TUER FA A3 A4	NON_DESTRUCTIF	\N	\N	\N	f	f	\N	AP-2026-048	EN_COURS	\N	AUDIT_PRODUIT	\N	\N	4	1	8	4	\N	6	8	\N	2026-06-18	\N	f	38	\N	\N	f	\N	\N	\N	\N	\N	\N	f	\N	N-VW-10231002	VW MQB	ZB LTG TUER FA A3/A4	8W0971035B	\N	\N
85	\N	2026-05-07 23:51:15.625833	2026-07-07 00:38:47.031429	\N	2026-03-01	\N	\N	VW	\N	ZB LTG KLIMAANLAGE A3 A4	NON_DESTRUCTIF	\N	\N	\N	f	f	\N	AP-2026-054	EN_COURS	\N	AUDIT_PRODUIT	\N	\N	4	1	8	4	\N	6	8	\N	2026-07-11	\N	f	38	\N	\N	f	\N	\N	\N	\N	\N	\N	f	\N	N-VW-10237001	VW MQB	ZB LTG KLIMAANLAGE A3/A4	8W1820011A	\N	\N
149	\N	2026-06-26 00:53:03.638131	2026-07-07 13:11:33.148119	\N	2026-06-01	\N	\N	BMW	\N	ZB LTG Standheizung G2x	NON_DESTRUCTIF	\N	\N	\N	f	f	\N	AP-2026-094	PLANIFIE	\N	AUDIT_PRODUIT	\N	\N	2	1	7	1	\N	3	8	\N	2026-08-14	\N	f	69	4	\N	f	\N	\N	\N	\N	\N	\N	f	\N	P00900500001	BMW G2X	ZB LTG Standheizung G2x	8716327-01	\N	\N
65	\N	2026-05-07 23:37:56.870714	2026-06-25 11:07:58.981123	\N	2026-06-01	\N	\N	BMW	\N	MZ ZB LTG M PDC HI G80	NON_DESTRUCTIF	\N	\N	\N	f	f	\N	AP-2026-034	PLANIFIE	\N	AUDIT_PRODUIT	\N	\N	7	1	7	1	\N	3	8	\N	2026-07-31	\N	f	37	\N	\N	f	\N	\N	\N	\N	\N	\N	f	\N	P00630416001	BMW G2X	MZ ZB LTG M PDC HI G80	5A21DC7	\N	\N
69	\N	2026-05-07 23:38:03.720539	2026-07-07 13:19:33.991374	\N	2026-05-01	\N	\N	BMW	\N	PDC VO G26 BEV PU07 24	DESTRUCTIF	\N	\N	\N	f	f	\N	AP-2026-038	PLANIFIE	\N	AUDIT_PRODUIT	\N	\N	2	1	7	1	\N	3	8	\N	2026-07-18	\N	f	37	\N	\N	f	\N	\N	\N	\N	\N	\N	f	\N	P00957984001	BMW G2X	PDC VO G26 BEV PU07/24	5A90D91	\N	\N
64	\N	2026-05-07 23:37:54.414706	2026-07-11 13:58:46.786995	\N	2026-02-01	\N	\N	BMW	\N	MZ ZB LTG FRONTEND G80 G81 PU03	DESTRUCTIF	\N	\N	\N	f	f	uploads/rapports-audit/rapport_64_1779103519890.pdf	AP-2026-033	EN_COURS	\N	AUDIT_PRODUIT	0	\N	2	1	7	1	\N	3	8	2026-06-25 18:37:30.230362	2026-08-15	rapport_audit_audit_20260625_183729.pdf	f	37	\N	VERT	t	C:\\Users\\zaine\\OneDrive\\Bureau\\dev\\pap\\uploads\\rapport\\rapport_audit_audit_20260625_183729.pdf	\N	\N	\N	\N	\N	f	\N	P01146083001	BMW G2X	MZ ZB LTG FRONTEND G80/G81 PU03/26	5B60387	\N	\N
76	\N	2026-05-07 23:38:15.536372	2026-06-25 11:35:42.566947	\N	2026-06-01	\N	\N	BMW	\N	MZ ADAPTER EKMV RWD G2x BEV	DESTRUCTIF	\N	\N	\N	f	f	\N	AP-2026-045	EN_COURS	\N	AUDIT_PRODUIT	\N	\N	5	1	7	1	\N	3	8	\N	2026-08-15	\N	f	37	\N	\N	f	\N	\N	\N	\N	\N	\N	f	\N	P00935593001	BMW G2X	MZ ADAPTER EKMV RWD G2x BEV	5A86338	\N	\N
72	\N	2026-05-07 23:38:09.646202	2026-06-25 11:48:20.104366	\N	2026-05-01	\N	\N	BMW	\N	FT G26 BEV	DESTRUCTIF	\N	\N	\N	f	f	\N	AP-2026-041	PLANIFIE	\N	AUDIT_PRODUIT	\N	\N	5	1	7	1	\N	3	8	\N	2026-08-21	\N	f	37	\N	\N	f	\N	\N	\N	\N	\N	\N	f	\N		BMW G2X	FT G26 BEV	5A4DD67	\N	\N
84	\N	2026-05-07 23:51:14.096751	2026-05-24 11:07:10.204177	\N	2026-05-01	\N	\N	VW	\N	ADAPTER SITZHEIZUNG VL VR	DESTRUCTIF	\N	\N	\N	f	f	\N	AP-2026-053	EN_COURS	\N	AUDIT_PRODUIT	\N	\N	4	1	8	4	\N	6	8	\N	2026-07-12	\N	f	38	\N	\N	f	\N	PLANIFIE	\N	\N	\N	\N	f	\N	N-VW-10236001	VW MQB	ADAPTER SITZHEIZUNG VL/VR	8W0972618A	\N	\N
89	\N	2026-05-07 23:51:22.509923	2026-05-26 13:07:11.873123	\N	2026-05-01	\N	\N	VW	\N	ZB LTG INSTRUMENTENTAFEL A3	NON_DESTRUCTIF	\N	\N	\N	f	f	\N	AP-2026-058	EN_COURS	\N	AUDIT_PRODUIT	\N	\N	4	1	8	4	\N	6	8	\N	2026-07-12	\N	f	38	\N	\N	f	\N	PLANIFIE	\N	\N	\N	\N	f	\N	N-VW-10241003	VW MQB	ZB LTG INSTRUMENTENTAFEL A3	8W1971035C	\N	\N
87	\N	2026-05-07 23:51:19.427499	2026-05-29 14:49:42.717927	\N	2026-04-01	\N	\N	VW	\N	ZB LTG GETRIEBE DSG A3	NON_DESTRUCTIF	\N	\N	\N	f	f	\N	AP-2026-056	EN_COURS	\N	AUDIT_PRODUIT	\N	\N	4	1	8	4	\N	6	8	\N	2026-07-12	\N	f	38	\N	\N	f	\N	PLANIFIE	\N	\N	\N	\N	f	\N	N-VW-10239001	VW MQB	ZB LTG GETRIEBE DSG A3	8W0971503A	\N	\N
73	\N	2026-05-07 23:38:11.530514	2026-06-25 11:48:29.854526	\N	2026-05-01	\N	\N	BMW	\N	BFT G26 BEV	DESTRUCTIF	\N	\N	\N	f	f	\N	AP-2026-042	PLANIFIE	\N	AUDIT_PRODUIT	\N	\N	5	1	7	1	\N	3	8	\N	2026-08-14	\N	f	37	\N	\N	f	\N	\N	\N	\N	\N	\N	f	\N		BMW G2X	BFT G26 BEV	5A4DDA5	\N	\N
82	\N	2026-05-07 23:51:10.881397	2026-06-25 12:05:19.634924	\N	2026-04-01	\N	\N	VW	\N	PDC HINTEN A3 A4	NON_DESTRUCTIF	\N	\N	\N	f	f	\N	AP-2026-051	EN_COURS	\N	AUDIT_PRODUIT	\N	\N	4	1	8	4	\N	6	8	\N	2026-07-18	\N	f	38	\N	\N	f	\N	PLANIFIE	\N	\N	\N	\N	f	\N	N-VW-10234001	VW MQB	PDC HINTEN A3/A4	8W0919475A	\N	\N
68	\N	2026-05-07 23:38:02.010925	2026-06-25 11:49:08.409814	\N	2026-01-01	\N	\N	BMW	\N	ZB LTG PDC HI G26 ICE	DESTRUCTIF	\N	\N	\N	f	f	\N	AP-2026-037	PLANIFIE	\N	AUDIT_PRODUIT	\N	\N	5	1	7	1	\N	3	8	\N	2026-08-15	\N	f	37	\N	\N	f	\N	\N	\N	\N	\N	\N	f	\N	P00686856001	BMW G2X	ZB LTG PDC HI G26 ICE	5A36447	\N	\N
81	\N	2026-05-07 23:51:09.026773	2026-06-25 11:48:51.11221	\N	2026-01-01	\N	\N	VW	\N	ZB LTG TUER HI A3 A4	NON_DESTRUCTIF	\N	\N	\N	f	f	\N	AP-2026-050	EN_COURS	\N	AUDIT_PRODUIT	\N	\N	4	1	8	4	\N	6	8	\N	2026-07-10	\N	f	38	\N	\N	f	\N	PLANIFIE	\N	\N	\N	\N	f	\N	N-VW-10233003	VW MQB	ZB LTG TUER HI A3/A4	8W0971037C	\N	\N
86	\N	2026-05-07 23:51:17.52468	2026-06-25 11:56:49.37934	\N	2026-01-01	\N	\N	VW	\N	ZB LTG MOTOR BEV A3 A4	DESTRUCTIF	\N	\N	\N	f	f	\N	AP-2026-055	PLANIFIE	\N	AUDIT_PRODUIT	\N	\N	4	1	8	4	\N	6	8	\N	2026-07-18	\N	f	38	\N	\N	f	\N	\N	\N	\N	\N	\N	f	\N	N-VW-10238002	VW MQB	ZB LTG MOTOR BEV A3/A4	8W0971502B	\N	\N
58	\N	2026-05-07 23:37:42.367058	2026-06-25 12:06:09.048731	\N	2026-03-01	\N	\N	BMW	\N	ADAPTER TANK PHEV G05	NON_DESTRUCTIF	\N	\N	\N	f	f	\N	AP-2026-027	PLANIFIE	\N	AUDIT_PRODUIT	\N	\N	2	1	7	1	\N	3	8	\N	2026-07-11	\N	f	37	\N	\N	f	\N	\N	\N	\N	\N	\N	f	\N	P00634782001	BMW G2X	ADAPTER TANK PHEV G05	9433250-02	\N	\N
67	\N	2026-05-07 23:38:00.005318	2026-06-25 12:06:17.112825	\N	2026-03-01	\N	\N	BMW	\N	ZB LTG M PDC HINTEN G82 G83	NON_DESTRUCTIF	\N	\N	\N	f	f	\N	AP-2026-036	PLANIFIE	\N	AUDIT_PRODUIT	\N	\N	5	1	7	1	\N	3	8	\N	2026-08-15	\N	f	37	\N	\N	f	\N	\N	\N	\N	\N	\N	f	\N	P00548203001	BMW G2X	ZB LTG M PDC HINTEN G82/G83	5A059C9	\N	\N
80	\N	2026-05-07 23:51:07.506476	2026-06-25 12:06:33.410455	\N	2026-03-01	\N	\N	VW	\N	ZB LTG TUER BFA A3 A4	DESTRUCTIF	\N	\N	\N	f	f	\N	AP-2026-049	PLANIFIE	\N	AUDIT_PRODUIT	\N	\N	4	1	8	4	\N	6	8	\N	2026-07-26	\N	f	38	\N	\N	f	\N	\N	\N	\N	\N	\N	f	\N	N-VW-10232001	VW MQB	ZB LTG TUER BFA A3/A4	8W0971036A	\N	\N
91	\N	2026-05-07 23:51:25.557259	2026-06-25 12:06:52.416983	\N	2026-03-01	\N	\N	VW	\N	ZB LTG KOFFERRAUM A4 AVANT	DESTRUCTIF	\N	\N	\N	f	f	\N	AP-2026-060	PLANIFIE	\N	AUDIT_PRODUIT	\N	\N	4	1	8	4	\N	6	8	\N	2026-07-17	\N	f	38	\N	\N	f	\N	\N	\N	\N	\N	\N	f	\N	N-VW-10243001	VW MQB	ZB LTG KOFFERRAUM A4 Avant	8W9971035A	\N	\N
153	Résultat : 95%	2026-06-26 00:58:51.707357	2026-07-03 19:19:33.347239	\N	2026-06-26	2026-07-03	\N	\N	\N	\N	\N	\N	\N		f	f	\N	audit export_BMW Auditeur1__26-06-2026	TERMINE	\N	AUDIT_MAGASIN_EXPORT	\N	zona1	2	1	7	\N	\N	\N	\N	\N	\N	\N	\N	\N	\N	\N	t	/uploads/rapports-audit/rapport_final_audit_export_BMW_Auditeur1__26-06-2026.pdf	\N	\N	\N	2026-07-03 18:43:05.602011	s22	t	\N	\N	\N	\N	\N	\N	{"identification_0":"10","identification_1":"10","identification_2":"10","generation_0":"10","generation_1":"10","generation_2":"10","etiquette_0":"10","etiquette_1":"10","etiquette_2":"10","emballage_0":"10","emballage_1":"10","emballage_2":"10","papier_0":"10","papier_1":"10","papier_2":"2","autresSeries_0":"NA","autresSeries_1":"NA","autresSeries_2":"NA","proprete_0":"10","proprete_1":"10","proprete_2":"10","endommagements_0":"10","endommagements_1":"10","endommagements_2":"10","dateProduction_0":"NA","dateProduction_1":"NA","dateProduction_2":"NA","autres_0":"6","autres_1":"10","autres_2":"10"}
156	Résultat : 100%	2026-07-03 19:52:55.629759	2026-07-03 19:55:15.606962	\N	2026-07-03	2026-07-03	\N	\N	\N	\N	\N	\N	\N		f	f	\N	audit export_BMW Auditeur1__03-07-2026	TERMINE	\N	AUDIT_MAGASIN_EXPORT	\N	12	2	2	7	\N	\N	\N	\N	\N	\N	\N	\N	\N	\N	\N	t	/uploads/rapports-audit/rapport_final_audit_export_BMW_Auditeur1__03-07-2026.pdf	\N	\N	\N	2026-07-03 19:53:07.840241	4	t	\N	\N	\N	\N	\N	\N	{"identification_0":"10","identification_1":"10","identification_2":"10","generation_0":"10","generation_1":"10","generation_2":"10","etiquette_0":"10","etiquette_1":"10","etiquette_2":"10","emballage_0":"10","emballage_1":"10","emballage_2":"10","papier_0":"10","papier_1":"10","papier_2":"10","autresSeries_0":"NA","autresSeries_1":"NA","autresSeries_2":"NA","proprete_0":"10","proprete_1":"10","proprete_2":"10","endommagements_0":"10","endommagements_1":"10","endommagements_2":"10","dateProduction_0":"NA","dateProduction_1":"NA","dateProduction_2":"NA","autres_0":"10","autres_1":"10","autres_2":"10"}
126	\N	2026-05-20 02:11:08.193346	2026-07-03 19:59:48.815031	\N	2026-04-01	\N	\N	BMW	\N	PDC HI G20 G28	NON_DESTRUCTIF	\N	\N	\N	f	f	\N	AP-2026-073	PLANIFIE	\N	AUDIT_PRODUIT	\N	\N	2	1	7	1	\N	3	8	\N	2026-07-31	\N	f	46	\N	\N	f	\N	\N	\N	\N	\N	\N	f	\N	P00780100001	BMW G2X	PDC HI G20/G28	5A5C310A	\N	\N
93	\N	2026-05-07 23:51:28.315118	2026-06-25 11:36:13.134159	\N	2026-06-01	\N	\N	VW	\N	ADAPTER DEKOR A3 A4	NON_DESTRUCTIF	\N	\N	\N	f	f	\N	AP-2026-062	PLANIFIE	\N	AUDIT_PRODUIT	\N	\N	4	1	8	4	\N	6	8	\N	2026-09-13	\N	f	38	\N	\N	f	\N	\N	\N	\N	\N	\N	f	\N	N-VW-10245001	VW MQB	ADAPTER DEKOR A3/A4	8W1857185A	\N	\N
161	\N	2026-07-03 20:05:23.616745	2026-07-03 20:09:29.266101	\N	2026-07-03	2026-07-03	\N	\N	\N	\N	\N	\N	\N		f	f	\N	audit regle plat_MOHAMED  Mohamed_03-07-2026	TERMINE	\N	AUDIT_REGLES_PLATES	\N	\N	7	1	7	\N	\N	\N	8	\N	2026-10-03	\N	\N	\N	\N	\N	t	/uploads/rapports-audit/rapport_final_audit_regle_plat_MOHAMED__Mohamed_03-07-2026.pdf	\N	\N	2026-10-03	\N	\N	\N	\N	\N	\N	\N	\N	{"rows":[{"numeroInstrument":"45","typeInstrument":"REGLE_PLATE","emplacement":"zaineb","dateControle":"2026-07-03","nomControleur":"Mohamed Mohamed","resultat":"conforme","prochaineDate":"2026-10-03","remarques":"R.A.S"},{"numeroInstrument":"56","typeInstrument":"REGLE_PLATE","emplacement":"zaineb","dateControle":"2026-07-03","nomControleur":"Mohamed Mohamed","resultat":"conforme","prochaineDate":"2026-10-03","remarques":"R.A.S"}]}	\N
97	\N	2026-05-07 23:51:34.08435	2026-06-25 11:36:24.416008	\N	2026-06-01	\N	\N	VW	\N	ADAPTER HBL A4	NON_DESTRUCTIF	\N	\N	\N	f	f	\N	AP-2026-066	PLANIFIE	\N	AUDIT_PRODUIT	\N	\N	4	1	8	4	\N	6	8	\N	2026-07-18	\N	f	38	\N	\N	f	\N	\N	\N	\N	\N	\N	f	\N	N-VW-10249001	VW MQB	ADAPTER HBL A4	8W0971615A	\N	\N
54	\N	2026-05-07 23:37:32.167647	2026-07-11 03:01:43.283268	\N	2026-04-01	2026-07-11	\N	BMW	\N	PDC PMA MRR VORNE J29	NON_DESTRUCTIF	\N	\N	\N	f	f	\N	AP-2026-023	TERMINE	\N	AUDIT_PRODUIT	0	\N	7	1	7	1	\N	3	8	2026-07-11 02:59:36.706606	2026-07-18	rapport_audit_audit_20260711_025936.pdf	f	37	\N	VERT	t	C:\\Users\\zaine\\OneDrive\\Bureau\\dev\\pap\\uploads\\rapport\\rapport_audit_audit_20260711_025936.pdf	\N	\N	\N	\N	\N	f	\N	P00747669001	BMW G2X	PDC/PMA/MRR VORNE J29	8813401	\N	\N
123	\N	2026-05-14 01:45:15.692848	2026-05-14 03:56:19.925268	2026-05-14 03:33:47.086931	2026-05-14	2026-05-14	\N	\N	\N	\N	\N	\N	\N		t	f	\N	audit regle plat_HAMMOUDA zaineb_14-05-2026	TERMINE	\N	AUDIT_REGLES_PLATES	\N	\N	2	1	7	\N	\N	\N	8	\N	2026-08-14	\N	\N	\N	\N	\N	t	\N	\N	\N	2026-08-14	\N	\N	\N	\N	\N	\N	\N	\N	{"rows":[{"numeroInstrument":"v52","typeInstrument":"REGLE_PLATE","emplacement":"fouzia","dateControle":"2026-05-14","nomControleur":"zaineb Hammouda","resultat":"conforme","prochaineDate":"2026-08-14","remarques":"R.A.S"},{"numeroInstrument":"v72","typeInstrument":"METRE_RUBAN","emplacement":"nozha","dateControle":"2026-05-14","nomControleur":"zaineb Hammouda","resultat":"conforme","prochaineDate":"2026-08-14","remarques":"R.A.S"},{"numeroInstrument":"njh","typeInstrument":"REGLE_PLATE","emplacement":"zaineb","dateControle":"2026-05-14","nomControleur":"zaineb Hammouda","resultat":"non conforme","prochaineDate":"2026-08-14","remarques":"R.A.S"}]}	\N
32	Résultat : 100%	2026-04-28 01:04:59.921824	2026-05-13 21:22:15.166358	\N	2026-04-28	2026-05-13	\N	\N	\N	\N	\N	\N	\N		f	f	\N	audit export_HAMMOUDA zaineb_28-04-2026	TERMINE	\N	AUDIT_MAGASIN_EXPORT	\N	LTN01	2	1	7	\N	\N	\N	\N	\N	\N	\N	\N	\N	\N	\N	f	\N	PLANIFIE	\N	\N	\N	KV13	f	\N	\N	\N	\N	\N	\N	{"identification_0":"10","identification_1":"10","identification_2":"10","generation_0":"10","generation_1":"10","generation_2":"10","etiquette_0":"10","etiquette_1":"10","etiquette_2":"10","emballage_0":"10","emballage_1":"10","emballage_2":"10","papier_0":"10","papier_1":"10","papier_2":"10","autresSeries_0":"NA","autresSeries_1":"NA","autresSeries_2":"NA","proprete_0":"10","proprete_1":"10","proprete_2":"10","endommagements_0":"10","endommagements_1":"10","endommagements_2":"10","dateProduction_0":"NA","dateProduction_1":"NA","dateProduction_2":"NA","autres_0":"10","autres_1":"10","autres_2":"10"}
96	\N	2026-05-07 23:51:32.43127	2026-05-25 15:26:57.451993	\N	2026-02-01	\N	\N	VW	\N	ZB LTG EKMV RWD A3 BEV	DESTRUCTIF	\N	\N	\N	f	f	\N	AP-2026-065	EN_COURS	\N	AUDIT_PRODUIT	\N	\N	4	1	8	4	\N	6	8	\N	2026-07-12	\N	f	38	\N	\N	f	\N	PLANIFIE	\N	\N	\N	\N	f	\N	N-VW-10248001	VW MQB	ZB LTG EKMV RWD A3 BEV	8W0971510A	\N	\N
92	\N	2026-05-07 23:51:26.9567	2026-06-25 11:48:41.105995	\N	2026-01-01	\N	\N	VW	\N	MZ ZB LTG FRONTEND A3 BEV	NON_DESTRUCTIF	\N	\N	\N	f	f	\N	AP-2026-061	PLANIFIE	\N	AUDIT_PRODUIT	\N	\N	4	1	8	4	\N	6	8	\N	2026-07-11	\N	f	38	\N	\N	f	\N	\N	\N	\N	\N	\N	f	\N	N-VW-10244002	VW MQB	MZ ZB LTG FRONTEND A3 BEV	8W0971501B	\N	\N
95	\N	2026-05-07 23:51:31.105689	2026-06-25 11:58:10.865647	\N	2026-05-01	\N	\N	VW	\N	ADAPTER TANK PHEV A3	NON_DESTRUCTIF	\N	\N	\N	f	f	\N	AP-2026-064	PLANIFIE	\N	AUDIT_PRODUIT	\N	\N	4	1	8	4	\N	6	8	\N	2026-08-08	\N	f	38	\N	\N	f	\N	\N	\N	\N	\N	\N	f	\N	N-VW-10247002	VW MQB	ADAPTER TANK PHEV A3	8W0971519B	\N	\N
101	\N	2026-05-08 01:12:40.608511	2026-06-25 11:58:19.122812	\N	2026-05-01	\N	\N	\N	\N	\N	NON_DESTRUCTIF	\N	\N	\N	f	f	\N	AP-20260508-A	PLANIFIE	\N	AUDIT_PRODUIT	\N	\N	4	1	8	4	\N	6	8	\N	2026-07-18	\N	f	38	12	\N	f	\N	\N	\N	\N	\N	\N	f	\N	\N	\N	\N	\N	\N	\N
94	\N	2026-05-07 23:51:29.661183	2026-06-25 12:05:28.396916	\N	2026-04-01	\N	\N	VW	\N	ZB LTG MASSE HOCHFLEXIBEL A3	DESTRUCTIF	\N	\N	\N	f	f	\N	AP-2026-063	PLANIFIE	\N	AUDIT_PRODUIT	\N	\N	4	1	8	4	\N	6	8	\N	2026-07-25	\N	f	38	\N	\N	f	\N	\N	\N	\N	\N	\N	f	\N	N-VW-10246001	VW MQB	ZB LTG MASSE Hochflexibel A3	8W0971228A	\N	\N
131	\N	2026-05-22 11:15:23.91138	2026-06-25 12:05:37.997711	\N	2026-04-01	\N	\N	BMW	\N	PDC HI G20 G28	NON_DESTRUCTIF	\N	\N	\N	f	t	\N	AP-2026-078	EN_COURS	\N	AUDIT_PRODUIT	0.2	\N	2	1	7	1	\N	3	8	\N	2026-07-18	\N	f	49	\N	ORANGE	f	\N	\N	\N	\N	\N	\N	f	\N	P00780100001	BMW G2X	PDC HI G20/G28	5A5C310A	\N	\N
98	\N	2026-05-07 23:51:35.521551	2026-06-25 12:07:01.565282	\N	2026-03-01	\N	\N	VW	\N	MZ ZB LTG MASSE HKL A4	NON_DESTRUCTIF	\N	\N	\N	f	f	\N	AP-2026-067	PLANIFIE	\N	AUDIT_PRODUIT	\N	\N	4	1	8	4	\N	6	8	\N	2026-07-30	\N	f	38	\N	\N	f	\N	\N	\N	\N	\N	\N	f	\N	N-VW-10250001	VW MQB	MZ ZB LTG MASSE LTG HKL A4	8W9971551A	\N	\N
129	\N	2026-05-20 02:11:13.363435	2026-05-20 03:17:16.076886	\N	2026-11-01	2026-05-20	\N	BMW	\N	ZB LTG EKMV AWD G26 BEV	REQUALIFICATION	\N	\N	\N	f	f	\N	AP-2026-076	TERMINE	\N	AUDIT_PRODUIT	0	\N	2	1	7	1	\N	3	8	2026-05-20 03:17:16.075131	2026-05-31	\N	f	46	\N	VERT	f	\N	\N	\N	\N	\N	\N	f	\N	P01100300002	BMW G2X	ZB LTG EKMV AWD G26 BEV	5A86336B	\N	\N
152	\N	2026-06-26 00:57:44.143356	2026-06-26 00:58:22.053976	\N	2026-06-26	2026-06-26	\N	\N	\N	\N	\N	\N	\N		f	f	\N	audit regle plat_BMW Auditeur1__26-06-2026	TERMINE	\N	AUDIT_REGLES_PLATES	\N	\N	2	1	7	\N	\N	\N	8	\N	2026-09-26	\N	\N	\N	\N	\N	t	/uploads/rapports-audit/rapport_final_audit_regle_plat_BMW_Auditeur1__26-06-2026.pdf	\N	\N	2026-09-26	\N	\N	\N	\N	\N	\N	\N	\N	{"rows":[{"numeroInstrument":"64","typeInstrument":"METRE_RUBAN","emplacement":"asma","dateControle":"2026-06-25","nomControleur":"Auditeur1_ BMW","resultat":"conforme","prochaineDate":"2026-09-25","remarques":"R.A.S"}]}	\N
22	Résultat : 98%	2026-04-16 14:22:01.777033	2026-07-03 19:21:15.545415	\N	2026-04-16	2026-07-03	\N	\N	\N	\N	\N	\N	\N		f	f	uploads/rapports-audit/rapport_audit_export_HAMMOUDA_zaineb_16-04-2026_1777375499232.pdf	audit export_HAMMOUDA zaineb_16-04-2026	TERMINE	\N	AUDIT_MAGASIN_EXPORT	\N	LTN01	2	1	7	\N	\N	\N	\N	2026-04-28 12:24:59.248241	\N	\N	\N	\N	\N	\N	t	/uploads/rapports-audit/rapport_final_audit_export_HAMMOUDA_zaineb_16-04-2026.pdf	\N	\N	\N	2026-07-03 19:21:13.686051	13	t	\N	\N	\N	\N	\N	\N	{"identification_0":"10","identification_1":"10","identification_2":"10","generation_0":"10","generation_1":"10","generation_2":"10","etiquette_0":"10","etiquette_1":"10","etiquette_2":"10","emballage_0":"10","emballage_1":"10","emballage_2":"10","papier_0":"10","papier_1":"10","papier_2":"10","autresSeries_0":"NA","autresSeries_1":"NA","autresSeries_2":"NA","proprete_0":"10","proprete_1":"6","proprete_2":"10","endommagements_0":"10","endommagements_1":"10","endommagements_2":"10","dateProduction_0":"NA","dateProduction_1":"NA","dateProduction_2":"NA","autres_0":"10","autres_1":"10","autres_2":"10"}
162	\N	2026-07-03 21:04:25.363659	2026-07-03 21:06:39.568603	\N	2026-07-03	2026-07-03	\N	\N	\N	\N	\N	\N	\N		f	f	\N	audit regle plat_BMW Auditeur2__03-07-2026	TERMINE	\N	AUDIT_REGLES_PLATES	\N	\N	5	1	7	\N	\N	\N	8	\N	2026-10-03	\N	\N	\N	\N	\N	t	/uploads/rapports-audit/rapport_final_audit_regle_plat_BMW_Auditeur2__03-07-2026.pdf	\N	\N	2026-10-03	\N	\N	\N	\N	\N	\N	\N	\N	{"rows":[{"numeroInstrument":"25","typeInstrument":"REGLE_PLATE","emplacement":"zaineb","dateControle":"2026-07-03","nomControleur":"Auditeur2_ BMW","resultat":"conforme","prochaineDate":"2026-10-03","remarques":"R.A.S"},{"numeroInstrument":"258","typeInstrument":"REGLE_PLATE","emplacement":"zaineb","dateControle":"2026-07-03","nomControleur":"Auditeur2_ BMW","resultat":"conforme","prochaineDate":"2026-10-03","remarques":"R.A.S"}]}	\N
150	\N	2026-06-26 00:53:05.475971	2026-07-11 13:59:04.378483	\N	2026-09-01	\N	\N	BMW	\N	ADAPTER HBL G21	DESTRUCTIF	\N	\N	\N	f	f	\N	AP-2026-095	EN_COURS	\N	AUDIT_PRODUIT	0	\N	2	1	7	1	\N	3	8	2026-07-11 12:54:17.731894	2026-08-14	rapport_audit_audit_20260711_125417.pdf	f	69	\N	VERT	t	C:\\Users\\zaine\\OneDrive\\Bureau\\dev\\pap\\uploads\\rapport\\rapport_audit_audit_20260711_125417.pdf	\N	\N	\N	\N	\N	f	\N	P00850200001	BMW G2X	ADAPTER HBL G21	8709219-01	\N	\N
142	\N	2026-06-25 22:38:43.15522	2026-06-25 22:42:12.972268	\N	2026-02-01	2026-06-25	\N	BMW	\N	TUER FA G20 G21	DESTRUCTIF	\N	\N	\N	f	t	/uploads/rapports-audit/rapport_142_1782423608067.pdf	AP-2026-087	TERMINE	\N	AUDIT_PRODUIT	0.2	\N	2	1	7	1	\N	3	8	2026-06-25 22:41:51.865767	2026-06-28	rapport_audit_audit_20260625_224151.pdf	f	68	\N	VERT	t	C:\\Users\\zaine\\OneDrive\\Bureau\\dev\\pap\\uploads\\rapport\\rapport_audit_audit_20260625_224151.pdf	\N	\N	\N	\N	\N	f	\N	P00631710001	BMW G2X	TUER FA G20/G21	5A20657	\N	\N
144	\N	2026-06-25 22:38:49.013752	2026-06-25 22:46:17.873224	\N	2026-06-01	2026-06-25	\N	BMW	\N	ZB LTG Standheizung G2x	NON_DESTRUCTIF	\N	\N	\N	f	t	\N	AP-2026-089	TERMINE	\N	AUDIT_PRODUIT	0.4	\N	2	1	7	1	\N	3	8	2026-06-25 22:46:12.855082	2026-06-28	rapport_audit_ZB_LTG_Standheizung_G2x_20260625_224611.pdf	f	68	4	VERT	t	C:\\Users\\zaine\\OneDrive\\Bureau\\dev\\pap\\uploads\\rapport\\rapport_audit_ZB_LTG_Standheizung_G2x_20260625_224611.pdf	\N	\N	\N	\N	\N	f	\N	P00900500001	BMW G2X	ZB LTG Standheizung G2x	8716327-01	\N	\N
7	\N	2026-04-10 23:37:27.601577	2026-04-15 00:31:23.847855	\N	2026-06-01	2026-04-15	\N	BMW	\N	ZB LTG Standheizung G2x	NON_DESTRUCTIF	\N	\N	\N	f	f	\N	AP-2026-003	TERMINE	\N	AUDIT_PRODUIT	0	\N	2	1	7	1	\N	\N	8	2026-04-15 00:31:18.338034	2026-04-15	rapport_auditProduit_ZB_LTG_Standheizung_G2x_20260415_003118.pdf	f	25	4	VERT	t	uploads/rapport/rapport_auditProduit_ZB_LTG_Standheizung_G2x_20260415_003118.pdf	\N	\N	\N	\N	\N	\N	\N	\N	\N	\N	\N	\N	\N
43	\N	2026-05-07 23:37:12.032146	2026-06-02 02:12:19.931284	\N	2026-02-01	2026-06-02	\N	BMW	\N	TUER BFA G20 G21	NON_DESTRUCTIF	\N	\N	\N	f	t	uploads/rapports-audit/rapport_43_1780358794068.pdf	AP-2026-012	TERMINE	\N	AUDIT_PRODUIT	0.2	\N	2	1	7	1	\N	3	8	2026-06-02 02:12:13.332843	2026-06-07	rapport_audit_audit_20260602_021213.pdf	f	37	\N	VERT	t	uploads/rapport/rapport_audit_audit_20260602_021213.pdf	\N	\N	\N	\N	\N	f	\N		BMW G2X	TUER BFA G20/G21	5A206C4	\N	\N
51	\N	2026-05-07 23:37:27.059298	2026-06-02 03:29:10.871834	2026-05-16 00:42:34.264809	2026-04-01	2026-06-02	\N	BMW	\N	PDC PMA MRR VO M-Sport G29	DESTRUCTIF	\N	\N	\N	t	t	\N	AP-2026-020	TERMINE	\N	AUDIT_PRODUIT	0.7	\N	2	1	7	1	62	3	8	2026-05-16 03:20:46.242673	2026-06-07	\N	f	37	\N	VERT	f	\N	\N	\N	\N	\N	\N	f	\N	P00331636001	BMW G2X	PDC/PMA/MRR VO M-Sport G29	8716556-01	\N	\N
45	\N	2026-05-07 23:37:14.999711	2026-05-16 00:21:50.854862	\N	2026-05-01	2026-05-16	\N	BMW	\N	ZB LTG Standheizung G2x	DESTRUCTIF	\N	\N	\N	f	t	\N	AP-2026-014	TERMINE	\N	AUDIT_PRODUIT	0.2	\N	2	1	7	1	\N	3	8	2026-05-16 00:20:43.510738	2026-06-07	\N	f	37	4	VERT	f	\N	\N	\N	\N	\N	\N	f	\N	P00331477001	BMW G2X	ZB LTG Standheizung G2x	8716327-01	\N	\N
52	\N	2026-05-07 23:37:28.71986	2026-05-21 12:22:03.25952	\N	2026-03-01	2026-05-21	\N	BMW	\N	MIKO IMM G29	DESTRUCTIF	\N	\N	\N	f	f	\N	AP-2026-021	TERMINE	\N	AUDIT_PRODUIT	0	\N	2	1	7	1	\N	3	8	2026-05-21 12:21:01.081906	2026-06-07	\N	f	37	\N	VERT	f	\N	\N	\N	\N	\N	\N	f	\N	P00468204001	BMW G2X	MIKO IMM G29	9438722	\N	\N
61	\N	2026-05-07 23:37:47.890873	2026-05-20 03:20:56.647032	\N	2026-05-01	2026-05-20	\N	BMW	\N	PDC Hinten G22 G23	DESTRUCTIF	\N	\N	\N	f	f	uploads/rapports-audit/rapport_61_1779243552031.pdf	AP-2026-030	TERMINE	\N	AUDIT_PRODUIT	0	\N	5	1	7	1	\N	3	8	2026-05-20 03:20:56.59556	2026-06-07	\N	f	37	\N	VERT	f	\N	\N	\N	\N	\N	\N	f	\N	P00617293001	BMW G2X	PDC Hinten G22/G23	5A1DF26	\N	\N
125	\N	2026-05-20 02:11:03.852804	2026-05-22 11:18:00.481649	\N	2026-02-01	\N	\N	BMW	\N	TUER FA G20 G21	NON_DESTRUCTIF	\N	\N	\N	f	f	\N	AP-2026-070	EN_COURS	\N	AUDIT_PRODUIT	\N	\N	2	1	7	1	\N	3	8	\N	2026-05-24	\N	f	46	\N	\N	f	\N	\N	\N	\N	\N	\N	f	\N	P00631710001	BMW G2X	TUER FA G20/G21	5A20657	\N	\N
33	\N	2026-04-28 01:05:15.831573	2026-05-14 00:12:59.693235	\N	2026-04-28	2026-05-14	\N	\N	\N	\N	\N	\N	\N		f	f	\N	audit regle plat_HAMMOUDA zaineb_28-04-2026	TERMINE	\N	AUDIT_REGLES_PLATES	\N	\N	2	1	7	\N	\N	\N	8	\N	2026-07-28	\N	\N	\N	\N	\N	f	\N	\N	\N	2026-07-28	\N	\N	\N	\N	\N	\N	\N	\N	{"rows":[{"numeroInstrument":"V69","typeInstrument":"REGLE_PLATE","emplacement":"arwa","dateControle":"2026-05-13","nomControleur":"zaineb Hammouda","resultat":"conforme","prochaineDate":"2026-08-13","remarques":"R.A.S"},{"numeroInstrument":"lmp","typeInstrument":"METRE_RUBAN","emplacement":"ej;ebhjh","dateControle":"2026-05-13","nomControleur":"zaineb Hammouda","resultat":"conforme","prochaineDate":"2026-08-13","remarques":"R.A.S"}]}	\N
124	Résultat : 88%	2026-05-14 01:46:10.125141	2026-05-14 03:06:40.80681	\N	2026-05-14	2026-05-14	\N	\N	\N	\N	\N	\N	\N		f	f	\N	audit export_HAMMOUDA zaineb_14-05-2026	TERMINE	\N	AUDIT_MAGASIN_EXPORT	\N	LTN2	2	1	10	\N	\N	\N	\N	\N	\N	\N	\N	\N	\N	\N	f	\N	\N	\N	\N	\N	KV11	f	\N	\N	\N	\N	\N	\N	{"identification_0":"10","identification_1":"4","identification_2":"10","generation_0":"10","generation_1":"10","generation_2":"10","etiquette_0":"10","etiquette_1":"6","etiquette_2":"10","emballage_0":"10","emballage_1":"10","emballage_2":"10","papier_0":"10","papier_1":"10","papier_2":"2","autresSeries_0":"NA","autresSeries_1":"NA","autresSeries_2":"NA","proprete_0":"0","proprete_1":"10","proprete_2":"10","endommagements_0":"10","endommagements_1":"10","endommagements_2":"10","dateProduction_0":"NA","dateProduction_1":"NA","dateProduction_2":"NA","autres_0":"10","autres_1":"10","autres_2":"10"}
141	\N	2026-06-10 17:23:09.823497	\N	\N	2026-06-10	\N	\N	\N	\N	\N	\N	\N	\N	Contrôle périodique trimestriel	f	f	\N	audit regle plat_BEN SALEM Amel_10-06-2026	PLANIFIE	\N	AUDIT_REGLES_PLATES	\N	\N	4	1	7	\N	\N	\N	8	\N	2026-09-01	\N	\N	\N	\N	\N	f	\N	\N	\N	2026-09-01	\N	\N	\N	\N	\N	\N	\N	\N	\N	\N
133	\N	2026-05-22 11:15:27.501322	2026-06-24 18:07:31.735461	\N	2026-09-01	\N	\N	BMW	\N	ADAPTER HBL G21	DESTRUCTIF	\N	\N	\N	f	f	\N	AP-2026-080	PLANIFIE	\N	AUDIT_PRODUIT	\N	\N	2	1	7	1	\N	3	8	\N	2026-07-30	\N	f	49	\N	\N	f	\N	\N	\N	\N	\N	\N	f	\N	P00850200001	BMW G2X	ADAPTER HBL G21	8709219-01	\N	\N
134	\N	2026-05-22 11:15:29.259387	2026-06-24 19:01:46.330196	\N	2026-11-01	\N	\N	BMW	\N	ZB LTG EKMV AWD G26 BEV	NON_DESTRUCTIF	\N	\N	\N	f	f	\N	AP-2026-081	PLANIFIE	\N	AUDIT_PRODUIT	\N	\N	2	1	7	1	\N	3	8	\N	2026-07-30	\N	f	49	\N	\N	f	\N	\N	\N	\N	\N	\N	f	\N	P01100300002	BMW G2X	ZB LTG EKMV AWD G26 BEV	5A86336B	\N	\N
140	\N	2026-05-28 16:57:52.558778	2026-06-24 19:02:19.044347	\N	2026-11-01	\N	\N	BMW	\N	ZB LTG EKMV AWD G26 BEV	NON_DESTRUCTIF	\N	\N	\N	f	f	\N	AP-2026-086	PLANIFIE	\N	AUDIT_PRODUIT	\N	\N	2	2	7	1	\N	\N	8	\N	2026-07-29	\N	f	57	\N	\N	f	\N	\N	\N	\N	\N	\N	f	\N	P01100300002	BMW G2X	ZB LTG EKMV AWD G26 BEV	5A86336B	\N	\N
35	\N	2026-05-05 19:35:47.643296	2026-05-06 11:03:56.02916	\N	2026-04-01	2026-05-07	\N	BMW	\N	PDC HI G20 G28	DESTRUCTIF	\N	\N	\N	f	t	uploads/rapports-audit/rapport_35_1778061826202.pdf	AP-2026-007	TERMINE	\N	AUDIT_PRODUIT	0.38	\N	7	1	7	1	\N	3	8	2026-05-06 11:03:46.204621	2026-05-10	rapport_35_1778061826202.pdf	f	36	\N	ROSE	f	\N	\N	\N	\N	\N	\N	f	\N	P00780100001	BMW G2X	PDC HI G20/G28	5A5C310A	\N	\N
132	\N	2026-05-22 11:15:25.730695	2026-06-25 11:14:45.016169	\N	2026-06-01	\N	\N	BMW	\N	ZB LTG Standheizung G2x	NON_DESTRUCTIF	\N	\N	\N	f	f	\N	AP-2026-079	EN_COURS	\N	AUDIT_PRODUIT	\N	\N	2	1	7	1	\N	3	8	\N	2026-08-20	\N	f	49	4	\N	f	\N	\N	\N	\N	\N	\N	f	\N	P00900500001	BMW G2X	ZB LTG Standheizung G2x	8716327-01	\N	\N
66	\N	2026-05-07 23:37:58.539492	2026-07-14 12:50:49.461199	\N	2026-04-01	2026-07-14	\N	BMW	\N	ZB LTG M PDC G80	DESTRUCTIF	\N	\N	\N	f	t	/uploads/rapports-audit/rapport_66_1783106349636.pdf	AP-2026-035	TERMINE	\N	AUDIT_PRODUIT	0.2	\N	7	1	7	1	\N	3	8	2026-07-14 12:50:46.626281	2026-07-18	rapport_audit_audit_20260714_125046.pdf	f	37	\N	ORANGE	t	C:\\Users\\zaine\\OneDrive\\Bureau\\dev\\pap\\uploads\\rapport\\rapport_audit_audit_20260714_125046.pdf	\N	\N	\N	\N	\N	f	\N	P01092271001	BMW G2X	ZB LTG M ICAM PDC/SRR G80	5B40654	\N	\N
36	\N	2026-05-05 19:35:49.153609	2026-06-25 11:37:48.475339	2026-05-13 13:43:12.550091	2026-05-17	\N	\N	BMW	\N	ZB LTG Standheizung G2x	DESTRUCTIF	\N	\N	\N	t	t	uploads/rapports-audit/rapport_36_1779108728262.pdf	AP-2026-008	EN_COURS	\N	AUDIT_PRODUIT	0.6	\N	2	1	7	1	\N	3	8	2026-05-22 11:22:36.377497	2026-07-12	\N	f	36	4	ROSE	f	\N	EN_COURS	\N	\N	\N	\N	f	\N	P00900500001	BMW G2X	ZB LTG Standheizung G2x	8716327-01	\N	\N
139	\N	2026-05-28 16:57:49.920697	2026-06-25 11:07:23.349503	\N	2026-09-01	\N	\N	BMW	\N	ADAPTER HBL G21	DESTRUCTIF	\N	\N	\N	f	f	\N	AP-2026-085	PLANIFIE	\N	AUDIT_PRODUIT	\N	\N	2	2	7	1	\N	\N	8	\N	2026-08-14	\N	f	57	\N	\N	f	\N	\N	\N	\N	\N	\N	f	\N	P00850200001	BMW G2X	ADAPTER HBL G21	8709219-01	\N	\N
155	\N	2026-07-03 19:44:35.191418	2026-07-03 19:45:30.837068	\N	2026-07-03	2026-07-03	\N	\N	\N	\N	\N	\N	\N		f	f	\N	audit regle plat_BMW Auditeur1__03-07-2026	TERMINE	\N	AUDIT_REGLES_PLATES	\N	\N	2	2	7	\N	\N	\N	8	\N	2026-10-03	\N	\N	\N	\N	\N	t	/uploads/rapports-audit/rapport_final_audit_regle_plat_BMW_Auditeur1__03-07-2026.pdf	\N	\N	2026-10-03	\N	\N	\N	\N	\N	\N	\N	\N	{"rows":[{"numeroInstrument":"568","typeInstrument":"REGLE_PLATE","emplacement":"zainouba","dateControle":"2026-07-03","nomControleur":"Auditeur1_ BMW","resultat":"conforme","prochaineDate":"2026-10-03","remarques":"R.A.S"}]}	\N
138	\N	2026-05-28 16:57:47.258654	2026-06-25 11:38:05.093421	\N	2026-06-01	\N	\N	BMW	\N	ZB LTG Standheizung G2x	NON_DESTRUCTIF	\N	\N	\N	f	f	\N	AP-2026-084	PLANIFIE	\N	AUDIT_PRODUIT	\N	\N	2	2	7	1	\N	\N	8	\N	2026-08-15	\N	f	57	4	\N	f	\N	\N	\N	\N	\N	\N	f	\N	P00900500001	BMW G2X	ZB LTG Standheizung G2x	8716327-01	\N	\N
90	\N	2026-05-07 23:51:24.190811	2026-05-30 15:27:10.378027	\N	2026-02-01	\N	\N	VW	\N	ADAPTER STANDHEIZUNG A4	NON_DESTRUCTIF	\N	\N	\N	f	f	\N	AP-2026-059	EN_COURS	\N	AUDIT_PRODUIT	\N	\N	4	1	8	4	\N	6	8	\N	2026-07-12	\N	f	38	\N	\N	f	\N	PLANIFIE	\N	\N	\N	\N	f	\N	N-VW-10242001	VW MQB	ADAPTER STANDHEIZUNG A4	8W0971871A	\N	\N
83	\N	2026-05-07 23:51:12.469307	2026-05-31 13:18:30.488108	\N	2026-02-01	\N	\N	VW	\N	PDC VORNE A3 A4	NON_DESTRUCTIF	\N	\N	\N	f	f	\N	AP-2026-052	EN_COURS	\N	AUDIT_PRODUIT	\N	\N	4	1	8	4	\N	6	8	\N	2026-07-12	\N	f	38	\N	\N	f	\N	PLANIFIE	\N	\N	\N	\N	f	\N	N-VW-10235002	VW MQB	PDC VORNE A3/A4	8W0919476B	\N	\N
88	\N	2026-05-07 23:51:20.852253	2026-06-25 11:36:51.735958	\N	2026-06-01	\N	\N	VW	\N	ADAPTER USB-HUB A5	DESTRUCTIF	\N	\N	\N	f	f	\N	AP-2026-057	EN_COURS	\N	AUDIT_PRODUIT	\N	\N	4	1	8	4	\N	6	8	\N	2026-07-12	\N	f	38	\N	\N	f	\N	PLANIFIE	\N	\N	\N	\N	f	\N	N-VW-10240001	VW MQB	ADAPTER USB-HUB A5	8W3035736A	\N	\N
136	\N	2026-05-28 16:57:42.537432	2026-06-25 11:57:45.365796	\N	2026-02-01	\N	\N	BMW	\N	TUER FA G20 G21	DESTRUCTIF	\N	\N	\N	f	f	\N	AP-2026-082	PLANIFIE	\N	AUDIT_PRODUIT	\N	\N	2	2	7	1	\N	\N	8	\N	2026-08-14	\N	f	57	\N	\N	f	\N	\N	\N	\N	\N	\N	f	\N	P00631710001	BMW G2X	TUER FA G20/G21	5A20657	\N	\N
137	\N	2026-05-28 16:57:45.662259	2026-06-25 12:05:53.303556	\N	2026-04-01	\N	\N	BMW	\N	PDC HI G20 G28	NON_DESTRUCTIF	\N	\N	\N	f	f	\N	AP-2026-083	EN_COURS	\N	AUDIT_PRODUIT	\N	\N	2	2	7	1	\N	\N	8	\N	2026-07-18	\N	f	57	\N	\N	f	\N	\N	\N	\N	\N	\N	f	\N	P00780100001	BMW G2X	PDC HI G20/G28	5A5C310A	\N	\N
130	\N	2026-05-22 11:15:21.409531	2026-07-11 13:59:29.353071	\N	2026-02-01	\N	\N	BMW	\N	TUER FA G20 G21	DESTRUCTIF	\N	\N	\N	f	f	\N	AP-2026-077	EN_COURS	\N	AUDIT_PRODUIT	\N	\N	2	1	7	1	\N	3	8	\N	2026-07-25	\N	f	49	\N	\N	f	\N	\N	\N	\N	\N	\N	f	\N	P00631710001	BMW G2X	TUER FA G20/G21	5A20657	\N	\N
121	\N	2026-05-08 13:47:28.404585	2026-05-18 11:06:33.760911	\N	2026-11-01	2026-05-18	\N	BMW	\N	ZB LTG EKMV AWD G26 BEV	REQUALIFICATION	\N	\N	\N	f	t	\N	AP-2026-072	TERMINE	\N	AUDIT_PRODUIT	0.2	\N	2	1	7	1	\N	3	8	2026-05-18 11:06:33.756874	2026-05-22	\N	f	42	\N	VERT	f	\N	\N	\N	\N	\N	\N	f	\N	P01100300002	BMW G2X	ZB LTG EKMV AWD G26 BEV	5A86336B	\N	\N
60	\N	2026-05-07 23:37:46.317007	2026-06-25 11:16:31.345111	\N	2026-06-01	2026-06-25	\N	BMW	\N	MASSE Hochflexibel G23	NON_DESTRUCTIF	\N	\N	\N	f	t	\N	AP-2026-029	TERMINE	\N	AUDIT_PRODUIT	0.2	\N	5	1	7	1	\N	3	8	2026-06-25 11:16:31.303209	2026-07-31	rapport_audit_audit_20260625_111631.pdf	f	37	\N	VERT	t	uploads/rapport/rapport_audit_audit_20260625_111631.pdf	\N	\N	\N	\N	\N	f	\N	P00541105001	BMW G2X	MASSE Hochflexibel G23	7927937	\N	\N
143	\N	2026-06-25 22:38:45.892271	2026-06-26 00:56:39.750798	\N	2026-04-01	2026-06-26	\N	BMW	\N	PDC HI G20 G28	NON_DESTRUCTIF	\N	\N	\N	f	t	\N	AP-2026-088	TERMINE	\N	AUDIT_PRODUIT	0.2	\N	2	1	7	1	\N	3	8	2026-06-26 00:56:31.113808	2026-06-28	rapport_audit_audit_20260626_005630.pdf	f	68	\N	ORANGE	t	C:\\Users\\zaine\\OneDrive\\Bureau\\dev\\pap\\uploads\\rapport\\rapport_audit_audit_20260626_005630.pdf	\N	\N	\N	\N	\N	f	\N	P00780100001	BMW G2X	PDC HI G20/G28	5A5C310A	\N	\N
75	\N	2026-05-07 23:38:14.12247	2026-07-05 01:33:59.757065	\N	2026-02-01	2026-07-05	\N	BMW	\N	TH G26 PU07 24	NON_DESTRUCTIF	\N	\N	\N	f	f	\N	AP-2026-044	TERMINE	\N	AUDIT_PRODUIT	0	\N	5	1	7	1	\N	3	8	2026-07-05 01:33:50.017202	2026-07-19	rapport_audit_audit_20260705_013349.pdf	f	37	\N	VERT	t	C:\\Users\\zaine\\OneDrive\\Bureau\\dev\\pap\\uploads\\rapport\\rapport_audit_audit_20260705_013349.pdf	\N	\N	\N	\N	\N	f	\N	P01013456001	BMW G2X	TH G26 PU07/24	5A94F34	\N	\N
59	\N	2026-05-07 23:37:44.791155	2026-05-13 14:18:48.339051	\N	2026-06-01	2026-05-13	\N	BMW	\N	ADAPTER HBL G21	NON_DESTRUCTIF	\N	\N	\N	f	t	\N	AP-2026-028	TERMINE	\N	AUDIT_PRODUIT	0.4	\N	2	1	7	1	\N	3	8	2026-05-13 14:18:39.403669	2026-06-07	\N	f	37	\N	ORANGE	f	\N	\N	\N	\N	\N	\N	f	\N	P00325997001	BMW G2X	ADAPTER HBL G21	8709219-01	\N	\N
57	\N	2026-05-07 23:37:40.952432	2026-06-25 16:21:07.701903	\N	2026-02-01	2026-06-25	\N	BMW	\N	MZ ZB LTG MASSE LTG HKL G29	NON_DESTRUCTIF	\N	\N	\N	f	t	uploads/rapports-audit/rapport_57_1779104208109.pdf	AP-2026-026	TERMINE	\N	AUDIT_PRODUIT	0.1	\N	2	1	7	1	\N	3	8	2026-06-25 16:19:04.281283	2026-07-25	rapport_audit_audit_20260625_161903.pdf	f	37	\N	VERT	t	uploads\\rapport\\rapport_audit_audit_20260625_161903.pdf	\N	\N	\N	\N	\N	f	\N	P00468203001	BMW G2X	MZ ZB LTG MASSE LTG HKL G29	9432585	\N	\N
38	\N	2026-05-05 19:35:52.114474	2026-05-18 10:56:37.640679	\N	2026-11-01	2026-05-18	\N	BMW	\N	ZB LTG EKMV AWD G26 BEV	DESTRUCTIF	\N	\N	\N	f	t	uploads/rapports-audit/rapport_38_1778031748867.pdf	AP-2026-010	TERMINE	\N	AUDIT_PRODUIT	0.2	\N	2	1	7	1	\N	3	8	2026-05-18 10:56:37.638917	2026-05-10	\N	f	36	\N	VERT	f	\N	\N	\N	\N	\N	\N	f	\N	P01100300002	BMW G2X	ZB LTG EKMV AWD G26 BEV	5A86336B	\N	\N
128	\N	2026-05-20 02:11:11.50405	2026-05-20 10:50:43.286515	\N	2026-09-01	2026-05-20	\N	BMW	\N	ADAPTER HBL G21	NON_DESTRUCTIF	\N	\N	\N	f	t	\N	AP-2026-075	TERMINE	\N	AUDIT_PRODUIT	0.2	\N	2	1	7	1	\N	3	8	2026-05-20 10:50:43.245471	2026-05-31	\N	f	46	\N	VERT	f	\N	\N	\N	\N	\N	\N	f	\N	P00850200001	BMW G2X	ADAPTER HBL G21	8709219-01	\N	\N
49	\N	2026-05-07 23:37:23.299619	2026-07-05 00:23:56.809773	\N	2026-02-01	2026-07-05	\N	BMW	\N	PDC HI G21 M-PAKET	DESTRUCTIF	\N	\N	\N	f	f	\N	AP-2026-018	TERMINE	\N	AUDIT_PRODUIT	0	\N	5	1	7	1	\N	3	8	2026-07-05 00:23:54.784647	2026-06-07	rapport_audit_audit_20260705_002353.pdf	f	37	\N	VERT	t	C:\\Users\\zaine\\OneDrive\\Bureau\\dev\\pap\\uploads\\rapport\\rapport_audit_audit_20260705_002353.pdf	\N	\N	\N	\N	\N	f	\N	P00813426001	BMW G2X	PDC HI G21 M-PAKET	5A5C327	\N	\N
\.


--
-- TOC entry 5350 (class 0 OID 57740)
-- Dependencies: 271
-- Data for Name: audit_export_detail; Type: TABLE DATA; Schema: public; Owner: postgres
--

COPY public.audit_export_detail (id, date_creation, numero_caisse, numero_serie, semaine_export, audit_id) FROM stdin;
\.


--
-- TOC entry 5346 (class 0 OID 57643)
-- Dependencies: 267
-- Data for Name: audit_produit_annexe; Type: TABLE DATA; Schema: public; Owner: postgres
--

COPY public.audit_produit_annexe (id, commune_tous_plants, date_import, fichier_nom, fichier_url, importe, libelle, mime_type, ordre_affichage, type_annexe, valeur_qk_extraite, audit_id, importe_par_id, form_data_json, form_valide, commentaire_validation_croisee, date_envoi_validation, date_validation_croisee, pdf_validation_path, statut_validation_croisee, auditeur_validateur_id) FROM stdin;
75	f	\N	\N	\N	f	Annexe 1A	\N	99	1A	\N	51	\N	{"monthYear":"","vehicleType":"","plant":"","rows":[{"partDesc":"Câblage","drawingNo":"—","productionDate":"2026-05-15","productAuditor":"—","qk":"0.7","nbDefects":3,"totalPoints":100,"ratingFactor":0.9,"destructive":false,"nonDestructive":true}]}	t	\N	\N	\N	\N	\N	\N
107	f	\N	\N	\N	f	Annexe 1B	\N	99	1B	\N	125	\N	{"totalPoints":25,"weightedPoints":22.5,"ratingFactor":0.9,"nbDefects":1,"valeurQK":0.2,"couleurQK":"ORANGE","nbComposants":220,"defauts":[{"code":"127","description":"Joint manquant","type":"F","freq":1,"pointsDefect":25,"totalDefectPoints":25}],"auditType":"D"}	f	\N	\N	\N	\N	\N	\N
57	f	\N	\N	\N	f	Annexe 1B	\N	99	1B	\N	59	\N	{"totalPoints":50,"nbDefects":2,"nbComposants":250,"nbCompRaw":"1","defauts":[{"code":"007","description":"Fil endommagé","type":"F","freq":1,"pointsDefect":25,"totalDefectPoints":25},{"code":"004","description":"Brin cuivre coupé manquant","type":"F","freq":1,"pointsDefect":25,"totalDefectPoints":25}],"valeurQK":0.4,"weightedPoints":45,"ratingFactor":0.9,"nbDefauts":2}	t	\N	\N	\N	\N	\N	\N
63	f	\N	\N	\N	f	Annexe 4	\N	99	4	\N	117	\N	{"rows":[{"res":"I.O"},{"res":"I.O"},{"res":"I.O"},{"res":"I.O"},{"res":"I.O"},{"res":"I.O"},{"res":"I.O"},{"res":"I.O"},{"res":"I.O"},{"res":"I.O"},{"res":"I.O"},{"res":"I.O"},{"res":"I.O"},{"res":"I.O"},{"res":"I.O"},{"res":"I.O"},{"res":"I.O"},{"res":"I.O"},{"res":"I.O"},{"res":"I.O"},{"res":"I.O"},{"res":"I.O"},{"res":"I.O"},{"res":"I.O"},{},{},{},{},{},{}],"validateur1":"zaineb","validateur2":"amel"}	t	\N	\N	\N	\N	\N	\N
82	f	\N	\N	\N	f	Annexe 1B	\N	99	1B	\N	129	\N	{"totalPoints":0,"nbDefects":0,"valeurQK":""}	t	\N	\N	\N	\N	\N	\N
109	f	\N	\N	\N	f	Annexe 4	\N	99	4	\N	130	\N	{"rows":[{},{"res":"I.O"},{"res":"N.I.O"},{},{},{},{},{},{},{},{},{},{},{},{},{},{},{},{},{},{},{},{},{},{},{},{},{},{},{}]}	f	\N	\N	\N	\N	\N	\N
55	f	\N	\N	\N	f	Annexe 4	\N	99	4	\N	59	\N	{"etapes":[{"element":"Spécifications dessin","isGroupHeader":true},{"element":"Spécifications dessin","etape":"Prendre un dessin/plan de faisceau spécialement pour l'audit de produit + Grivad-daten pour PF BMW","documentation":"Dessin/plan de faisceau","resultat":"I.O"},{"element":"","etape":"Vérification de tous les messages mentionnées dans le dessin","documentation":"Selon dessin/plan de faisceau","resultat":"I.O"},{"element":"","etape":"Vérification des marquages (Farbmarkierung et Zipper)","documentation":"Selon dessin/plan de faisceau","resultat":"I.O"},{"element":"Contrôle électrique","isGroupHeader":true},{"element":"Contrôle électrique","etape":"Refaire le contrôle électrique de nouveau du câblage/faisceau","documentation":"Étiquette CE sur le verso de l'annexe 4 IT TN 3625","resultat":"I.O"},{"element":"Document","isGroupHeader":true},{"element":"Document","etape":"Prendre une copie du plan de contrôle et vérifier les points inscrits","documentation":"Plan de contrôle /Annexe 1 de IC TN 3052","resultat":"I.O"},{"element":"Mesure","isGroupHeader":true},{"element":"Mesure","etape":"Contrôle des dimensions selon dessin/plan de faisceau","documentation":"Annexe 7 pour PF BMW + AVW + MB / Annexe 7a pour PF Audi C-BEV","resultat":"I.O"},{"element":"","etape":"Mesure des hauteurs de sertissage par un échantillon de chaque type de contact","documentation":"Paramètre de sertissage selon programme B2B / Leo Parts","resultat":"I.O"},{"element":"","etape":"Mesure des hauteurs de sertissage des contacts/USS","documentation":"IT 3117/IT 3092/IC3030 / Annexe 10 / Annexe 11a","resultat":"I.O"},{"element":"Composants","isGroupHeader":true},{"element":"Composants","etape":"Contrôler si les contacts sont bien encliquetés","documentation":"Visuellement","resultat":"I.O"},{"element":"","etape":"Contrôler si les contacts/Connecteurs sont justes et non déformés","documentation":"Classeur des contactes","resultat":"I.O"},{"element":"","etape":"Contrôle de la soudure des contacts/USS/Commutateur","documentation":"IC 3026, IC TN 3403","resultat":"I.O"},{"element":"","etape":"Contrôler si les douilles/boitiers sont correctes, fermés et non endommagées","documentation":"Visuellement/Dessin / Annexes 13(a/b/c/d)","resultat":"I.O"},{"element":"","etape":"Contrôle de la présence, la direction et la fermeture des couvercles des douilles","documentation":"Visuellement/selon symbole sur dessin","resultat":"I.O"},{"element":"","etape":"Contrôler la présence, le montage et les couleurs des joints (Seals) et bouchons","documentation":"Classeur des joints et des bouchons","resultat":"I.O"},{"element":"","etape":"Contrôle des traces de l'amboss dans la zone de sertissage pour client AVW","documentation":"Microscope USB (Digi Micro)","resultat":"I.O"},{"element":"","etape":"Contrôle du montage des tubes gorge, schlauch et monofil","documentation":"Selon message sur dessin / IC 3016","resultat":"I.O"},{"element":"","etape":"Contrôle du serrage et de la fixation des agrafes (Kabelbinder/Clips)","documentation":"Visuellement/manuel/IT 3 455-05","resultat":"I.O"},{"element":"","etape":"Contrôle visuel du point de soudure (nœud étamé)","documentation":"IC 3026","resultat":"I.O"},{"element":"Image de coupe","isGroupHeader":true},{"element":"Image de coupe","etape":"Image de coupe par un échantillon de chaque type de contact pour client AVW","documentation":"VW 603 30, AA VWP 3009 /IT3117","resultat":"I.O"},{"element":"Étanchéité","isGroupHeader":true},{"element":"Étanchéité","etape":"Contrôle de l'étanchéité des passes câbles/Schrumpfschlauch","documentation":"Annexe 1 IC TN3600","resultat":"I.O"},{"element":"","etape":"Contrôle ->< Schaum (étanchéité et mesure)","documentation":"Annexe 1 IC TN3600","resultat":"I.O"},{"element":"Poids","isGroupHeader":true},{"element":"Poids","etape":"Peser le faisceau et comparer son poids par rapport aux spécifications","documentation":"Spécifications clients / Données IMDS","resultat":"I.O"},{"element":"Étiquette","isGroupHeader":true},{"element":"Étiquette","etape":"Vérifier le contenu de l'étiquette CE (si applicable)","documentation":"Spécifications clients","resultat":"I.O"},{"element":"Vissage","isGroupHeader":true},{"element":"Vissage","etape":"Vérifier les paramètres de vissage (si applicable)","documentation":"Spécifications clients/Rapport service PT","resultat":"I.O"}],"rows":[{"res":"I.O"},{"res":"I.O"},{"res":"I.O"},{"res":"I.O"},{"res":"I.O"},{"res":"N.I.O"},{"res":"I.O"},{"res":"I.O"},{"res":"I.O"},{"res":"N.I.O"},{"res":"I.O"},{"res":"I.O"},{"res":"I.O"},{"res":"I.O"},{"res":"I.O"},{"res":"I.O"},{"res":"I.O"},{"res":"I.O"},{"res":"I.O"},{"res":"I.O"},{"res":"I.O"},{"res":"I.O"},{"res":"I.O"},{"res":"I.O"},{},{},{},{},{},{}],"index":""}	t	\N	\N	\N	\N	\N	\N
87	f	\N	\N	\N	f	Annexe 4	\N	99	4	\N	128	\N	{"rows":[{"res":"I.O"},{"res":"I.O"},{"res":"I.O"},{"res":"N.I.O"},{"res":"I.O"},{"res":"I.O"},{"res":"I.O"},{"res":"I.O"},{"res":"I.O"},{"res":"I.O"},{"res":"I.O"},{"res":"I.O"},{"res":"I.O"},{"res":"I.O"},{"res":"I.O"},{"res":"I.O"},{"res":"I.O"},{"res":"I.O"},{"res":"I.O"},{"res":"I.O"},{"res":"I.O"},{"res":"I.O"},{"res":"I.O"},{"res":"I.O"},{},{},{},{},{},{}]}	t	\N	\N	\N	\N	\N	\N
68	f	\N	\N	\N	f	Annexe 5	\N	99	5	\N	45	\N	{"questions":{"q212_texte":"bonjouuur ","q11":"Oui","q12":"Oui","q13":"Oui","q21":"Oui","q22":"Oui","q23":"Oui","q24":"Oui","q26":"Oui","q25":"Oui","q27":"Oui","q28":"Oui","q29a":"Oui","q29b":"Oui","q210":"Oui","q211":"Oui","q212":"Oui"},"validateur1":"zaineb","validateur2":"zaineb"}	t	\N	\N	\N	\N	\N	\N
70	f	\N	\N	\N	f	Annexe 7	\N	99	7	\N	45	\N	{"rows":[{"pos":1,"adresseBranche":"1452","mesure":"2","toleranceNeg":"1","tolerancePos":"1","valeurMesuree":"2","resultat":"Ok","typeBandage":"","resultatBandage":"","clipTie":"","resultatClip":"","exigenceClient":""},{"pos":2,"adresseBranche":"1452","mesure":"2","toleranceNeg":"1","tolerancePos":"1","valeurMesuree":"2","resultat":"Ok","typeBandage":"","resultatBandage":"","clipTie":"","resultatClip":"","exigenceClient":""},{"pos":3,"adresseBranche":"1457","mesure":"5","toleranceNeg":"1","tolerancePos":"1","valeurMesuree":"5","resultat":"Ok","typeBandage":"","resultatBandage":"","clipTie":"","resultatClip":"","exigenceClient":""},{"pos":4,"adresseBranche":"4785","mesure":"7","toleranceNeg":"1","tolerancePos":"1","valeurMesuree":"9","resultat":"NOK","typeBandage":"","resultatBandage":"","clipTie":"","resultatClip":"","exigenceClient":""},{"pos":5,"adresseBranche":"985","mesure":"8","toleranceNeg":"1","tolerancePos":"1","valeurMesuree":"8","resultat":"Ok","typeBandage":"","resultatBandage":"","clipTie":"","resultatClip":"","exigenceClient":""},{"pos":6,"adresseBranche":"65478","mesure":"9","toleranceNeg":"1","tolerancePos":"1","valeurMesuree":"45","resultat":"NOK","typeBandage":"","resultatBandage":"","clipTie":"","resultatClip":"","exigenceClient":""},{"pos":7,"adresseBranche":"48558","mesure":"2","toleranceNeg":"1","tolerancePos":"1","valeurMesuree":"7","resultat":"NOK","typeBandage":"","resultatBandage":"","clipTie":"","resultatClip":"","exigenceClient":""},{"pos":8,"adresseBranche":"","mesure":"","toleranceNeg":"","tolerancePos":"","valeurMesuree":"","resultat":"","typeBandage":"","resultatBandage":"","clipTie":"","resultatClip":"","exigenceClient":""},{"pos":9,"adresseBranche":"","mesure":"","toleranceNeg":"","tolerancePos":"","valeurMesuree":"","resultat":"","typeBandage":"","resultatBandage":"","clipTie":"","resultatClip":"","exigenceClient":""},{"pos":10,"adresseBranche":"","mesure":"","toleranceNeg":"","tolerancePos":"","valeurMesuree":"","resultat":"","typeBandage":"","resultatBandage":"","clipTie":"","resultatClip":"","exigenceClient":""},{"pos":11,"adresseBranche":"","mesure":"","toleranceNeg":"","tolerancePos":"","valeurMesuree":"","resultat":"","typeBandage":"","resultatBandage":"","clipTie":"","resultatClip":"","exigenceClient":""},{"pos":12,"adresseBranche":"","mesure":"","toleranceNeg":"","tolerancePos":"","valeurMesuree":"","resultat":"","typeBandage":"","resultatBandage":"","clipTie":"","resultatClip":"","exigenceClient":""},{"pos":13,"adresseBranche":"","mesure":"","toleranceNeg":"","tolerancePos":"","valeurMesuree":"","resultat":"","typeBandage":"","resultatBandage":"","clipTie":"","resultatClip":"","exigenceClient":""},{"pos":14,"adresseBranche":"","mesure":"","toleranceNeg":"","tolerancePos":"","valeurMesuree":"","resultat":"","typeBandage":"","resultatBandage":"","clipTie":"","resultatClip":"","exigenceClient":""},{"pos":15,"adresseBranche":"","mesure":"","toleranceNeg":"","tolerancePos":"","valeurMesuree":"","resultat":"","typeBandage":"","resultatBandage":"","clipTie":"","resultatClip":"","exigenceClient":""},{"pos":16,"adresseBranche":"","mesure":"","toleranceNeg":"","tolerancePos":"","valeurMesuree":"","resultat":"","typeBandage":"","resultatBandage":"","clipTie":"","resultatClip":"","exigenceClient":""},{"pos":17,"adresseBranche":"","mesure":"","toleranceNeg":"","tolerancePos":"","valeurMesuree":"","resultat":"","typeBandage":"","resultatBandage":"","clipTie":"","resultatClip":"","exigenceClient":""},{"pos":18,"adresseBranche":"","mesure":"","toleranceNeg":"","tolerancePos":"","valeurMesuree":"","resultat":"","typeBandage":"","resultatBandage":"","clipTie":"","resultatClip":"","exigenceClient":""},{"pos":19,"adresseBranche":"","mesure":"","toleranceNeg":"","tolerancePos":"","valeurMesuree":"","resultat":"","typeBandage":"","resultatBandage":"","clipTie":"","resultatClip":"","exigenceClient":""},{"pos":20,"adresseBranche":"","mesure":"","toleranceNeg":"","tolerancePos":"","valeurMesuree":"","resultat":"","typeBandage":"","resultatBandage":"","clipTie":"","resultatClip":"","exigenceClient":""},{"pos":21,"adresseBranche":"","mesure":"","toleranceNeg":"","tolerancePos":"","valeurMesuree":"","resultat":"","typeBandage":"","resultatBandage":"","clipTie":"","resultatClip":"","exigenceClient":""},{"pos":22,"adresseBranche":"","mesure":"","toleranceNeg":"","tolerancePos":"","valeurMesuree":"","resultat":"","typeBandage":"","resultatBandage":"","clipTie":"","resultatClip":"","exigenceClient":""},{"pos":23,"adresseBranche":"","mesure":"","toleranceNeg":"","tolerancePos":"","valeurMesuree":"","resultat":"","typeBandage":"","resultatBandage":"","clipTie":"","resultatClip":"","exigenceClient":""},{"pos":24,"adresseBranche":"","mesure":"","toleranceNeg":"","tolerancePos":"","valeurMesuree":"","resultat":"","typeBandage":"","resultatBandage":"","clipTie":"","resultatClip":"","exigenceClient":""},{"pos":25,"adresseBranche":"","mesure":"","toleranceNeg":"","tolerancePos":"","valeurMesuree":"","resultat":"","typeBandage":"","resultatBandage":"","clipTie":"","resultatClip":"","exigenceClient":""},{"pos":26,"adresseBranche":"","mesure":"","toleranceNeg":"","tolerancePos":"","valeurMesuree":"","resultat":"","typeBandage":"","resultatBandage":"","clipTie":"","resultatClip":"","exigenceClient":""},{"pos":27,"adresseBranche":"","mesure":"","toleranceNeg":"","tolerancePos":"","valeurMesuree":"","resultat":"","typeBandage":"","resultatBandage":"","clipTie":"","resultatClip":"","exigenceClient":""},{"pos":28,"adresseBranche":"","mesure":"","toleranceNeg":"","tolerancePos":"","valeurMesuree":"","resultat":"","typeBandage":"","resultatBandage":"","clipTie":"","resultatClip":"","exigenceClient":""},{"pos":29,"adresseBranche":"","mesure":"","toleranceNeg":"","tolerancePos":"","valeurMesuree":"","resultat":"","typeBandage":"","resultatBandage":"","clipTie":"","resultatClip":"","exigenceClient":""},{"pos":30,"adresseBranche":"","mesure":"","toleranceNeg":"","tolerancePos":"","valeurMesuree":"","resultat":"","typeBandage":"","resultatBandage":"","clipTie":"","resultatClip":"","exigenceClient":""},{"pos":31,"adresseBranche":"","mesure":"","toleranceNeg":"","tolerancePos":"","valeurMesuree":"","resultat":"","typeBandage":"","resultatBandage":"","clipTie":"","resultatClip":"","exigenceClient":""},{"pos":32,"adresseBranche":"","mesure":"","toleranceNeg":"","tolerancePos":"","valeurMesuree":"","resultat":"","typeBandage":"","resultatBandage":"","clipTie":"","resultatClip":"","exigenceClient":""},{"pos":33,"adresseBranche":"","mesure":"","toleranceNeg":"","tolerancePos":"","valeurMesuree":"","resultat":"","typeBandage":"","resultatBandage":"","clipTie":"","resultatClip":"","exigenceClient":""}]}	t	\N	\N	\N	\N	\N	\N
73	f	\N	\N	\N	f	Annexe 13B	\N	99	13B	\N	45	\N	{"attributChecks":{"productionIndex":"Ok","geometrieCouleurCodage":"Ok","couleurJoint":"Ok","marquagePins":"Ok","aspectExterieur":"Ok","entierementMoule":"Ok","verrouillageSecondaire":"Ok","assemblageSousEnsembles":"Ok"},"decisionGlobale":"Ok","dimRows":[{"nr":1,"critere":"gegejehrh f","specification":"21","echantillon":"15","decision":"Ok"},{"nr":2,"critere":"hdhjdhjbhdh","specification":"58","echantillon":"14","decision":"Ok"},{"nr":3,"critere":"kdjhd","specification":"79","echantillon":"14","decision":"Ok"},{"nr":4,"critere":"jhdg","specification":"89","echantillon":"54","decision":"Ok"},{"nr":5,"critere":"","specification":"","echantillon":"","decision":""},{"nr":6,"critere":"","specification":"","echantillon":"","decision":""},{"nr":7,"critere":"","specification":"","echantillon":"","decision":""}]}	t	\N	\N	\N	\N	\N	\N
93	f	\N	\N	\N	f	Annexe 1B	\N	99	1B	\N	76	\N	{"totalPoints":0,"nbDefects":0,"valeurQK":""}	f	\N	\N	\N	\N	\N	\N
126	f	\N	\N	\N	f	Annexe 1B	\N	99	1B	\N	144	\N	{"defauts":[{"code":"400","description":"Étape 6 non conforme","type":"F","freq":2,"pointsDefect":25,"totalDefectPoints":50,"auto":true,"sourceAnnexe":"4"}],"totalPoints":50,"weightedPoints":45,"ratingFactor":0.9,"nbDefects":1,"valeurQK":0.4,"couleurQK":"ORANGE","nbComposants":250}	t	\N	\N	\N	\N	\N	\N
110	f	\N	\N	\N	f	Annexe 7	\N	99	7	\N	130	\N	\N	f	\N	\N	\N	\N	\N	\N
113	f	\N	\N	\N	f	Annexe 13D	\N	99	13D	\N	43	\N	\N	f	\N	\N	\N	\N	\N	\N
119	f	\N	\N	\N	f	Annexe 5	\N	99	5	\N	43	\N	\N	f	\N	\N	\N	\N	\N	\N
130	f	\N	\N	\N	f	Annexe 5	\N	99	5	\N	143	\N	{"questions":{"q11":"Oui","q12":"Oui","q13":"Oui","q21":"Oui","q22":"Oui","q23":"Oui","q24":"Oui","q25":"Oui","q26":"Oui","q27":"Oui","q28":"Oui","q29a":"Oui","q29b":"Oui","q210":"Oui","q211":"Oui","q212":"Oui"}}	t	\N	\N	\N	\N	\N	\N
136	f	\N	\N	\N	f	Annexe 1A	\N	99	1A	\N	75	\N	{"monthYear":"","vehicleType":"","plant":"","rows":[{"partDesc":"Câblage","drawingNo":"—","productionDate":"2026-07-05","productAuditor":"—","qk":"0.0","nbDefects":0,"totalPoints":0,"ratingFactor":0.9,"destructive":false,"nonDestructive":true}]}	t	\N	\N	\N	\N	\N	\N
147	f	\N	\N	\N	f	Annexe 1B	\N	99	1B	\N	127	\N	{"totalPoints":0,"nbDefects":0,"valeurQK":0,"defauts":[],"nbComposants":225,"weightedPoints":0,"ratingFactor":0.9,"couleurQK":"VERT"}	f	\N	\N	\N	\N	\N	\N
4	f	2026-04-14 20:27:36.114649	CamScanner 13-04-2026 23.55.pdf	uploads/annexes/audit_7_annexe_7_1776194856057.pdf	t	Annexe 7	application/pdf	99	7	\N	7	2	\N	f	\N	\N	\N	\N	\N	\N
153	f	\N	\N	\N	f	Annexe 1A	\N	99	1A	\N	127	\N	{"monthYear":"","vehicleType":"","plant":"","rows":[{"partDesc":"Câblage","drawingNo":"—","productionDate":"2026-07-11","productAuditor":"—","qk":"0.0","nbDefects":0,"totalPoints":0,"ratingFactor":0.9,"destructive":false,"nonDestructive":true}]}	f	\N	\N	\N	\N	\N	\N
131	f	\N	\N	\N	f	Annexe 1B	\N	99	1B	\N	49	\N	{"totalPoints":0,"weightedPoints":0,"ratingFactor":0.9,"nbDefects":0,"valeurQK":0,"couleurQK":"VERT","nbComposants":222,"defauts":[]}	t	\N	\N	\N	\N	\N	\N
141	f	\N	\N	\N	f	Annexe 1B	\N	99	1B	\N	77	\N	{"totalPoints":0,"weightedPoints":0,"ratingFactor":0.9,"nbDefects":0,"valeurQK":0,"couleurQK":"VERT","nbComposants":250}	t	\N	\N	\N	\N	\N	\N
54	f	\N	\N	\N	f	Annexe 1A	\N	99	1A	\N	59	\N	{"rows":[{"partDesc":"Câblage","drawingNo":"—","productionDate":"12/05/2026","productAuditor":"—","qk":"0.40","nbDefects":2,"totalPoints":50,"ratingFactor":0.9}]}	t	\N	\N	\N	\N	\N	\N
59	f	\N	\N	\N	f	Annexe 5	\N	99	5	\N	121	\N	{"questions":{"q11":"Oui","q12":"Oui","q13":"Oui","q21":"Oui","q23":"Oui","q22":"Oui","q24":"Oui","q25":"Oui","q26":"Oui","q27":"Oui","q28":"Oui","q29a":"Oui","q29b":"Oui","q210":"Oui","q212":"Oui","q211":"Oui"}}	t	\N	\N	\N	\N	\N	\N
64	f	\N	\N	\N	f	Annexe 7	\N	99	7	\N	117	\N	{"rows":[{"pos":1,"adresseBranche":"458e5","mesure":"44","toleranceNeg":"1","tolerancePos":"1","valeurMesuree":"45","resultat":"Ok","typeBandage":"hdgdghf","resultatBandage":"Ok","clipTie":"jkrkjjnrjk","resultatClip":"Ok","exigenceClient":"ok"},{"pos":2,"adresseBranche":"hd45874r","mesure":"25","toleranceNeg":"1","tolerancePos":"1","valeurMesuree":"25","resultat":"Ok","typeBandage":"hebdbj;f","resultatBandage":"Ok","clipTie":"fhfhfjf","resultatClip":"Ok","exigenceClient":"ok"},{"pos":3,"adresseBranche":"hdgdt","mesure":"4","toleranceNeg":"1","tolerancePos":"1","valeurMesuree":"5","resultat":"Ok","typeBandage":"ffnfknj","resultatBandage":"Ok","clipTie":"jfhkff","resultatClip":"Ok","exigenceClient":"ok"},{"pos":4,"adresseBranche":"","mesure":"","toleranceNeg":"","tolerancePos":"","valeurMesuree":"","resultat":"","typeBandage":"","resultatBandage":"","clipTie":"","resultatClip":"","exigenceClient":""},{"pos":5,"adresseBranche":"","mesure":"","toleranceNeg":"","tolerancePos":"","valeurMesuree":"","resultat":"","typeBandage":"","resultatBandage":"","clipTie":"","resultatClip":"","exigenceClient":""},{"pos":6,"adresseBranche":"","mesure":"","toleranceNeg":"","tolerancePos":"","valeurMesuree":"","resultat":"","typeBandage":"","resultatBandage":"","clipTie":"","resultatClip":"","exigenceClient":""},{"pos":7,"adresseBranche":"","mesure":"","toleranceNeg":"","tolerancePos":"","valeurMesuree":"","resultat":"","typeBandage":"","resultatBandage":"","clipTie":"","resultatClip":"","exigenceClient":""},{"pos":8,"adresseBranche":"","mesure":"","toleranceNeg":"","tolerancePos":"","valeurMesuree":"","resultat":"","typeBandage":"","resultatBandage":"","clipTie":"","resultatClip":"","exigenceClient":""},{"pos":9,"adresseBranche":"","mesure":"","toleranceNeg":"","tolerancePos":"","valeurMesuree":"","resultat":"","typeBandage":"","resultatBandage":"","clipTie":"","resultatClip":"","exigenceClient":""},{"pos":10,"adresseBranche":"","mesure":"","toleranceNeg":"","tolerancePos":"","valeurMesuree":"","resultat":"","typeBandage":"","resultatBandage":"","clipTie":"","resultatClip":"","exigenceClient":""},{"pos":11,"adresseBranche":"","mesure":"","toleranceNeg":"","tolerancePos":"","valeurMesuree":"","resultat":"","typeBandage":"","resultatBandage":"","clipTie":"","resultatClip":"","exigenceClient":""},{"pos":12,"adresseBranche":"","mesure":"","toleranceNeg":"","tolerancePos":"","valeurMesuree":"","resultat":"","typeBandage":"","resultatBandage":"","clipTie":"","resultatClip":"","exigenceClient":""},{"pos":13,"adresseBranche":"","mesure":"","toleranceNeg":"","tolerancePos":"","valeurMesuree":"","resultat":"","typeBandage":"","resultatBandage":"","clipTie":"","resultatClip":"","exigenceClient":""},{"pos":14,"adresseBranche":"","mesure":"","toleranceNeg":"","tolerancePos":"","valeurMesuree":"","resultat":"","typeBandage":"","resultatBandage":"","clipTie":"","resultatClip":"","exigenceClient":""},{"pos":15,"adresseBranche":"","mesure":"","toleranceNeg":"","tolerancePos":"","valeurMesuree":"","resultat":"","typeBandage":"","resultatBandage":"","clipTie":"","resultatClip":"","exigenceClient":""},{"pos":16,"adresseBranche":"","mesure":"","toleranceNeg":"","tolerancePos":"","valeurMesuree":"","resultat":"","typeBandage":"","resultatBandage":"","clipTie":"","resultatClip":"","exigenceClient":""},{"pos":17,"adresseBranche":"","mesure":"","toleranceNeg":"","tolerancePos":"","valeurMesuree":"","resultat":"","typeBandage":"","resultatBandage":"","clipTie":"","resultatClip":"","exigenceClient":""},{"pos":18,"adresseBranche":"","mesure":"","toleranceNeg":"","tolerancePos":"","valeurMesuree":"","resultat":"","typeBandage":"","resultatBandage":"","clipTie":"","resultatClip":"","exigenceClient":""},{"pos":19,"adresseBranche":"","mesure":"","toleranceNeg":"","tolerancePos":"","valeurMesuree":"","resultat":"","typeBandage":"","resultatBandage":"","clipTie":"","resultatClip":"","exigenceClient":""},{"pos":20,"adresseBranche":"","mesure":"","toleranceNeg":"","tolerancePos":"","valeurMesuree":"","resultat":"","typeBandage":"","resultatBandage":"","clipTie":"","resultatClip":"","exigenceClient":""},{"pos":21,"adresseBranche":"","mesure":"","toleranceNeg":"","tolerancePos":"","valeurMesuree":"","resultat":"","typeBandage":"","resultatBandage":"","clipTie":"","resultatClip":"","exigenceClient":""},{"pos":22,"adresseBranche":"","mesure":"","toleranceNeg":"","tolerancePos":"","valeurMesuree":"","resultat":"","typeBandage":"","resultatBandage":"","clipTie":"","resultatClip":"","exigenceClient":""},{"pos":23,"adresseBranche":"","mesure":"","toleranceNeg":"","tolerancePos":"","valeurMesuree":"","resultat":"","typeBandage":"","resultatBandage":"","clipTie":"","resultatClip":"","exigenceClient":""},{"pos":24,"adresseBranche":"","mesure":"","toleranceNeg":"","tolerancePos":"","valeurMesuree":"","resultat":"","typeBandage":"","resultatBandage":"","clipTie":"","resultatClip":"","exigenceClient":""},{"pos":25,"adresseBranche":"","mesure":"","toleranceNeg":"","tolerancePos":"","valeurMesuree":"","resultat":"","typeBandage":"","resultatBandage":"","clipTie":"","resultatClip":"","exigenceClient":""},{"pos":26,"adresseBranche":"","mesure":"","toleranceNeg":"","tolerancePos":"","valeurMesuree":"","resultat":"","typeBandage":"","resultatBandage":"","clipTie":"","resultatClip":"","exigenceClient":""},{"pos":27,"adresseBranche":"","mesure":"","toleranceNeg":"","tolerancePos":"","valeurMesuree":"","resultat":"","typeBandage":"","resultatBandage":"","clipTie":"","resultatClip":"","exigenceClient":""},{"pos":28,"adresseBranche":"","mesure":"","toleranceNeg":"","tolerancePos":"","valeurMesuree":"","resultat":"","typeBandage":"","resultatBandage":"","clipTie":"","resultatClip":"","exigenceClient":""},{"pos":29,"adresseBranche":"","mesure":"","toleranceNeg":"","tolerancePos":"","valeurMesuree":"","resultat":"","typeBandage":"","resultatBandage":"","clipTie":"","resultatClip":"","exigenceClient":""},{"pos":30,"adresseBranche":"","mesure":"","toleranceNeg":"","tolerancePos":"","valeurMesuree":"","resultat":"","typeBandage":"","resultatBandage":"","clipTie":"","resultatClip":"","exigenceClient":""},{"pos":31,"adresseBranche":"","mesure":"","toleranceNeg":"","tolerancePos":"","valeurMesuree":"","resultat":"","typeBandage":"","resultatBandage":"","clipTie":"","resultatClip":"","exigenceClient":""},{"pos":32,"adresseBranche":"","mesure":"","toleranceNeg":"","tolerancePos":"","valeurMesuree":"","resultat":"","typeBandage":"","resultatBandage":"","clipTie":"","resultatClip":"","exigenceClient":""},{"pos":33,"adresseBranche":"","mesure":"","toleranceNeg":"","tolerancePos":"","valeurMesuree":"","resultat":"","typeBandage":"","resultatBandage":"","clipTie":"","resultatClip":"","exigenceClient":""}],"numDessin":"hello","famille":"BMW","numBMW":"GDATRF","date":"15/02/2026","auditeur":"zaineb hammouda","index":"index"}	t	\N	\N	\N	\N	\N	\N
144	f	\N	\N	\N	f	Annexe 4	\N	99	4	\N	79	\N	{"rows":[{"res":"I.O"},{"res":"I.O"},{"res":"I.O"},{"res":"I.O"},{"res":"I.O"},{"res":"I.O"},{"res":"I.O"},{"res":"I.O"},{"res":"I.O"},{"res":"I.O"},{"res":"I.O"},{"res":"I.O"},{"res":"I.O"},{"res":"I.O"},{"res":"I.O"},{"res":"I.O"},{"res":"I.O"},{"res":"I.O"},{"res":"I.O"},{"res":"I.O"},{"res":"I.O"},{"res":"I.O"},{"res":"I.O"},{"res":"I.O"},{},{},{},{},{},{}],"validateur2":""}	t		2026-07-07 00:37:06.978943	2026-07-07 00:48:49.290903	uploads\\annexes-validation\\79\\annexe_4_20260707_003706.pdf	VALIDEE	5
69	f	\N	\N	\N	f	Annexe 1B	\N	99	1B	\N	45	\N	{"totalPoints":25,"nbDefects":1,"valeurQK":0.2,"weightedPoints":22.5,"ratingFactor":0.9,"couleurQK":"ORANGE","nbComposants":250,"defauts":[{"code":"003","description":"Mauvais composant (fil / gaine)","type":"F","freq":1,"pointsDefect":25,"totalDefectPoints":25}]}	t	\N	\N	\N	\N	\N	\N
76	f	\N	\N	\N	f	Annexe 4	\N	99	4	\N	51	\N	{"rows":[{"res":"I.O"},{"res":"I.O"},{"res":"I.O"},{"res":"I.O"},{"res":"I.O"},{"res":"I.O"},{"res":"I.O"},{"res":"I.O"},{"res":"I.O"},{"res":"I.O"},{"res":"I.O"},{"res":"I.O"},{"res":"I.O"},{"res":"I.O"},{"res":"I.O"},{"res":"I.O"},{"res":"I.O"},{"res":"I.O"},{"res":"I.O"},{"res":"I.O"},{"res":"I.O"},{"res":"I.O"},{"res":"I.O"},{"res":"I.O"},{},{},{},{},{},{}],"validateur2":"zaineb"}	t	\N	\N	\N	\N	\N	\N
80	f	\N	\N	\N	f	Annexe 1A	\N	99	1A	\N	129	\N	{"monthYear":"","vehicleType":"","plant":"","rows":[{"partDesc":"Câblage","drawingNo":"—","productionDate":"2026-05-20","productAuditor":"—","qk":"0.0","nbDefects":0,"totalPoints":0,"ratingFactor":2,"destructive":false,"nonDestructive":true}]}	t	\N	\N	\N	\N	\N	\N
88	f	\N	\N	\N	f	Annexe 1A	\N	99	1A	\N	128	\N	{"monthYear":"","vehicleType":"","plant":"","rows":[{"partDesc":"Câblage","drawingNo":"—","productionDate":"2026-05-20","productAuditor":"—","qk":"0.2","nbDefects":1,"totalPoints":25,"ratingFactor":0.9,"destructive":false,"nonDestructive":true}]}	t	\N	\N	\N	\N	\N	\N
101	f	\N	\N	\N	f	Annexe 6	\N	99	6	\N	125	\N	\N	f	\N	\N	\N	\N	\N	\N
106	f	\N	\N	\N	f	Annexe 1A	\N	99	1A	\N	125	\N	\N	f	\N	\N	\N	\N	\N	\N
111	f	\N	\N	\N	f	Annexe 7	\N	99	7	\N	132	\N	{}	t	\N	\N	\N	\N	\N	\N
114	f	\N	\N	\N	f	Annexe 13A	\N	99	13A	\N	43	\N	\N	f	\N	\N	\N	\N	\N	\N
117	f	\N	\N	\N	f	Annexe 8	\N	99	8	\N	43	\N	\N	f	\N	\N	\N	\N	\N	\N
120	f	\N	\N	\N	f	Annexe 1B	\N	99	1B	\N	43	\N	\N	f	\N	\N	\N	\N	\N	\N
121	f	\N	\N	\N	f	Annexe 1A	\N	99	1A	\N	43	\N	\N	f	\N	\N	\N	\N	\N	\N
125	f	\N	\N	\N	f	Annexe 1A	\N	99	1A	\N	144	\N	{"monthYear":"","vehicleType":"","plant":"","rows":[{"partDesc":"Câblage","drawingNo":"—","productionDate":"2026-06-25","productAuditor":"—","qk":"0.4","nbDefects":1,"totalPoints":50,"ratingFactor":0.9,"destructive":false,"nonDestructive":true}]}	t	\N	\N	\N	\N	\N	\N
148	f	\N	\N	\N	f	Annexe 4	\N	99	4	\N	127	\N	{"validateur1":"Auditeur1_ BMW — 10/07/2026","rows":[{"res":"I.O"},{"res":"N.I.O"},{"res":"N.I.O"},{},{},{},{},{},{},{},{},{},{},{},{},{},{},{},{},{},{},{},{},{},{},{},{},{},{},{}]}	f	\N	\N	\N	\N	\N	\N
2	f	2026-04-14 14:42:14.119562	stage__Copy_.pdf	uploads/annexes/audit_7_annexe_5_1776174134085.pdf	t	Annexe 5	application/pdf	99	5	\N	7	2	\N	f	\N	\N	\N	\N	\N	\N
142	f	\N	\N	\N	f	Annexe 1B	\N	99	1B	\N	70	\N	\N	f	\N	\N	\N	\N	\N	\N
145	f	\N	\N	\N	f	Annexe 7	\N	99	7	\N	79	\N	\N	f	\N	\N	\N	\N	\N	\N
132	f	\N	\N	\N	f	Annexe 1A	\N	99	1A	\N	49	\N	{"monthYear":"","vehicleType":"","plant":"","rows":[{"partDesc":"Câblage","drawingNo":"—","productionDate":"2026-07-04","productAuditor":"—","qk":"0.0","nbDefects":0,"totalPoints":0,"ratingFactor":0.9,"destructive":false,"nonDestructive":true}]}	t	\N	\N	\N	\N	\N	\N
61	f	\N	\N	\N	f	Annexe 1B	\N	99	1B	\N	121	\N	{"nbComposants":250,"defauts":[{"code":"003","description":"Mauvais composant (fil / gaine)","type":"F","freq":1,"pointsDefect":25,"totalDefectPoints":25}],"totalPoints":25,"weightedPoints":22.5,"ratingFactor":0.9,"nbDefects":1,"valeurQK":0.2,"couleurQK":"ORANGE"}	t	\N	\N	\N	\N	\N	\N
65	f	\N	\N	\N	f	Annexe 1A	\N	99	1A	\N	117	\N	{"monthYear":"","vehicleType":"","plant":"","rows":[{"partDesc":"Câblage","drawingNo":"—","productionDate":"2026-05-15","productAuditor":"—","qk":"0.7","nbDefects":1,"totalPoints":100,"ratingFactor":0.9,"destructive":false,"nonDestructive":true}]}	t	\N	\N	\N	\N	\N	\N
71	f	\N	\N	\N	f	Annexe 1A	\N	99	1A	\N	45	\N	{"monthYear":"","vehicleType":"","plant":"","rows":[{"partDesc":"Câblage","drawingNo":"—","productionDate":"2026-05-15","productAuditor":"—","qk":"0.2","nbDefects":1,"totalPoints":25,"ratingFactor":0.9,"destructive":false,"nonDestructive":true}]}	t	\N	\N	\N	\N	\N	\N
135	f	\N	\N	\N	f	Annexe 1B	\N	99	1B	\N	71	\N	{"totalPoints":0,"weightedPoints":0,"ratingFactor":1,"nbDefects":0,"valeurQK":0,"couleurQK":"VERT","nbComposants":145}	t	\N	\N	\N	\N	\N	\N
81	f	\N	\N	\N	f	Annexe 4	\N	99	4	\N	129	\N	{"rows":[{"res":"I.O"},{"res":"I.O"},{"res":"NA"},{"res":"I.O"},{"res":"I.O"},{"res":"NA"},{"res":"I.O"},{"res":"I.O"},{"res":"I.O"},{"res":"I.O"},{"res":"I.O"},{"res":"I.O"},{"res":"I.O"},{"res":"NA"},{"res":"NA"},{"res":"I.O"},{},{"res":"NA"},{"res":"NA"},{"res":"NA"},{"res":"NA"},{"res":"I.O"},{},{"res":"NA"},{},{},{},{},{},{}]}	t	\N	\N	\N	\N	\N	\N
92	f	\N	\N	\N	f	Annexe 1B	\N	99	1B	\N	52	\N	{"totalPoints":0,"weightedPoints":0,"ratingFactor":0.8,"nbDefects":0,"valeurQK":0,"couleurQK":"VERT","nbComposants":521,"defauts":[]}	t	\N	\N	\N	\N	\N	\N
149	f	\N	\N	\N	f	Annexe 1A	\N	99	1A	\N	54	\N	{"monthYear":"","vehicleType":"","plant":"","rows":[{"partDesc":"Câblage","drawingNo":"—","productionDate":"2026-07-11","productAuditor":"—","qk":"0.0","nbDefects":0,"totalPoints":0,"ratingFactor":0.9,"destructive":false,"nonDestructive":true}]}	t	\N	\N	\N	\N	\N	\N
95	f	\N	\N	\N	f	Annexe 4	\N	99	4	\N	76	\N	{"rows":[{"res":"I.O"},{"res":"I.O"},{"res":"I.O"},{"res":"I.O"},{"res":"N.I.O"},{},{},{},{},{},{},{},{},{},{},{},{},{},{},{},{},{},{},{},{},{},{},{},{},{}]}	f	\N	\N	\N	\N	\N	\N
102	f	\N	\N	\N	f	Annexe 13C	\N	99	13C	\N	125	\N	\N	f	\N	\N	\N	\N	\N	\N
105	f	\N	\N	\N	f	Annexe 7	\N	99	7	\N	125	\N	\N	f	\N	\N	\N	\N	\N	\N
112	f	\N	\N	\N	f	Annexe 1B	\N	99	1B	\N	132	\N	{"totalPoints":25,"weightedPoints":22.5,"ratingFactor":0.9,"nbDefects":1,"valeurQK":0.2,"couleurQK":"ORANGE","nbComposants":256,"defauts":[{"code":"005","description":"Dénudage ou dégainage non fait correctement","type":"F","freq":1,"pointsDefect":25,"totalDefectPoints":25}]}	f	\N	\N	\N	\N	\N	\N
118	f	\N	\N	\N	f	Annexe 6	\N	99	6	\N	43	\N	\N	f	\N	\N	\N	\N	\N	\N
124	f	\N	\N	\N	f	Annexe 4	\N	99	4	\N	144	\N	{"rows":[{"res":"I.O"},{"res":"I.O"},{"res":"I.O"},{"res":"I.O"},{"res":"I.O"},{"res":"N.I.O"},{"res":"I.O"},{"res":"I.O"},{"res":"I.O"},{"res":"I.O"},{"res":"I.O"},{"res":"I.O"},{"res":"I.O"},{"res":"N.I.O"},{"res":"I.O"},{"res":"I.O"},{"res":"I.O"},{"res":"I.O"},{"res":"I.O"},{"res":"I.O"},{"res":"I.O"},{"res":"I.O"},{"res":"I.O"},{"res":"I.O"},{},{},{},{},{},{}]}	t	\N	\N	\N	\N	\N	\N
134	f	\N	\N	\N	f	Annexe 1A	\N	99	1A	\N	71	\N	{"monthYear":"","vehicleType":"","plant":"","rows":[{"partDesc":"Câblage","drawingNo":"","productionDate":"2026-07-04","productAuditor":"","qk":"0.0","nbDefects":0,"totalPoints":0,"ratingFactor":1,"destructive":false,"nonDestructive":true},{"partDesc":"","drawingNo":"","productionDate":"","productAuditor":"","qk":"","nbDefects":"","totalPoints":"","ratingFactor":"","destructive":false,"nonDestructive":false},{"partDesc":"","drawingNo":"","productionDate":"","productAuditor":"","qk":"","nbDefects":"","totalPoints":"","ratingFactor":"","destructive":false,"nonDestructive":false},{"partDesc":"","drawingNo":"","productionDate":"","productAuditor":"","qk":"","nbDefects":"","totalPoints":"","ratingFactor":"","destructive":false,"nonDestructive":false},{"partDesc":"","drawingNo":"","productionDate":"","productAuditor":"","qk":"","nbDefects":"","totalPoints":"","ratingFactor":"","destructive":false,"nonDestructive":false},{"partDesc":"","drawingNo":"","productionDate":"","productAuditor":"","qk":"","nbDefects":"","totalPoints":"","ratingFactor":"","destructive":false,"nonDestructive":false},{"partDesc":"","drawingNo":"","productionDate":"","productAuditor":"","qk":"","nbDefects":"","totalPoints":"","ratingFactor":"","destructive":false,"nonDestructive":false},{"partDesc":"","drawingNo":"","productionDate":"","productAuditor":"","qk":"","nbDefects":"","totalPoints":"","ratingFactor":"","destructive":false,"nonDestructive":false}]}	t	\N	\N	\N	\N	\N	\N
151	f	\N	\N	\N	f	Annexe 1B	\N	99	1B	\N	150	\N	{"totalPoints":0,"weightedPoints":0,"ratingFactor":0.9,"nbDefects":0,"valeurQK":0,"couleurQK":"VERT","nbComposants":225}	t	\N	\N	\N	\N	\N	\N
3	f	2026-04-14 14:42:20.614289	CamScanner 13-04-2026 23.04.pdf	uploads/annexes/audit_7_annexe_1A_1776174140607.pdf	t	Annexe 1A	application/pdf	99	1A	\N	7	2	\N	f	\N	\N	\N	\N	\N	\N
62	f	\N	\N	\N	f	Annexe 1A	\N	99	1A	\N	121	\N	{"rows":[{"partDesc":"Câblage","drawingNo":"—","productionDate":"2026-05-13","productAuditor":"—","qk":"0.2","nbDefects":1,"totalPoints":25,"ratingFactor":0.9,"destructive":false,"nonDestructive":true},{"partDesc":"","drawingNo":"","productionDate":"","productAuditor":"","qk":"","nbDefects":"","totalPoints":"","ratingFactor":"","destructive":false,"nonDestructive":false},{"partDesc":"","drawingNo":"","productionDate":"","productAuditor":"","qk":"","nbDefects":"","totalPoints":"","ratingFactor":"","destructive":false,"nonDestructive":false},{"partDesc":"","drawingNo":"","productionDate":"","productAuditor":"","qk":"","nbDefects":"","totalPoints":"","ratingFactor":"","destructive":false,"nonDestructive":false},{"partDesc":"","drawingNo":"","productionDate":"","productAuditor":"","qk":"","nbDefects":"","totalPoints":"","ratingFactor":"","destructive":false,"nonDestructive":false},{"partDesc":"","drawingNo":"","productionDate":"","productAuditor":"","qk":"","nbDefects":"","totalPoints":"","ratingFactor":"","destructive":false,"nonDestructive":false},{"partDesc":"","drawingNo":"","productionDate":"","productAuditor":"","qk":"","nbDefects":"","totalPoints":"","ratingFactor":"","destructive":false,"nonDestructive":false},{"partDesc":"","drawingNo":"","productionDate":"","productAuditor":"","qk":"","nbDefects":"","totalPoints":"","ratingFactor":"","destructive":false,"nonDestructive":false}],"monthYear":"","vehicleType":"","plant":""}	t	\N	\N	\N	\N	\N	\N
56	f	\N	\N	\N	f	Annexe 5	\N	99	5	\N	59	\N	{"questions":{"q11":"Oui","q13":"Oui","q12":"Oui","q21":"Oui","q22":"Oui","q23":"Oui","q24":"Oui","q25":"Oui","q26":"Oui","q27":"Oui","q28":"Oui","q29a":"Oui","q29b":"Oui","q210":"Oui","q211":"Oui","q212":"Oui"}}	t	\N	\N	\N	\N	\N	\N
66	f	\N	\N	\N	f	Annexe 5	\N	99	5	\N	117	\N	{"questions":{"q11":"Oui","q12":"Oui","q13":"Oui","q21":"Oui","q22":"Non","q24":"Non","q23":"Oui","q25":"NA","q26":"Oui","q27":"Oui","q28":"Oui","q29a":"Oui","q29b":"Oui","q210":"Oui","q211":"Oui","q212":"Oui"},"serie":"VW","indexDate":"ghty"}	t	\N	\N	\N	\N	\N	\N
99	f	\N	\N	\N	f	Annexe 13D	\N	99	13D	\N	125	\N	\N	f	\N	\N	\N	\N	\N	\N
72	f	\N	\N	\N	f	Annexe 4	\N	99	4	\N	45	\N	{"rows":[{"res":"I.O"},{"res":"I.O"},{"res":"I.O"},{"res":"N.I.O"},{},{"res":"I.O"},{"res":"I.O"},{"res":"I.O"},{"res":"I.O"},{"res":"I.O"},{"res":"I.O"},{"res":"I.O"},{"res":"I.O"},{"res":"I.O"},{"res":"I.O"},{"res":"I.O"},{"res":"I.O"},{"res":"I.O"},{"res":"I.O"},{"res":"I.O"},{"res":"I.O"},{"res":"I.O"},{"res":"I.O"},{"res":"I.O"},{},{},{},{},{},{}],"validateur1":"zaineb","validateur2":"zaineb"}	t	\N	\N	\N	\N	\N	\N
79	f	\N	\N	\N	f	Annexe 1B	\N	99	1B	\N	51	\N	{"totalPoints":100,"weightedPoints":90,"ratingFactor":0.9,"nbDefects":3,"valeurQK":0.7,"couleurQK":"ROSE","nbComposants":222,"defauts":[{"code":"005","description":"Dénudage ou dégainage non fait correctement","type":"F","freq":1,"pointsDefect":25,"totalDefectPoints":25,"checked":true,"pilot":"zaineb"},{"code":"008","description":"Mesure trop courte","type":"F","freq":2,"pointsDefect":25,"totalDefectPoints":50,"checked":true,"pilot":"zaineb"},{"code":"010","description":"Longueur dénudage trop courte","type":"F","freq":1,"pointsDefect":25,"totalDefectPoints":25,"checked":true,"pilot":"zaineb"}]}	t	\N	\N	\N	\N	\N	\N
103	f	\N	\N	\N	f	Annexe 5	\N	99	5	\N	125	\N	\N	f	\N	\N	\N	\N	\N	\N
116	f	\N	\N	\N	f	Annexe 13B	\N	99	13B	\N	43	\N	\N	f	\N	\N	\N	\N	\N	\N
84	f	\N	\N	\N	f	Annexe 4	\N	99	4	\N	60	\N	{"rows":[{"res":"I.O"},{"res":"I.O"},{"res":"I.O"},{"res":"N.I.O"},{"res":"I.O"},{"res":"I.O"},{"res":"I.O"},{"res":"I.O"},{"res":"I.O"},{"res":"I.O"},{"res":"I.O"},{"res":"I.O"},{"res":"I.O"},{"res":"I.O"},{"res":"I.O"},{"res":"I.O"},{"res":"I.O"},{"res":"I.O"},{"res":"I.O"},{"res":"I.O"},{"res":"I.O"},{"res":"I.O"},{"res":"I.O"},{"res":"I.O"},{},{},{},{},{},{}]}	t	\N	\N	\N	\N	\N	\N
83	f	\N	\N	\N	f	Annexe 1B	\N	99	1B	\N	60	\N	{"totalPoints":25,"weightedPoints":22.5,"ratingFactor":0.9,"nbDefects":1,"valeurQK":0.2,"couleurQK":"ORANGE","nbComposants":250,"defauts":[{"code":"005","description":"Dénudage ou dégainage non fait correctement","type":"F","freq":1,"pointsDefect":25,"totalDefectPoints":25}]}	t	\N	\N	\N	\N	\N	\N
85	f	\N	\N	\N	f	Annexe 1A	\N	99	1A	\N	60	\N	{"monthYear":"","vehicleType":"","plant":"","rows":[{"partDesc":"Câblage","drawingNo":"—","productionDate":"2026-05-20","productAuditor":"—","qk":"0.2","nbDefects":1,"totalPoints":25,"ratingFactor":0.9,"destructive":false,"nonDestructive":true}]}	t	\N	\N	\N	\N	\N	\N
115	f	\N	\N	\N	f	Annexe 13C	\N	99	13C	\N	43	\N	\N	f	\N	\N	\N	\N	\N	\N
122	f	\N	\N	\N	f	Annexe 4	\N	99	4	\N	43	\N	\N	f	\N	\N	\N	\N	\N	\N
123	f	\N	\N	\N	f	Annexe 7	\N	99	7	\N	43	\N	\N	f	\N	\N	\N	\N	\N	\N
96	f	\N	\N	\N	f	Annexe 7	\N	99	7	\N	76	\N	{"rows":[{"pos":1,"adresseBranche":"hdgdg","mesure":"5","toleranceNeg":"1","tolerancePos":"1","valeurMesuree":"7","resultat":"NOK","typeBandage":"","resultatBandage":"","clipTie":"","resultatClip":"","exigenceClient":""},{"pos":2,"adresseBranche":"","mesure":"","toleranceNeg":"","tolerancePos":"","valeurMesuree":"","resultat":"Ok","typeBandage":"","resultatBandage":"","clipTie":"","resultatClip":"","exigenceClient":""},{"pos":3,"adresseBranche":"","mesure":"","toleranceNeg":"","tolerancePos":"","valeurMesuree":"","resultat":"Ok","typeBandage":"","resultatBandage":"","clipTie":"","resultatClip":"","exigenceClient":""},{"pos":4,"adresseBranche":"","mesure":"","toleranceNeg":"","tolerancePos":"","valeurMesuree":"","resultat":"","typeBandage":"","resultatBandage":"","clipTie":"","resultatClip":"","exigenceClient":""},{"pos":5,"adresseBranche":"","mesure":"","toleranceNeg":"","tolerancePos":"","valeurMesuree":"","resultat":"","typeBandage":"","resultatBandage":"","clipTie":"","resultatClip":"","exigenceClient":""},{"pos":6,"adresseBranche":"","mesure":"","toleranceNeg":"","tolerancePos":"","valeurMesuree":"","resultat":"","typeBandage":"","resultatBandage":"","clipTie":"","resultatClip":"","exigenceClient":""},{"pos":7,"adresseBranche":"","mesure":"","toleranceNeg":"","tolerancePos":"","valeurMesuree":"","resultat":"","typeBandage":"","resultatBandage":"","clipTie":"","resultatClip":"","exigenceClient":""},{"pos":8,"adresseBranche":"","mesure":"","toleranceNeg":"","tolerancePos":"","valeurMesuree":"","resultat":"","typeBandage":"","resultatBandage":"","clipTie":"","resultatClip":"","exigenceClient":""},{"pos":9,"adresseBranche":"","mesure":"","toleranceNeg":"","tolerancePos":"","valeurMesuree":"","resultat":"","typeBandage":"","resultatBandage":"","clipTie":"","resultatClip":"","exigenceClient":""},{"pos":10,"adresseBranche":"","mesure":"","toleranceNeg":"","tolerancePos":"","valeurMesuree":"","resultat":"","typeBandage":"","resultatBandage":"","clipTie":"","resultatClip":"","exigenceClient":""},{"pos":11,"adresseBranche":"","mesure":"","toleranceNeg":"","tolerancePos":"","valeurMesuree":"","resultat":"","typeBandage":"","resultatBandage":"","clipTie":"","resultatClip":"","exigenceClient":""},{"pos":12,"adresseBranche":"","mesure":"","toleranceNeg":"","tolerancePos":"","valeurMesuree":"","resultat":"","typeBandage":"","resultatBandage":"","clipTie":"","resultatClip":"","exigenceClient":""},{"pos":13,"adresseBranche":"","mesure":"","toleranceNeg":"","tolerancePos":"","valeurMesuree":"","resultat":"","typeBandage":"","resultatBandage":"","clipTie":"","resultatClip":"","exigenceClient":""},{"pos":14,"adresseBranche":"","mesure":"","toleranceNeg":"","tolerancePos":"","valeurMesuree":"","resultat":"","typeBandage":"","resultatBandage":"","clipTie":"","resultatClip":"","exigenceClient":""},{"pos":15,"adresseBranche":"","mesure":"","toleranceNeg":"","tolerancePos":"","valeurMesuree":"","resultat":"","typeBandage":"","resultatBandage":"","clipTie":"","resultatClip":"","exigenceClient":""},{"pos":16,"adresseBranche":"","mesure":"","toleranceNeg":"","tolerancePos":"","valeurMesuree":"","resultat":"","typeBandage":"","resultatBandage":"","clipTie":"","resultatClip":"","exigenceClient":""},{"pos":17,"adresseBranche":"","mesure":"","toleranceNeg":"","tolerancePos":"","valeurMesuree":"","resultat":"","typeBandage":"","resultatBandage":"","clipTie":"","resultatClip":"","exigenceClient":""},{"pos":18,"adresseBranche":"","mesure":"","toleranceNeg":"","tolerancePos":"","valeurMesuree":"","resultat":"","typeBandage":"","resultatBandage":"","clipTie":"","resultatClip":"","exigenceClient":""},{"pos":19,"adresseBranche":"","mesure":"","toleranceNeg":"","tolerancePos":"","valeurMesuree":"","resultat":"","typeBandage":"","resultatBandage":"","clipTie":"","resultatClip":"","exigenceClient":""},{"pos":20,"adresseBranche":"","mesure":"","toleranceNeg":"","tolerancePos":"","valeurMesuree":"","resultat":"","typeBandage":"","resultatBandage":"","clipTie":"","resultatClip":"","exigenceClient":""},{"pos":21,"adresseBranche":"","mesure":"","toleranceNeg":"","tolerancePos":"","valeurMesuree":"","resultat":"","typeBandage":"","resultatBandage":"","clipTie":"","resultatClip":"","exigenceClient":""},{"pos":22,"adresseBranche":"","mesure":"","toleranceNeg":"","tolerancePos":"","valeurMesuree":"","resultat":"","typeBandage":"","resultatBandage":"","clipTie":"","resultatClip":"","exigenceClient":""},{"pos":23,"adresseBranche":"","mesure":"","toleranceNeg":"","tolerancePos":"","valeurMesuree":"","resultat":"","typeBandage":"","resultatBandage":"","clipTie":"","resultatClip":"","exigenceClient":""},{"pos":24,"adresseBranche":"","mesure":"","toleranceNeg":"","tolerancePos":"","valeurMesuree":"","resultat":"","typeBandage":"","resultatBandage":"","clipTie":"","resultatClip":"","exigenceClient":""},{"pos":25,"adresseBranche":"","mesure":"","toleranceNeg":"","tolerancePos":"","valeurMesuree":"","resultat":"","typeBandage":"","resultatBandage":"","clipTie":"","resultatClip":"","exigenceClient":""},{"pos":26,"adresseBranche":"","mesure":"","toleranceNeg":"","tolerancePos":"","valeurMesuree":"","resultat":"","typeBandage":"","resultatBandage":"","clipTie":"","resultatClip":"","exigenceClient":""},{"pos":27,"adresseBranche":"","mesure":"","toleranceNeg":"","tolerancePos":"","valeurMesuree":"","resultat":"","typeBandage":"","resultatBandage":"","clipTie":"","resultatClip":"","exigenceClient":""},{"pos":28,"adresseBranche":"","mesure":"","toleranceNeg":"","tolerancePos":"","valeurMesuree":"","resultat":"","typeBandage":"","resultatBandage":"","clipTie":"","resultatClip":"","exigenceClient":""},{"pos":29,"adresseBranche":"","mesure":"","toleranceNeg":"","tolerancePos":"","valeurMesuree":"","resultat":"","typeBandage":"","resultatBandage":"","clipTie":"","resultatClip":"","exigenceClient":""},{"pos":30,"adresseBranche":"","mesure":"","toleranceNeg":"","tolerancePos":"","valeurMesuree":"","resultat":"","typeBandage":"","resultatBandage":"","clipTie":"","resultatClip":"","exigenceClient":""},{"pos":31,"adresseBranche":"","mesure":"","toleranceNeg":"","tolerancePos":"","valeurMesuree":"","resultat":"","typeBandage":"","resultatBandage":"","clipTie":"","resultatClip":"","exigenceClient":""},{"pos":32,"adresseBranche":"","mesure":"","toleranceNeg":"","tolerancePos":"","valeurMesuree":"","resultat":"","typeBandage":"","resultatBandage":"","clipTie":"","resultatClip":"","exigenceClient":""},{"pos":33,"adresseBranche":"","mesure":"","toleranceNeg":"","tolerancePos":"","valeurMesuree":"","resultat":"","typeBandage":"","resultatBandage":"","clipTie":"","resultatClip":"","exigenceClient":""}]}	f	\N	\N	\N	\N	\N	\N
129	f	\N	\N	\N	f	Annexe 1A	\N	99	1A	\N	143	\N	{"monthYear":"","vehicleType":"","plant":"","rows":[{"partDesc":"Câblage","drawingNo":"—","productionDate":"2026-06-25","productAuditor":"—","qk":"0.2","nbDefects":1,"totalPoints":25,"ratingFactor":0.9,"destructive":false,"nonDestructive":true}]}	t	\N	\N	\N	\N	\N	\N
140	f	\N	\N	\N	f	Annexe 1A	\N	99	1A	\N	77	\N	{"monthYear":"","vehicleType":"","plant":"","rows":[{"auditRef":"AP-2026-046","partDesc":"Câblage","drawingNo":"—","productionDate":"2026-07-05","productAuditor":"—","qk":"0.0","nbDefects":0,"totalPoints":0,"ratingFactor":0.9,"destructive":false,"nonDestructive":true}]}	t	\N	\N	\N	\N	\N	\N
143	f	\N	\N	\N	f	Annexe 1A	\N	99	1A	\N	70	\N	\N	f	\N	\N	\N	\N	\N	\N
139	f	\N	\N	\N	f	Annexe 1B	\N	99	1B	\N	75	\N	{"defauts":[],"totalPoints":0,"weightedPoints":0,"ratingFactor":0.9,"nbDefects":0,"valeurQK":0,"couleurQK":"VERT","nbComposants":250}	t	\N	\N	\N	\N	\N	\N
146	f	\N	\N	\N	f	Annexe 4	\N	99	4	\N	54	\N	{"validateur1":"Mohamed Mohamed  — 07/07/2026","rows":[{"res":"I.O"},{"res":"I.O"},{"res":"I.O"},{"res":"I.O"},{"res":"I.O"},{"res":"I.O"},{"res":"I.O"},{"res":"I.O"},{"res":"I.O"},{"res":"I.O"},{"res":"I.O"},{"res":"I.O"},{"res":"I.O"},{"res":"I.O"},{"res":"I.O"},{"res":"I.O"},{"res":"I.O"},{"res":"I.O"},{"res":"I.O"},{"res":"I.O"},{"res":"I.O"},{"res":"I.O"},{"res":"I.O"},{"res":"I.O"},{},{},{},{},{},{}],"validateur2Id":"2","validateur2":"Auditeur1_ BMW"}	t		2026-07-08 01:04:36.370134	2026-07-08 01:09:13.502547	uploads\\annexes-validation\\54\\annexe_4_20260708_010436.pdf	VALIDEE	2
150	f	\N	\N	\N	f	Annexe 1B	\N	99	1B	\N	54	\N	{"totalPoints":0,"weightedPoints":0,"ratingFactor":0.9,"nbDefects":0,"valeurQK":0,"couleurQK":"VERT","nbComposants":225}	t	\N	\N	\N	\N	\N	\N
1	f	2026-04-14 14:42:27.370084	CamScanner 13-04-2026 23.55.pdf	uploads/annexes/audit_7_annexe_4_1776174147343.pdf	t	Annexe 4	application/pdf	99	4	\N	7	2	\N	f	\N	\N	\N	\N	\N	\N
58	f	\N	\N	\N	f	Annexe 4	\N	99	4	\N	121	\N	{"rows":[{"res":"I.O"},{"res":"I.O"},{"res":"I.O"},{"res":"I.O"},{"res":"I.O"},{"res":"I.O"},{"res":"I.O"},{"res":"I.O"},{"res":"I.O"},{"res":"I.O"},{"res":"I.O"},{"res":"I.O"},{"res":"I.O"},{"res":"I.O"},{"res":"I.O"},{"res":"I.O"},{"res":"I.O"},{"res":"I.O"},{"res":"I.O"},{"res":"I.O"},{"res":"I.O"},{"res":"I.O"},{"res":"I.O"},{"res":"I.O"},{},{},{},{},{},{}]}	t	\N	\N	\N	\N	\N	\N
127	f	\N	\N	\N	f	Annexe 1B	\N	99	1B	\N	143	\N	{"defauts":[{"code":"400","description":"Étape 4 non conforme","type":"F","freq":1,"pointsDefect":25,"totalDefectPoints":25,"auto":true,"sourceAnnexe":"4"}],"totalPoints":25,"weightedPoints":22.5,"ratingFactor":0.9,"nbDefects":1,"valeurQK":0.2,"couleurQK":"ORANGE","nbComposants":250}	t	\N	\N	\N	\N	\N	\N
67	f	\N	\N	\N	f	Annexe 1B	\N	99	1B	\N	117	\N	{"totalPoints":100,"nbDefects":1,"valeurQK":0.7,"weightedPoints":90,"ratingFactor":0.9,"couleurQK":"ROSE","nbComposants":250,"defauts":[{"code":"002","description":"Section trop grande","type":"F","freq":1,"pointsDefect":100,"totalDefectPoints":100}]}	t	\N	\N	\N	\N	\N	\N
78	f	\N	\N	\N	f	Annexe 7	\N	99	7	\N	51	\N	{}	t	\N	\N	\N	\N	\N	\N
74	f	\N	\N	\N	f	Annexe 5	\N	99	5	\N	51	\N	{}	t	\N	\N	\N	\N	\N	\N
40	f	\N	\N	\N	f	Annexe 1A	\N	99	1A	\N	38	\N	\N	f	\N	\N	\N	\N	\N	\N
41	f	\N	\N	\N	f	Annexe 1B	\N	99	1B	\N	38	\N	\N	f	\N	\N	\N	\N	\N	\N
6	f	2026-04-14 15:38:19.959317	CamScanner 13-04-2026 23.07.pdf	uploads/annexes/audit_7_annexe_1B_1776177499953.pdf	t	Annexe 1B	application/pdf	99	1B	0	7	2	\N	f	\N	\N	\N	\N	\N	\N
137	f	\N	\N	\N	f	Annexe 4	\N	99	4	\N	75	\N	{"rows":[{"res":"I.O"},{"res":"I.O"},{"res":"N.I.O"},{"res":"N.I.O"},{"res":"I.O"},{"res":"I.O"},{"res":"I.O"},{"res":"I.O"},{"res":"I.O"},{"res":"I.O"},{"res":"I.O"},{"res":"I.O"},{"res":"I.O"},{"res":"I.O"},{"res":"I.O"},{},{},{},{},{},{},{},{},{},{},{},{},{},{},{}]}	t	\N	\N	\N	\N	\N	\N
138	f	\N	\N	\N	f	Annexe 5	\N	99	5	\N	75	\N	{"questions":{"q12":"Oui","q11":"Oui","q21":"Oui","q13":"Oui","q22":"Oui","q23":"Oui","q24":"Oui","q25":"Oui"}}	t	\N	\N	\N	\N	\N	\N
86	f	\N	\N	\N	f	Annexe 1B	\N	99	1B	\N	128	\N	{"totalPoints":25,"weightedPoints":22.5,"ratingFactor":0.9,"nbDefects":1,"valeurQK":0.2,"couleurQK":"ORANGE","nbComposants":202,"defauts":[{"code":"004","description":"Brin cuivre coupé manquant","type":"F","freq":1,"pointsDefect":25,"totalDefectPoints":25}]}	t	\N	\N	\N	\N	\N	\N
91	f	\N	\N	\N	f	Annexe 1A	\N	99	1A	\N	52	\N	{"monthYear":"","vehicleType":"","plant":"","rows":[{"partDesc":"Câblage","drawingNo":"—","productionDate":"2026-05-21","productAuditor":"—","qk":"0.0","nbDefects":0,"totalPoints":0,"ratingFactor":0.8,"destructive":false,"nonDestructive":true}]}	t	\N	\N	\N	\N	\N	\N
97	f	\N	\N	\N	f	Annexe 13A	\N	99	13A	\N	125	\N	\N	f	\N	\N	\N	\N	\N	\N
104	f	\N	\N	\N	f	Annexe 4	\N	99	4	\N	125	\N	\N	f	\N	\N	\N	\N	\N	\N
108	f	\N	\N	\N	f	Annexe 1B	\N	99	1B	\N	131	\N	{"totalPoints":25,"weightedPoints":22.5,"ratingFactor":0.9,"nbDefects":1,"valeurQK":0.2,"couleurQK":"ORANGE","nbComposants":220,"defauts":[{"code":"002","description":"Section trop grande","type":"F","freq":1,"pointsDefect":25,"totalDefectPoints":25}]}	t	\N	\N	\N	\N	\N	\N
128	f	\N	\N	\N	f	Annexe 4	\N	99	4	\N	143	\N	{"rows":[{"res":"I.O"},{"res":"I.O"},{"res":"I.O"},{"res":"N.I.O"},{"res":"I.O"},{"res":"I.O"},{"res":"I.O"},{"res":"I.O"},{"res":"I.O"},{"res":"I.O"},{"res":"I.O"},{"res":"I.O"},{"res":"I.O"},{"res":"I.O"},{"res":"I.O"},{"res":"I.O"},{"res":"I.O"},{"res":"I.O"},{"res":"I.O"},{"res":"I.O"},{"res":"I.O"},{"res":"I.O"},{"res":"I.O"},{"res":"I.O"},{},{},{},{},{},{}]}	t	\N	\N	\N	\N	\N	\N
152	f	\N	\N	\N	f	Annexe 1A	\N	99	1A	\N	150	\N	{"monthYear":"","vehicleType":"","plant":"","rows":[{"partDesc":"Câblage","drawingNo":"—","productionDate":"2026-07-11","productAuditor":"—","qk":"0.0","nbDefects":0,"totalPoints":0,"ratingFactor":0.9,"destructive":false,"nonDestructive":true}]}	t	\N	\N	\N	\N	\N	\N
44	f	\N	\N	\N	f	Annexe 4	\N	99	4	\N	36	\N	{"step_0_0":"NLO","step_0_1":"NA"}	f	\N	\N	\N	\N	\N	\N
43	f	\N	\N	\N	f	Annexe 1A	\N	99	1A	\N	36	\N	{"rows":[{"partDesc":"","drawingNo":"","productionDate":"","productAuditor":"","qk":"","nbDefects":"","totalPoints":"","ratingFactor":"","destructive":false,"nonDestructive":false},{"partDesc":"","drawingNo":"","productionDate":"","productAuditor":"","qk":"","nbDefects":"","totalPoints":"","ratingFactor":"","destructive":false,"nonDestructive":false},{"partDesc":"","drawingNo":"","productionDate":"","productAuditor":"","qk":"","nbDefects":"","totalPoints":"","ratingFactor":"","destructive":false,"nonDestructive":false},{"partDesc":"","drawingNo":"","productionDate":"","productAuditor":"","qk":"","nbDefects":"","totalPoints":"","ratingFactor":"","destructive":false,"nonDestructive":false},{"partDesc":"","drawingNo":"","productionDate":"","productAuditor":"","qk":"","nbDefects":"","totalPoints":"","ratingFactor":"","destructive":false,"nonDestructive":false},{"partDesc":"","drawingNo":"","productionDate":"","productAuditor":"","qk":"","nbDefects":"","totalPoints":"","ratingFactor":"","destructive":false,"nonDestructive":false},{"partDesc":"","drawingNo":"","productionDate":"","productAuditor":"","qk":"","nbDefects":"","totalPoints":"","ratingFactor":"","destructive":false,"nonDestructive":false},{"partDesc":"","drawingNo":"","productionDate":"","productAuditor":"","qk":"","nbDefects":"","totalPoints":"","ratingFactor":"","destructive":false,"nonDestructive":false}]}	f	\N	\N	\N	\N	\N	\N
42	f	\N	\N	\N	f	Annexe 1B	\N	99	1B	\N	36	\N	{"nbComposants":"","defauts":[{"code":"1706","description":"Isolant endommagé sur le fil","type":"F","freq":1,"pointsDefect":25,"totalDefectPoints":25},{"code":"003","description":"Mauvais composant (fil / gaine)","type":"F","freq":1,"pointsDefect":25,"totalDefectPoints":25}]}	f	\N	\N	\N	\N	\N	\N
\.


--
-- TOC entry 5305 (class 0 OID 24793)
-- Dependencies: 226
-- Data for Name: cablage_defaut; Type: TABLE DATA; Schema: public; Owner: postgres
--

COPY public.cablage_defaut (id, localisation, mesure_reelle, numero, observations, type_defaut, valeur_acceptable, certification_id, test_pratique_id) FROM stdin;
1			1		1		\N	1
\.


--
-- TOC entry 5307 (class 0 OID 24801)
-- Dependencies: 228
-- Data for Name: certificat; Type: TABLE DATA; Schema: public; Owner: postgres
--

COPY public.certificat (id, chemin_pdf, dans_historique_chef, dans_historique_expert, date_envoi, date_generation, date_signature_chef, date_signature_expert, numero_certificat, signature_chef, signature_expert, statut, certification_id, chef_id, expert_id) FROM stdin;
\.


--
-- TOC entry 5359 (class 0 OID 122966)
-- Dependencies: 280
-- Data for Name: certificat_vw; Type: TABLE DATA; Schema: public; Owner: postgres
--

COPY public.certificat_vw (id, auditeur_matricule, auditeur_nom, date_expiration, date_obtention, date_saisie, pdf_nom, pdf_path, plant_nom, site_nom, statut, auditeur_id, expert_id, plant_id) FROM stdin;
2	278004	Ben salem	2030-07-01	2026-07-01	2026-07-01 19:53:21.776116	rapport_audit_audit_regle_plat_HAMMOUDA_zaineb_14-05-2026 (1).pdf	uploads/certificats-vw/1782932001769_VW_278004_rapport_audit_audit_regle_plat_HAMMOUDA_zaineb_14-05-2026__1_.pdf	VW	Sousse (WTNSO)	ACTIF	4	71	8
\.


--
-- TOC entry 5309 (class 0 OID 24809)
-- Dependencies: 230
-- Data for Name: certification; Type: TABLE DATA; Schema: public; Owner: postgres
--

COPY public.certification (id, date_creation, date_deblocage, date_expiration, date_obtention, nb_tentatives_theoriques, niveau_badge, notif_j30_envoyee, notif_j7_envoyee, numero_certificat, score_final, score_pratique, score_theorique, statut, auditeur_id, session_test_id, actif, date_activation, date_desactivation, description, seuil_theorique, titre, expert_id, test_pratique_id, test_theorique_id, formation_url, formation_nom, brouillon, certificat_vide_nom, certificat_vide_url, client_id) FROM stdin;
66	2026-05-03 14:16:16.485065	\N	2026-07-09 18:58:51.968351	\N	\N	\N	f	f	\N	\N	\N	\N	EN_ATTENTE	\N	\N	t	2026-05-03 14:16:23.245367	\N	\N	90	Qualification Mercedes 03/05/2026	1	15	4	uploads/formations/1777662685965_Chapitre_5_BMC_ayara_1.pdf	Chapitre_5_BMC_ayara_1.pdf	f	CamScanner_27-03-2026_21.06.pdf	uploads/certificats/1777771386123_CamScanner_27-03-2026_21.06.pdf	7
27	2026-04-28 12:57:59.14373	\N	2028-05-01 13:47:42.764888	\N	\N	\N	f	f	\N	\N	\N	\N	EN_ATTENTE	\N	\N	f	2026-05-01 13:47:42.764888	2026-05-01 13:47:47.715423	\N	75	Qualification BMW 28/04/2026	1	8	2	\N	\N	f	\N	\N	1
64	2026-05-03 12:19:44.153695	\N	2028-05-03 12:20:00.251891	\N	\N	\N	f	f	\N	\N	\N	\N	EN_ATTENTE	\N	\N	t	2026-05-03 12:20:00.251891	\N	\N	90	Qualification Skoda 03/05/2026	1	18	4	uploads/formations/1777747025167_ACP_2025.pdf	ACP_2025.pdf	f	CamScanner_27-03-2026_21.06.pdf	uploads/certificats/1777771386123_CamScanner_27-03-2026_21.06.pdf	11
49	2026-05-02 19:37:05.058713	\N	2028-05-02 19:37:12.57456	\N	\N	\N	f	f	\N	\N	\N	\N	EN_ATTENTE	\N	\N	t	2026-05-02 19:37:12.57456	\N	\N	90	Qualification Peugeot 02/05/2026	1	15	4	uploads/formations/1777747025167_ACP_2025.pdf	ACP_2025.pdf	f	CamScanner 27-03-2026 21.06.pdf	uploads/certificats/1777747025225_CamScanner_27-03-2026_21.06.pdf	12
44	2026-05-01 04:13:50.02884	\N	2028-05-01 04:13:53.236218	\N	\N	\N	f	f	\N	\N	\N	\N	EN_ATTENTE	\N	\N	f	2026-05-01 04:13:53.236218	2026-05-03 13:00:18.178443	\N	90	Qualification Lamborghini 01/05/2026	1	13	4	\N	\N	f	CamScanner 27-03-2026 21.06.pdf	uploads/certificats/1777605230113_CamScanner_27-03-2026_21.06.pdf	9
30	2026-04-28 15:11:12.857771	\N	2028-04-28 15:11:42.948178	\N	\N	\N	f	f	\N	\N	\N	\N	EN_ATTENTE	\N	\N	f	2026-04-28 15:11:42.948178	2026-05-03 13:00:21.571232	\N	75	Qualification Citroën 28/04/2026	1	9	2	\N	\N	f	CamScanner 27-03-2026 21.06.pdf	uploads/certificats/1777385473164_CamScanner_27-03-2026_21.06.pdf	8
38	2026-04-30 13:12:35.463682	\N	2028-04-30 13:12:45.740361	\N	\N	\N	f	f	\N	\N	\N	\N	EN_ATTENTE	\N	\N	t	2026-04-30 13:12:45.740361	\N	\N	90	Qualification BMW 30/04/2026	1	11	4	\N	\N	f	qualification_Qualification 16_04_2026 (5).pdf	uploads/certificats/1777551155553_qualification_Qualification_16_04_2026__5_.pdf	1
34	2026-04-29 00:43:52.005612	\N	2028-04-29 02:03:45.86325	\N	\N	\N	f	f	\N	\N	\N	\N	EN_ATTENTE	\N	\N	f	2026-04-29 02:03:45.86325	2026-05-03 13:00:24.56823	\N	75	Qualification BMW 29/04/2026	1	10	2	\N	\N	f	CamScanner 27-03-2026 21.06.pdf	uploads/certificats/1777419832102_CamScanner_27-03-2026_21.06.pdf	1
47	2026-05-01 20:18:50.214236	\N	2028-05-01 22:52:42.054733	\N	\N	\N	f	f	\N	\N	\N	\N	EN_ATTENTE	\N	\N	f	2026-05-01 22:52:42.054733	2026-05-03 13:00:26.792801	\N	90	Qualification Bentley 01/05/2026	1	17	4	uploads/formations/1777663130259_certificat_Qualification_BMW_30_04_2026.pdf	certificat_Qualification BMW 30_04_2026.pdf	f	CamScanner 27-03-2026 21.06.pdf	uploads/certificats/1777663130290_CamScanner_27-03-2026_21.06.pdf	14
85	2026-06-25 22:16:53.078655	\N	2028-06-25 22:16:58.102722	\N	\N	\N	f	f	\N	\N	\N	\N	EN_ATTENTE	\N	\N	t	2026-06-25 22:16:58.101939	\N	\N	80	Qualification BMW Group 25/06/2026	1	15	1	uploads/formations/1777747025167_ACP_2025.pdf	ACP_2025.pdf	f	leoni_certif_vide.pdf	uploads/certificats/1776347910091_leoni_certif_vide.pdf	52
70	2026-05-06 09:45:04.963699	\N	2028-05-06 15:17:31.2331	\N	\N	\N	f	f	\N	\N	\N	\N	EN_ATTENTE	\N	\N	t	2026-05-06 15:17:31.2331	\N	\N	90	Qualification Fiat 06/05/2026	1	15	4	uploads/formations/1777747025167_ACP_2025.pdf	ACP_2025.pdf	f	template_vw_vide.pdf	uploads/certificats/1777850493568_template_vw_vide.pdf	6
68	2026-05-04 00:21:33.484195	\N	2028-05-04 00:21:36.721125	\N	\N	\N	f	f	\N	\N	\N	\N	EN_ATTENTE	\N	\N	t	2026-05-04 00:21:36.721125	\N	\N	90	Qualification Volkswagen 04/05/2026	1	15	4	uploads/formations/1777747025167_ACP_2025.pdf	ACP_2025.pdf	f	template_vw_vide.pdf	uploads/certificats/1777850493568_template_vw_vide.pdf	21
72	2026-05-24 22:12:35.448189	\N	2028-05-24 22:13:15.459967	\N	\N	\N	f	f	\N	\N	\N	\N	EN_ATTENTE	\N	\N	f	2026-05-24 22:13:15.459967	2026-05-24 22:13:18.401991	\N	90	Qualification VW  24/05/2026	1	12	4	uploads/formations/1777663130259_certificat_Qualification_BMW_30_04_2026.pdf	certificat_Qualification_BMW_30_04_2026.pdf	f	leoni_certif_vide.pdf	uploads/certificats/1776347910091_leoni_certif_vide.pdf	37
42	2026-04-30 23:50:41.914243	\N	2028-04-30 23:50:41.914243	\N	\N	\N	f	f	\N	\N	\N	\N	EN_ATTENTE	\N	\N	f	\N	\N	\N	90	Qualification Audi 30/04/2026	1	12	4	uploads/formations/1777589442011_Customer_Journey_Presentation.pdf	Customer Journey Presentation.pdf	f	CamScanner 27-04-2026 21.14.pdf	uploads/certificats/1777589442077_CamScanner_27-04-2026_21.14.pdf	17
5	2026-04-16 14:58:29.500615	\N	2028-04-16 14:58:39.505794	\N	\N	\N	f	f	\N	\N	\N	\N	EN_ATTENTE	\N	\N	f	2026-04-16 14:58:39.505794	2026-05-03 02:04:35.688479	\N	75	Qualification 16/04/2026	1	1	2	uploads/formations/1776347909851_CH1_innov.pdf	CH1 innov.pdf	f	leoni_certif_vide.pdf	uploads/certificats/1776347910091_leoni_certif_vide.pdf	\N
16	2026-04-28 01:47:38.5785	\N	2028-04-28 01:47:45.526401	\N	\N	\N	f	f	\N	\N	\N	\N	EN_ATTENTE	\N	\N	f	2026-04-28 01:47:45.526401	2026-05-03 02:07:23.5579	\N	80	Qualification Audi 28/04/2026	1	4	1	\N	\N	f	\N	\N	17
90	2026-06-25 23:26:00.746653	\N	2028-06-25 23:26:04.84089	\N	\N	\N	f	f	\N	\N	\N	\N	EN_ATTENTE	\N	\N	f	2026-06-25 23:26:04.84089	2026-06-25 23:26:07.368924	\N	80	Qualification Ford 25/06/2026	1	15	1	uploads/formations/1777662685965_Chapitre_5_BMC_ayara_1.pdf	Chapitre_5_BMC_ayara_1.pdf	f	leoni_certif_vide.pdf	uploads/certificats/1776347910091_leoni_certif_vide.pdf	32
95	2026-06-25 23:34:18.455614	\N	2028-06-25 23:34:23.905079	\N	\N	\N	f	f	\N	\N	\N	\N	EN_ATTENTE	\N	\N	t	2026-06-25 23:34:23.905079	\N	\N	90	Qualification MB 25/06/2026	1	15	4	uploads/formations/1777747025167_ACP_2025.pdf	ACP_2025.pdf	f	leoni_certif_vide.pdf	uploads/certificats/1776347910091_leoni_certif_vide.pdf	31
99	2026-06-26 00:47:32.287882	\N	2028-06-26 00:47:36.625836	\N	\N	\N	f	f	\N	\N	\N	\N	EN_ATTENTE	\N	\N	t	2026-06-26 00:47:36.625836	\N	\N	90	Qualification OEM Supplier 26/06/2026	1	15	4	uploads/formations/1777747025167_ACP_2025.pdf	ACP_2025.pdf	f	CamScanner_27-03-2026_21.06.pdf	uploads/certificats/1777771386123_CamScanner_27-03-2026_21.06.pdf	53
\.


--
-- TOC entry 5334 (class 0 OID 49239)
-- Dependencies: 255
-- Data for Name: checklist_regle_plate; Type: TABLE DATA; Schema: public; Owner: postgres
--

COPY public.checklist_regle_plate (id, action_corrective, date_creation, date_modification, derniere_verification, ecart, etat_physique, etiquette_validite, lisibilite_graduations, localisation, numero_instrument, observations, periodicite_en_mois, plage_mesure, precision_mesure, prochaine_verification, proprete, statut, tolerance_max, type_instrument, valeur_mesuree, valeur_reference, audit_id) FROM stdin;
1	\N	2026-04-15 03:38:50.718621	\N	\N	\N	NON_VERIFIE	NON_VERIFIE	NON_VERIFIE	hed ed	V69	\N	3	\N	NON_VERIFIE	2026-04-15	NON_VERIFIE	NON_VERIFIE	\N	METRE_RUBAN	\N	\N	11
2	\N	2026-04-15 03:38:50.718621	\N	\N	\N	NON_VERIFIE	NON_VERIFIE	NON_VERIFIE	hlnhjl	V14	\N	3	\N	NON_VERIFIE	2026-04-15	NON_VERIFIE	NON_VERIFIE	\N	REGLE_PLATE	\N	\N	11
\.


--
-- TOC entry 5352 (class 0 OID 73794)
-- Dependencies: 273
-- Data for Name: client; Type: TABLE DATA; Schema: public; Owner: postgres
--

COPY public.client (id, actif, code, couleur, description, logo_url, nom, pays_origine, est_groupe) FROM stdin;
1	t	BMW	#1C69D4	Bayerische Motoren Werke AG	\N	BMW	Allemagne	f
2	t	POR	#C8112A	Porsche AG	\N	Porsche	Allemagne	f
6	t	FIAT	#C8112A	Fiat S.p.A.	\N	Fiat	Italie	f
7	t	MERC	#00A19C	Mercedes-Benz Group AG	\N	Mercedes	Allemagne	f
9	t	LAMB	#FFC72C	Automobili Lamborghini S.p.A.	\N	Lamborghini	Italie	f
12	t	PEU	#003189	Peugeot — Stellantis	\N	Peugeot	France	f
14	t	BENT	#2D5234	Bentley Motors Limited	\N	Bentley	Royaume-Uni	f
11	t	SKO	#4BA82E	Škoda Auto a.s.	\N	Skoda	Tchéquie	f
17	t	AUDI	#BB0A30	Audi AG	\N	Audi	Allemagne	f
16	t	JLR	#C8A951	Jaguar Land Rover	\N	Jaguar	Royaume-Uni	f
21	t	VW	#1B3A6B	Volkswagen AG	\N	Volkswagen	Allemagne	f
37	t	VW	#1B3A6B	Volkswagen Group — VW, Audi, Porsche, Bentley, Lamborghini, Skoda	\N	VW 	Allemagne	t
32	t	FORD	#003087	Ford Motor Company	\N	Ford	États-Unis	t
42	t	MINI	#F36F21	Mini	\N	Mini	Royaume-Uni	f
43	t	RR	#6A2C3E	Rolls-Royce Motor Cars	\N	Rolls-Royce	Royaume-Uni	f
44	t	SMART	#E6E6E6	Smart	\N	Smart	Allemagne	f
45	t	ALFA	#A50F0F	Alfa Romeo	\N	Alfa Romeo	Italie	f
46	t	JEEP	#1C5D3A	Jeep	\N	Jeep	Etats-Unis	f
47	t	LR	#4B8B3B	Land Rover	\N	Land Rover	Royaume-Uni	f
48	t	LINC	#B8860B	Lincoln	\N	Lincoln	Etats-Unis	f
49	t	VOL	#00529B	Volvo Cars	\N	Volvo	Suede	f
50	t	TSLA	#E82127	Tesla Inc.	\N	Tesla	Etats-Unis	f
8	t	CIT	#8C0000	Citroën — Stellantis	\N	Citroen	France	f
53	t	OEM	#6B7280	Fournisseurs OEM	\N	OEM Supplier	International	t
54	t	STE	#0066CC	Stellantis N.V.	\N	Stellantis	International	t
31	t	MS	#00A19C	Mercedes-Benz Group AG	\N	MB	Allemagne	t
56	t	RSA/PSA	#d41cc5		\N	RSA / PSA	....	t
55	f	JLR	#C8A951	Jaguar Land Rover Automotive PLC	\N	Jaguar Land Rover	Royaume-Uni	t
52	t	BMW-G	#1C69D4	Bayerische Motoren Werke AG	\N	BMW Group	Allemagne	t
\.


--
-- TOC entry 5357 (class 0 OID 122946)
-- Dependencies: 278
-- Data for Name: client_lien; Type: TABLE DATA; Schema: public; Owner: postgres
--

COPY public.client_lien (id, client_membre_id, client_parent_id) FROM stdin;
30	1	1
31	21	37
32	17	37
33	2	37
34	14	37
35	9	37
36	11	37
\.


--
-- TOC entry 5355 (class 0 OID 106618)
-- Dependencies: 276
-- Data for Name: demande_extension; Type: TABLE DATA; Schema: public; Owner: postgres
--

COPY public.demande_extension (id, created_at, delai_demande, description, raison_type, statut, traite_at, audit_id, auditeur_id, expert_id) FROM stdin;
1	2026-05-12 01:17:52.202095	2026-05-16	je suis malade sur cet partie	MALADIE	TRAITE	2026-05-12 02:56:24.405502	36	2	1
2	2026-05-12 14:38:04.013483	2026-05-24	je suis malade	MALADIE	TRAITE	2026-05-12 14:56:57.90414	117	2	1
3	2026-05-12 15:06:52.211277	2026-05-24	vjh;v;v	PROBLEME_ACCES	TRAITE	2026-05-12 15:07:58.53483	117	2	1
4	2026-05-12 21:40:33.576574	2026-05-24	hhkb	PROBLEME_ACCES	TRAITE	2026-05-12 21:42:12.916983	117	2	1
5	2026-05-12 21:59:12.800599	2026-05-31	n:knjk:	PROBLEME_ACCES	TRAITE	2026-05-12 22:01:25.654455	101	4	1
\.


--
-- TOC entry 5348 (class 0 OID 57651)
-- Dependencies: 269
-- Data for Name: fiche_reparation; Type: TABLE DATA; Schema: public; Owner: postgres
--

COPY public.fiche_reparation (id, date_creation, date_modification, statut, audit_id, cree_par_id, date_dernier_envoi, token_en_cours, token_valider, zone_affectee, origine_nc, code_article, description_nc, remarques_optionnelles, destinataires_json, valide, date_validation, descriptionnc, originenc, action_corrective, cause_racine, commentaire_chef, commentaire_expert, commentaires, date_validation_chef, date_validation_expert, delai_reparation, email_externe, emails_externes_liste, pieces_jointes_urls, probleme, responsable_action, valide_par_chef, valide_par_expert, chef_service_id, expert_id) FROM stdin;
7	2026-05-06 03:09:27.757064	2026-05-06 03:14:05.38304	VALIDEE	38	2	2026-05-06 03:09:27.752043	98974fac-f2e4-4a39-90f2-f8588e993c37	5ef6c834-b922-441a-bc54-408af062d4ff	\N	\N	\N	\N	\N	\N	f	\N	\N	\N	\N	\N	\N	\N	\N	\N	\N	\N	\N	\N	\N	\N	\N	\N	\N	\N	\N
11	2026-05-08 23:31:31.50818	2026-05-08 23:32:01.181485	VALIDEE	36	2	2026-05-08 23:31:31.502428	773713cf-c3f7-45f7-a0a6-0f29a09a473c	6efa4ff9-06e3-4c6c-bdc1-8ca15a69e748		\N	256854	\N		[{"email":"zaineb.hamouda09@gmail.com","matricule":"2546","nom":"2546","nomAffichage":"2546"}]	t	2026-05-08 23:32:01.175928	bonsoir ,je reenvoyer la fich de repartion oblier l'autre et faire sur ca	audit produit	\N	\N	\N	\N	\N	\N	\N	\N	\N	\N	\N	\N	\N	\N	\N	\N	\N
10	2026-05-08 22:36:50.130179	2026-05-08 23:34:05.203136	VALIDEE	36	2	2026-05-08 22:36:50.123639	265c3e5f-6f49-41c3-a5f5-acc52093ab26	ccd53a49-0f0b-4f98-a6c6-e1c5ff710649	production	\N	256854	\N		[{"email":"zaineb.hamouda09@gmail.com","matricule":"2546","nom":"2546","nomAffichage":"2546"}]	t	2026-05-08 23:34:05.199925	boojnouur faire la fiche	audit produit	\N	\N	\N	\N	\N	\N	\N	\N	\N	\N	\N	\N	\N	\N	\N	\N	\N
26	2026-05-16 00:37:18.455324	2026-05-16 00:59:58.804375	VALIDEE	51	2	2026-05-16 00:37:18.454319	7f0ddc86-6d2b-4461-b33d-adf08ed4af13	c3dd2402-36fa-460b-ab8f-83e0b1c889bf	production	\N	12548	\N		[{"email":"zainebhamouda13@gmail.com","matricule":"Ahmed youssef","nom":"Ahmed youssef","utilisateurId":6,"nomAffichage":"Ahmed youssef"}]	t	2026-05-16 00:59:58.752553	NC	audite 14528	\N	\N	\N	\N	\N	\N	\N	\N	\N	\N	\N	\N	\N	\N	\N	\N	\N
12	2026-05-11 10:51:05.653765	\N	EN_ATTENTE	36	2	2026-05-11 10:51:05.651761	9e92933c-13f7-4d24-a06f-472e53952350	bf3252fb-fa4c-4249-98e8-391d77026d16		\N	256854	\N		[{"email":"zaineb.hamouda09@gmail.com","matricule":"2546","nom":"2546","nomAffichage":"2546"}]	f	\N			\N	\N	\N	\N	\N	\N	\N	\N	\N	\N	\N	\N	\N	\N	\N	\N	\N
13	2026-05-13 00:14:01.561123	2026-05-13 00:15:23.802034	VALIDEE	59	2	2026-05-13 00:14:01.553033	2d1896c4-6e80-4dc0-8592-0ce1dc006bc5	0ae5e022-f0c0-4d8c-89b7-ffa7ab1d77eb	production	\N	021564	\N		[{"email":"zainebhamouda13@gmail.com","matricule":"Ahmed youssef","nom":"Ahmed youssef","utilisateurId":6,"nomAffichage":"Ahmed youssef"},{"email":"zaineb.hamouda09@gmail.com","matricule":"22546+8","nom":"22546+8","nomAffichage":"22546+8"}]	t	2026-05-13 00:15:23.795965	hhhhhhh	product audit	\N	\N	\N	\N	\N	\N	\N	\N	\N	\N	\N	\N	\N	\N	\N	\N	\N
15	2026-05-13 01:49:40.334527	2026-05-13 01:50:49.195588	VALIDEE	121	2	2026-05-13 01:49:40.325844	1c0ef8f6-9285-4697-ad4d-9c752f4e254a	c7f00b54-afa5-4f6d-b867-e158913a6748	production	\N	3461	\N		[{"email":"zaineb.hamouda09@gmail.com","matricule":"256489","nom":"256489","nomAffichage":"256489"}]	t	2026-05-13 01:50:49.187387	dhdb:a	audiet 	\N	\N	\N	\N	\N	\N	\N	\N	\N	\N	\N	\N	\N	\N	\N	\N	\N
16	2026-05-13 01:57:35.022716	2026-05-13 01:57:46.440179	VALIDEE	121	2	2026-05-13 01:57:35.022716	6743ed8d-eda8-4f8c-9205-fc2f90ee98f2	d35fb49d-96da-4858-9920-f8cc1f13d5f0		\N	3461	\N		[{"email":"zaineb.hamouda09@gmail.com","matricule":"256489","nom":"256489","nomAffichage":"256489"}]	t	2026-05-13 01:57:46.440179	kjb:jbjb:kjbj		\N	\N	\N	\N	\N	\N	\N	\N	\N	\N	\N	\N	\N	\N	\N	\N	\N
17	2026-05-13 02:07:18.033414	2026-05-13 02:07:29.590295	VALIDEE	121	2	2026-05-13 02:07:18.033414	edca021a-536d-476c-9044-11043a80bcfb	cba882cd-0950-45f2-87ae-ea3360e79b57		\N	3461	\N		[{"email":"zaineb.hamouda09@gmail.com","matricule":"256489","nom":"256489","nomAffichage":"256489"}]	t	2026-05-13 02:07:29.586258	non confrmiet	audite 	\N	\N	\N	\N	\N	\N	\N	\N	\N	\N	\N	\N	\N	\N	\N	\N	\N
18	2026-05-13 02:20:29.282552	2026-05-13 02:22:09.80284	VALIDEE	121	2	2026-05-13 02:20:59.62293	24bd30d7-7d90-4320-ae5c-c58826a41684	7d29b1f3-d275-424c-bf70-444f6cdbf1c1		\N	3461	\N		[{"email":"zaineb.hamouda09@gmail.com","matricule":"256489","nom":"256489","nomAffichage":"256489"}]	t	2026-05-13 02:22:09.798803	hjbj;bj;b	audite 	\N	\N	\N	\N	\N	\N	\N	\N	\N	\N	\N	\N	\N	\N	\N	\N	\N
19	2026-05-13 11:55:40.282413	2026-05-13 11:55:57.025552	VALIDEE	121	2	2026-05-13 11:55:40.282413	99e33ecb-7d8e-49bb-ba33-9ec64d6f7251	2e2180c0-af1d-4374-aaa5-2b7412ac30d6	production	\N	3461	\N		[{"email":"zaineb.hamouda09@gmail.com","matricule":"256489","nom":"256489","nomAffichage":"256489"}]	t	2026-05-13 11:55:57.025552	momomjfjnigt	product audit	\N	\N	\N	\N	\N	\N	\N	\N	\N	\N	\N	\N	\N	\N	\N	\N	\N
21	2026-05-13 12:31:35.935405	2026-05-13 12:32:00.115222	VALIDEE	121	2	2026-05-13 12:31:35.935405	a643755f-dd19-4b7e-aee7-ad4a9ecba15c	235d29f1-eec5-4c50-a8dc-405c0024cf99		\N	3461	\N		[{"email":"zaineb.hamouda09@gmail.com","matricule":"256489","nom":"256489","nomAffichage":"256489"}]	t	2026-05-13 12:32:00.115222	fjcfkvg	audit produit	\N	\N	\N	\N	\N	\N	\N	\N	\N	\N	\N	\N	\N	\N	\N	\N	\N
22	2026-05-13 13:21:17.16756	2026-05-13 13:21:37.513727	VALIDEE	121	2	2026-05-13 13:21:17.150694	69184159-dd78-404e-a67e-217412befbb8	f45de701-bd0b-46b5-95d7-14a0176a4873	production	\N	3461	\N		[{"email":"zaineb.hamouda09@gmail.com","matricule":"256489","nom":"256489","nomAffichage":"256489"}]	t	2026-05-13 13:21:37.503015	description de non confirmiet\n	audit	\N	\N	\N	\N	\N	\N	\N	\N	\N	\N	\N	\N	\N	\N	\N	\N	\N
23	2026-05-13 13:37:06.886919	2026-05-13 13:37:23.874682	VALIDEE	121	2	2026-05-13 13:37:06.886349	62358677-dcb2-4211-9b8e-f865a9ecf566	49dabb3b-4466-44b9-a6bb-15f0791e2e35	production	\N	3461	\N		[{"email":"zaineb.hamouda09@gmail.com","matricule":"256489","nom":"256489","nomAffichage":"256489"}]	t	2026-05-13 13:37:23.874682	voila il y a une non confirmité	audit produit	\N	\N	\N	\N	\N	\N	\N	\N	\N	\N	\N	\N	\N	\N	\N	\N	\N
14	2026-05-13 01:43:15.471194	2026-05-13 13:40:00.58961	VALIDEE	121	2	2026-05-13 01:43:15.463334	4436669b-948a-4bb2-a954-ef1899ceff37	cc6511a2-a2ef-4165-a9b0-1a1ba2a6ff56	production	\N	3461	\N		[{"email":"zaineb.hamouda09@gmail.com","matricule":"256489","nom":"256489","nomAffichage":"256489"}]	t	2026-05-13 13:40:00.585453	voila il y a une non confirmité	audit produit	\N	\N	\N	\N	\N	\N	\N	\N	\N	\N	\N	\N	\N	\N	\N	\N	\N
24	2026-05-15 02:44:22.898179	2026-05-15 02:45:27.342992	VALIDEE	117	2	2026-05-15 02:44:22.898179	e0c05b95-f94e-41ce-9ce5-c5bc87b187c9	598b26ef-5014-4290-98df-75be079c0353	production	\N	4587	\N		[{"email":"zainebhamouda13@gmail.com","matricule":"Ahmed youssef","nom":"Ahmed youssef","utilisateurId":6,"nomAffichage":"Ahmed youssef"},{"email":"zaineb.hamouda09@gmail.com","matricule":"zainouba","nom":"zainouba","nomAffichage":"zainouba"}]	t	2026-05-15 02:45:27.334492	il y a un pb	audit produit	\N	\N	\N	\N	\N	\N	\N	\N	\N	\N	\N	\N	\N	\N	\N	\N	\N
30	2026-06-02 01:07:25.175099	\N	EN_ATTENTE	43	2	2026-06-02 01:07:25.175099	f2c8f85d-1570-4c6e-ab51-b4b14dbf7591	b00253af-9624-445d-86af-af452900966f	expéditions	\N	4528	\N		[{"email":"zaineb.hamouda09@gmail.com","matricule":"45879","nom":"45879","nomAffichage":"45879"}]	f	\N	gesdr	audit	\N	\N	\N	\N	\N	\N	\N	\N	\N	\N	\N	\N	\N	\N	\N	\N	\N
25	2026-05-16 00:20:11.434395	2026-05-16 00:20:28.708317	VALIDEE	45	2	2026-05-16 00:20:11.434395	f9b72118-2f22-40da-8a36-1e9852c9e60d	045be4ec-3c4b-4d01-b9eb-98db1e3d3a00	production	\N	5487	\N		[{"email":"zaineb.hamouda09@gmail.com","matricule":"14287","nom":"14287","nomAffichage":"14287"}]	t	2026-05-16 00:20:28.704276	NC	audite produit5	\N	\N	\N	\N	\N	\N	\N	\N	\N	\N	\N	\N	\N	\N	\N	\N	\N
28	2026-05-20 09:44:00.787645	\N	EN_ATTENTE	60	5	2026-05-20 09:44:00.771817	cb74fc3e-0364-4af7-b678-35c40dfce9d0	9266e468-0de1-46f4-871e-645b168209ff	production	\N	4251	\N		[{"email":"zaineb.hamouda09@gmail.com","matricule":"zaineb","nom":"zaineb","nomAffichage":"zaineb"}]	f	\N	hget	product audit	\N	\N	\N	\N	\N	\N	\N	\N	\N	\N	\N	\N	\N	\N	\N	\N	\N
29	2026-05-20 10:42:19.246616	2026-05-20 10:46:35.351235	VALIDEE	128	2	2026-05-20 10:42:19.246616	824e21fa-3d5f-4c18-a9d3-6bd82afecd9b	3d856dd8-530d-419b-82ef-f9e92930cc0e		\N		\N		[{"email":"zainebhamouda13@gmail.com","matricule":"Ahmed youssef","nom":"Ahmed youssef","utilisateurId":6,"nomAffichage":"Ahmed youssef"}]	t	2026-05-20 10:46:35.348243			\N	\N	\N	\N	\N	\N	\N	\N	\N	\N	\N	\N	\N	\N	\N	\N	\N
27	2026-05-20 09:36:31.661761	2026-05-20 19:07:50.265924	VALIDEE	60	5	2026-05-20 09:36:31.661761	dc7f081b-852a-4980-ab4c-0e23199d0ded	5b30d490-375f-41e8-9f8a-a09e45a0316c	production	\N	4251	\N		[{"email":"zaineb.hamouda09@gmail.com","matricule":"zaineb","nom":"zaineb","nomAffichage":"zaineb"}]	t	2026-05-20 19:07:50.260805	hget	product audit	\N	\N	\N	\N	\N	\N	\N	\N	\N	\N	\N	\N	\N	\N	\N	\N	\N
8	2026-05-07 02:11:55.498913	2026-06-10 15:05:33.712849	EN_COURS_TRAITEMENT	34	5	2026-06-10 15:05:33.7081	ae0c2bad-7656-421c-b2f7-a08a9ab23df4	eb428d7a-53c3-4742-b6fd-a21ea1e746d7	production	\N	dddh	\N	\N	[{"email":"zaineb.hamouda09@gmail.com","matricule":"21478"},{"email":"zaineb.hammouda@eniso.u-sousse.tn","matricule":"45215"}]	f	\N	mesure courte	audit produit	\N	\N	\N	\N	\N	\N	\N	\N	\N	\N	\N	\N	\N	\N	\N	\N	\N
31	2026-06-02 01:16:06.266212	2026-06-02 01:16:43.289832	VALIDEE	43	2	2026-06-02 01:16:06.244401	862241ea-e691-4363-ae1d-c8d6538fb985	4eea8025-34f2-49c6-8b99-f1215109d43b	expéditions	\N	4528	\N		[{"email":"zaineb.hamouda09@gmail.com","matricule":"45879","nom":"45879","nomAffichage":"45879"}]	t	2026-06-02 01:16:43.281743	gesdr	audit	\N	\N	\N	\N	\N	\N	\N	\N	\N	\N	\N	\N	\N	\N	\N	\N	\N
32	2026-06-09 03:21:04.263914	\N	EN_ATTENTE	60	5	2026-06-09 03:21:04.263914	feb34a7d-3334-44c1-8436-1328aebf8f18	e4124395-7eea-4544-8d88-ad3108bdd140	production	\N	BMW-X5-REF-001	\N	\N	[{"email":"chef.service@leoni.com","matricule":"12345","nomAffichage":"12345"}]	f	\N	Défaut détecté — sertissage non conforme	audit produit	\N	\N	\N	\N	\N	\N	\N	\N	\N	\N	\N	\N	\N	\N	\N	\N	\N
33	2026-06-25 16:18:10.633428	2026-06-25 16:18:48.079111	VALIDEE	57	2	2026-06-25 16:18:10.629418	9a992e5f-d1e9-4b8a-a484-334da0f9e909	3db4a948-62a4-4c96-968f-46cd72340c65	production	\N	45872	\N		[{"email":"youssefhammouda57@gmail.com","matricule":"youssef","nom":"youssef","nomAffichage":"youssef"}]	t	2026-06-25 16:18:48.076112	non confirmité	audit produit	\N	\N	\N	\N	\N	\N	\N	\N	\N	\N	\N	\N	\N	\N	\N	\N	\N
34	2026-06-25 18:39:19.288938	2026-06-25 18:39:35.850224	VALIDEE	47	5	2026-06-25 18:39:19.288938	159c1087-cc86-401a-aa20-444c1cf0901a	c251f4e9-aa93-4b3a-a86d-80c635b63c1c	production	\N	45872	\N		[{"email":"youssefhammouda57@gmail.com","matricule":"youssef","nom":"youssef","nomAffichage":"youssef"}]	t	2026-06-25 18:39:35.847213		audit produit	\N	\N	\N	\N	\N	\N	\N	\N	\N	\N	\N	\N	\N	\N	\N	\N	\N
35	2026-06-25 22:40:54.55266	2026-06-25 22:41:16.830307	VALIDEE	142	2	2026-06-25 22:40:54.549999	757d3671-474c-4f90-9b9a-00beeaa32b14	5c205f8c-eaee-4666-a170-e75ad9ab2d9f	production	\N	12456	\N		[{"email":"youssefhammouda57@gmail.com","matricule":"youssefhammouda57@gmail.com","nom":"","nomAffichage":"youssefhammouda57@gmail.com"}]	t	2026-06-25 22:41:16.825629	Audit	Audit produit	\N	\N	\N	\N	\N	\N	\N	\N	\N	\N	\N	\N	\N	\N	\N	\N	\N
36	2026-06-25 22:44:51.2461	2026-06-25 22:45:25.026228	VALIDEE	144	2	2026-06-25 22:44:51.2461	e85f7577-ac99-411a-b81d-ed561e0e1061	8b9e1fe1-241c-45ca-b67b-d64d7bb3002d	production	\N	4587	\N		[{"email":"youssefhammouda57@gmail.com","matricule":"youssefhammouda57@gmail.com","nom":"","nomAffichage":"youssefhammouda57@gmail.com"}]	t	2026-06-25 22:45:25.023069	4587	audit	\N	\N	\N	\N	\N	\N	\N	\N	\N	\N	\N	\N	\N	\N	\N	\N	\N
37	2026-06-26 00:55:36.286207	2026-06-26 00:55:48.041362	VALIDEE	143	2	2026-06-26 00:55:36.286207	64ee1ab4-48d3-483b-90f3-d1b15cfe556f	45abf547-f9ab-4a04-9324-e41f11cd1918	production	\N	12345	\N		[{"email":"youssefhammouda57@gmail.com","matricule":"youssefhammouda57@gmail.com","nom":"","nomAffichage":"youssefhammouda57@gmail.com"}]	t	2026-06-26 00:55:48.037833	1234568	audit	\N	\N	\N	\N	\N	\N	\N	\N	\N	\N	\N	\N	\N	\N	\N	\N	\N
38	2026-07-03 20:19:39.622391	\N	EN_ATTENTE	66	7	2026-07-03 20:19:39.622391	99a1d2e3-7513-462d-b2c1-138618a0b7b6	40454e69-5ddd-45c6-bc9e-31ca5989b094	production	\N	dgevfgvhg	\N		[{"email":"youssefhammouda57@gmail.com","matricule":"youssefhammouda57@gmail.com","nom":"","nomAffichage":"youssefhammouda57@gmail.com"}]	f	\N	gjgbgh	aagga	\N	\N	\N	\N	\N	\N	\N	\N	\N	\N	\N	\N	\N	\N	\N	\N	\N
39	2026-07-03 20:22:07.100672	\N	EN_ATTENTE	66	7	2026-07-03 20:22:07.100672	c5faf83a-9f35-4aae-8526-cc4c969b40aa	dd19092f-6a36-4a58-81cf-758ea792ccd3	production	\N	dgevfgvhg	\N		[{"email":"youssefhammouda57@gmail.com","matricule":"youssefhammouda57@gmail.com","nom":"","nomAffichage":"youssefhammouda57@gmail.com"}]	f	\N	gjgbgh	aagga	\N	\N	\N	\N	\N	\N	\N	\N	\N	\N	\N	\N	\N	\N	\N	\N	\N
40	2026-07-03 21:03:44.393584	\N	EN_ATTENTE	66	7	2026-07-03 21:03:44.393584	08ef9e2e-3cd9-472f-b827-029f4a338c31	100778df-8525-42fe-8ace-c73729879989	production	\N	dgevfgvhg	\N		[{"email":"youssefhammouda57@gmail.com","matricule":"youssefhammouda57@gmail.com","nom":"","nomAffichage":"youssefhammouda57@gmail.com"}]	f	\N	gjgbgh	aagga	\N	\N	\N	\N	\N	\N	\N	\N	\N	\N	\N	\N	\N	\N	\N	\N	\N
41	2026-07-14 12:50:18.250096	2026-07-14 12:50:32.801999	VALIDEE	66	7	2026-07-14 12:50:18.246081	6b72632b-fa2c-478b-951b-c0dd456a53ac	eca8de69-00b8-4e46-add9-cfc941e528f9	production	\N	dgevfgvhg	\N		[{"email":"youssefhammouda57@gmail.com","matricule":"youssefhammouda57@gmail.com","nom":"","nomAffichage":"youssefhammouda57@gmail.com"}]	t	2026-07-14 12:50:32.798927	gjgbgh	aagga	\N	\N	\N	\N	\N	\N	\N	\N	\N	\N	\N	\N	\N	\N	\N	\N	\N
\.


--
-- TOC entry 5311 (class 0 OID 24818)
-- Dependencies: 232
-- Data for Name: historique; Type: TABLE DATA; Schema: public; Owner: postgres
--

COPY public.historique (id, date_action, details, metadata_json, score_snapshot, type, certification_id, cible_id, question_id, session_test_id, test_theorique_id, utilisateur_id, audit_id, plant_id) FROM stdin;
13	2026-04-09 01:24:44.848235	Connexion reussie - Expert Product Audit	\N	\N	CONNEXION	\N	\N	\N	\N	\N	1	\N	\N
15	2026-04-09 02:10:58.899413	Connexion reussie - Expert Product Audit	\N	\N	CONNEXION	\N	\N	\N	\N	\N	1	\N	\N
16	2026-04-09 15:11:46.600321	Connexion reussie - Administrateur	\N	\N	CONNEXION	\N	\N	\N	\N	\N	56	\N	\N
17	2026-04-09 15:38:08.900497	Connexion reussie - Administrateur	\N	\N	CONNEXION	\N	\N	\N	\N	\N	56	\N	\N
18	2026-04-09 15:42:34.407812	Inscription complete - role : Auditeur	\N	\N	INSCRIPTION	\N	\N	\N	\N	\N	2	\N	\N
19	2026-04-09 15:43:08.209651	Connexion reussie - Auditeur	\N	\N	CONNEXION	\N	\N	\N	\N	\N	2	\N	\N
20	2026-04-09 15:58:52.122654	Connexion reussie - Administrateur	\N	\N	CONNEXION	\N	\N	\N	\N	\N	56	\N	\N
21	2026-04-09 18:59:33.062674	Connexion reussie - Auditeur	\N	\N	CONNEXION	\N	\N	\N	\N	\N	2	\N	\N
22	2026-04-09 19:03:07.142282	Connexion reussie - Expert Product Audit	\N	\N	CONNEXION	\N	\N	\N	\N	\N	1	\N	\N
23	2026-04-09 23:13:48.318616	Connexion reussie - Auditeur	\N	\N	CONNEXION	\N	\N	\N	\N	\N	2	\N	\N
24	2026-04-10 01:17:23.288775	Inscription complete - role : Auditeur	\N	\N	INSCRIPTION	\N	\N	\N	\N	\N	6	\N	\N
25	2026-04-10 01:17:34.014711	Connexion reussie - Auditeur	\N	\N	CONNEXION	\N	\N	\N	\N	\N	6	\N	\N
26	2026-04-10 01:17:44.11524	Connexion reussie - Administrateur	\N	\N	CONNEXION	\N	\N	\N	\N	\N	56	\N	\N
27	2026-04-10 01:28:52.569842	Compte desactive par l'administrateur	\N	\N	COMPTE_DESACTIVE	\N	\N	\N	\N	\N	56	\N	\N
28	2026-04-10 01:28:58.761202	Compte active par l'administrateur	\N	\N	COMPTE_ACTIVE	\N	\N	\N	\N	\N	56	\N	\N
29	2026-04-10 01:29:22.131523	Profil modifie par l'administrateur	\N	\N	UTILISATEUR_MODIFIE	\N	56	\N	\N	\N	56	\N	\N
30	2026-04-10 01:29:57.05902	Role change : Auditeur -> Chef de Service	\N	\N	ROLE_CHANGE	\N	6	\N	\N	\N	6	\N	\N
31	2026-04-10 01:30:07.265129	Connexion reussie - Chef de Service	\N	\N	CONNEXION	\N	\N	\N	\N	\N	6	\N	\N
32	2026-04-10 01:31:09.709942	Connexion reussie - Chef de Service	\N	\N	CONNEXION	\N	\N	\N	\N	\N	6	\N	\N
33	2026-04-10 01:32:08.178394	Connexion reussie - Auditeur	\N	\N	CONNEXION	\N	\N	\N	\N	\N	2	\N	\N
34	2026-04-10 01:56:23.575848	Connexion reussie - Auditeur	\N	\N	CONNEXION	\N	\N	\N	\N	\N	2	\N	\N
35	2026-04-10 01:56:34.197055	Connexion reussie - Administrateur	\N	\N	CONNEXION	\N	\N	\N	\N	\N	56	\N	\N
36	2026-04-10 02:04:31.846814	Connexion reussie - Administrateur	\N	\N	CONNEXION	\N	\N	\N	\N	\N	56	\N	\N
37	2026-04-10 02:04:50.133452	Connexion reussie - Expert Product Audit	\N	\N	CONNEXION	\N	\N	\N	\N	\N	1	\N	\N
38	2026-04-10 10:15:33.415707	Connexion reussie - Administrateur	\N	\N	CONNEXION	\N	\N	\N	\N	\N	56	\N	\N
39	2026-04-10 10:17:15.852835	Connexion reussie - Auditeur	\N	\N	CONNEXION	\N	\N	\N	\N	\N	2	\N	\N
40	2026-04-10 10:19:50.870713	Connexion reussie - Chef de Service	\N	\N	CONNEXION	\N	\N	\N	\N	\N	6	\N	\N
41	2026-04-10 10:23:02.825192	Connexion reussie - Expert Product Audit	\N	\N	CONNEXION	\N	\N	\N	\N	\N	1	\N	\N
42	2026-04-10 10:34:33.90594	Connexion reussie - Expert Product Audit	\N	\N	CONNEXION	\N	\N	\N	\N	\N	1	\N	\N
43	2026-04-10 11:02:40.778768	Connexion reussie - Expert Product Audit	\N	\N	CONNEXION	\N	\N	\N	\N	\N	1	\N	\N
44	2026-04-10 11:06:22.036236	Connexion reussie - Administrateur	\N	\N	CONNEXION	\N	\N	\N	\N	\N	56	\N	\N
45	2026-04-10 11:12:03.068521	Connexion reussie - Auditeur	\N	\N	CONNEXION	\N	\N	\N	\N	\N	2	\N	\N
46	2026-04-10 11:12:19.00005	Connexion reussie - Administrateur	\N	\N	CONNEXION	\N	\N	\N	\N	\N	56	\N	\N
47	2026-04-10 11:12:45.441368	Profil modifie par l'administrateur	\N	\N	UTILISATEUR_MODIFIE	\N	2	\N	\N	\N	2	\N	\N
48	2026-04-10 11:15:22.909883	Connexion reussie - Expert Product Audit	\N	\N	CONNEXION	\N	\N	\N	\N	\N	1	\N	\N
49	2026-04-10 11:18:51.369639	Connexion reussie - Administrateur	\N	\N	CONNEXION	\N	\N	\N	\N	\N	56	\N	\N
50	2026-04-10 11:19:17.590276	Profil modifie par l'administrateur	\N	\N	UTILISATEUR_MODIFIE	\N	2	\N	\N	\N	2	\N	\N
51	2026-04-10 11:19:22.250807	Connexion reussie - Expert Product Audit	\N	\N	CONNEXION	\N	\N	\N	\N	\N	1	\N	\N
52	2026-04-10 13:47:30.09432	Inscription complete - role : Auditeur	\N	\N	INSCRIPTION	\N	\N	\N	\N	\N	4	\N	\N
53	2026-04-10 13:47:46.825686	Connexion reussie - Auditeur	\N	\N	CONNEXION	\N	\N	\N	\N	\N	4	\N	\N
54	2026-04-10 13:48:00.14795	Connexion reussie - Expert Product Audit	\N	\N	CONNEXION	\N	\N	\N	\N	\N	1	\N	\N
55	2026-04-10 14:05:18.452996	Connexion reussie - Expert Product Audit	\N	\N	CONNEXION	\N	\N	\N	\N	\N	1	\N	\N
56	2026-04-10 23:07:32.470673	Inscription complete - role : Auditeur	\N	\N	INSCRIPTION	\N	\N	\N	\N	\N	5	\N	\N
57	2026-04-10 23:08:00.363647	Connexion reussie - Administrateur	\N	\N	CONNEXION	\N	\N	\N	\N	\N	56	\N	\N
58	2026-04-10 23:08:32.699964	Compte desactive par l'administrateur	\N	\N	COMPTE_DESACTIVE	\N	\N	\N	\N	\N	5	\N	\N
59	2026-04-10 23:09:56.075649	Connexion reussie - Administrateur	\N	\N	CONNEXION	\N	\N	\N	\N	\N	56	\N	\N
60	2026-04-10 23:10:10.243328	Compte active par l'administrateur	\N	\N	COMPTE_ACTIVE	\N	\N	\N	\N	\N	5	\N	\N
61	2026-04-10 23:10:18.963443	Connexion reussie - Auditeur	\N	\N	CONNEXION	\N	\N	\N	\N	\N	5	\N	\N
62	2026-04-10 23:10:27.063159	Connexion reussie - Expert Product Audit	\N	\N	CONNEXION	\N	\N	\N	\N	\N	1	\N	\N
63	2026-04-10 23:18:05.173144	Connexion reussie - Auditeur	\N	\N	CONNEXION	\N	\N	\N	\N	\N	5	\N	\N
64	2026-04-10 23:20:43.68451	Connexion reussie - Expert Product Audit	\N	\N	CONNEXION	\N	\N	\N	\N	\N	1	\N	\N
65	2026-04-11 01:26:34.616255	Connexion reussie - Auditeur	\N	\N	CONNEXION	\N	\N	\N	\N	\N	2	\N	\N
66	2026-04-11 01:29:41.455381	Connexion reussie - Expert Product Audit	\N	\N	CONNEXION	\N	\N	\N	\N	\N	1	\N	\N
67	2026-04-12 12:09:08.86466	Connexion reussie - Expert Product Audit	\N	\N	CONNEXION	\N	\N	\N	\N	\N	1	\N	\N
68	2026-04-12 14:33:37.01122	Connexion reussie - Auditeur	\N	\N	CONNEXION	\N	\N	\N	\N	\N	2	\N	\N
69	2026-04-12 14:35:01.118125	Connexion reussie - Expert Product Audit	\N	\N	CONNEXION	\N	\N	\N	\N	\N	1	\N	\N
70	2026-04-12 16:39:39.581502	Connexion reussie - Administrateur	\N	\N	CONNEXION	\N	\N	\N	\N	\N	56	\N	\N
71	2026-04-12 16:40:09.495956	Connexion reussie - Expert Product Audit	\N	\N	CONNEXION	\N	\N	\N	\N	\N	1	\N	\N
72	2026-04-12 16:43:25.079066	Connexion reussie - Administrateur	\N	\N	CONNEXION	\N	\N	\N	\N	\N	56	\N	\N
73	2026-04-12 16:46:17.474985	Connexion reussie - Expert Product Audit	\N	\N	CONNEXION	\N	\N	\N	\N	\N	1	\N	\N
74	2026-04-12 18:34:55.20224	Connexion reussie - Administrateur	\N	\N	CONNEXION	\N	\N	\N	\N	\N	56	\N	\N
75	2026-04-12 18:35:38.902178	Connexion reussie - Expert Product Audit	\N	\N	CONNEXION	\N	\N	\N	\N	\N	1	\N	\N
171	2026-04-16 13:00:16.139964	Connexion reussie - Auditeur	\N	\N	CONNEXION	\N	\N	\N	\N	\N	2	\N	\N
1209	2026-07-03 20:18:56.182272	Audit démarré : AP-2026-023	\N	\N	AUDIT_DEMARRE	\N	\N	\N	\N	\N	7	\N	\N
76	2026-04-12 18:43:46.516087	Connexion reussie - Expert Product Audit	\N	\N	CONNEXION	\N	\N	\N	\N	\N	1	\N	\N
77	2026-04-12 23:51:57.308513	Connexion reussie - Auditeur	\N	\N	CONNEXION	\N	\N	\N	\N	\N	2	\N	\N
78	2026-04-12 23:55:35.177982	Connexion reussie - Expert Product Audit	\N	\N	CONNEXION	\N	\N	\N	\N	\N	1	\N	\N
79	2026-04-13 10:33:45.250002	Connexion reussie - Auditeur	\N	\N	CONNEXION	\N	\N	\N	\N	\N	2	\N	\N
80	2026-04-13 10:34:33.467355	Connexion reussie - Expert Product Audit	\N	\N	CONNEXION	\N	\N	\N	\N	\N	1	\N	\N
81	2026-04-13 11:14:23.245869	Connexion reussie - Administrateur	\N	\N	CONNEXION	\N	\N	\N	\N	\N	56	\N	\N
82	2026-04-13 11:14:45.857932	Connexion reussie - Expert Product Audit	\N	\N	CONNEXION	\N	\N	\N	\N	\N	1	\N	\N
83	2026-04-13 11:38:31.650215	Connexion reussie - Expert Product Audit	\N	\N	CONNEXION	\N	\N	\N	\N	\N	1	\N	\N
84	2026-04-13 11:41:30.742004	Connexion reussie - Auditeur	\N	\N	CONNEXION	\N	\N	\N	\N	\N	2	\N	\N
85	2026-04-13 11:41:56.911968	Connexion reussie - Auditeur	\N	\N	CONNEXION	\N	\N	\N	\N	\N	4	\N	\N
86	2026-04-13 11:42:17.429704	Connexion reussie - Chef de Service	\N	\N	CONNEXION	\N	\N	\N	\N	\N	6	\N	\N
87	2026-04-13 11:43:56.460067	Connexion reussie - Expert Product Audit	\N	\N	CONNEXION	\N	\N	\N	\N	\N	1	\N	\N
88	2026-04-13 11:54:44.795698	Connexion reussie - Expert Product Audit	\N	\N	CONNEXION	\N	\N	\N	\N	\N	1	\N	\N
89	2026-04-13 12:09:24.815166	Connexion reussie - Expert Product Audit	\N	\N	CONNEXION	\N	\N	\N	\N	\N	1	\N	\N
90	2026-04-13 12:13:23.397895	Connexion reussie - Expert Product Audit	\N	\N	CONNEXION	\N	\N	\N	\N	\N	1	\N	\N
91	2026-04-13 12:21:06.816213	Connexion reussie - Expert Product Audit	\N	\N	CONNEXION	\N	\N	\N	\N	\N	1	\N	\N
92	2026-04-13 12:44:44.395196	Connexion reussie - Administrateur	\N	\N	CONNEXION	\N	\N	\N	\N	\N	56	\N	\N
93	2026-04-13 12:50:39.419202	Connexion reussie - Expert Product Audit	\N	\N	CONNEXION	\N	\N	\N	\N	\N	1	\N	\N
94	2026-04-13 13:01:01.709867	Connexion reussie - Administrateur	\N	\N	CONNEXION	\N	\N	\N	\N	\N	56	\N	\N
95	2026-04-13 13:01:28.991826	Connexion reussie - Expert Product Audit	\N	\N	CONNEXION	\N	\N	\N	\N	\N	1	\N	\N
105	2026-04-13 13:41:17.026301	Connexion reussie - Auditeur	\N	\N	CONNEXION	\N	\N	\N	\N	\N	2	\N	\N
106	2026-04-13 13:41:35.953897	Connexion reussie - Administrateur	\N	\N	CONNEXION	\N	\N	\N	\N	\N	56	\N	\N
107	2026-04-13 13:41:52.616354	Connexion reussie - Auditeur	\N	\N	CONNEXION	\N	\N	\N	\N	\N	5	\N	\N
108	2026-04-13 13:47:23.69676	Connexion reussie - Expert Product Audit	\N	\N	CONNEXION	\N	\N	\N	\N	\N	1	\N	\N
109	2026-04-13 13:47:34.709773	Connexion reussie - Auditeur	\N	\N	CONNEXION	\N	\N	\N	\N	\N	2	\N	\N
110	2026-04-13 13:48:09.619303	Connexion reussie - Expert Product Audit	\N	\N	CONNEXION	\N	\N	\N	\N	\N	1	\N	\N
111	2026-04-13 13:48:38.903318	Connexion reussie - Auditeur	\N	\N	CONNEXION	\N	\N	\N	\N	\N	2	\N	\N
113	2026-04-13 15:01:14.828081	Connexion reussie - Auditeur	\N	\N	CONNEXION	\N	\N	\N	\N	\N	2	\N	\N
118	2026-04-13 16:20:47.965362	Connexion reussie - Auditeur	\N	\N	CONNEXION	\N	\N	\N	\N	\N	2	\N	\N
121	2026-04-13 21:56:20.394472	Connexion reussie - Expert Product Audit	\N	\N	CONNEXION	\N	\N	\N	\N	\N	1	\N	\N
122	2026-04-13 22:01:21.047119	Connexion reussie - Auditeur	\N	\N	CONNEXION	\N	\N	\N	\N	\N	2	\N	\N
123	2026-04-14 01:22:09.070057	Connexion reussie - Auditeur	\N	\N	CONNEXION	\N	\N	\N	\N	\N	2	\N	\N
124	2026-04-14 01:22:46.976008	Connexion reussie - Expert Product Audit	\N	\N	CONNEXION	\N	\N	\N	\N	\N	1	\N	\N
125	2026-04-14 01:39:03.51253	Connexion reussie - Auditeur	\N	\N	CONNEXION	\N	\N	\N	\N	\N	2	\N	\N
126	2026-04-14 01:52:22.054274	Connexion reussie - Expert Product Audit	\N	\N	CONNEXION	\N	\N	\N	\N	\N	1	\N	\N
127	2026-04-14 01:53:06.536899	Connexion reussie - Auditeur	\N	\N	CONNEXION	\N	\N	\N	\N	\N	2	\N	\N
128	2026-04-14 02:04:31.213563	Connexion reussie - Auditeur	\N	\N	CONNEXION	\N	\N	\N	\N	\N	2	\N	\N
129	2026-04-14 02:07:37.048922	Connexion reussie - Expert Product Audit	\N	\N	CONNEXION	\N	\N	\N	\N	\N	1	\N	\N
130	2026-04-14 02:08:35.028406	Connexion reussie - Auditeur	\N	\N	CONNEXION	\N	\N	\N	\N	\N	2	\N	\N
132	2026-04-14 14:34:24.920144	Connexion reussie - Expert Product Audit	\N	\N	CONNEXION	\N	\N	\N	\N	\N	1	\N	\N
133	2026-04-14 14:34:49.300364	Connexion reussie - Auditeur	\N	\N	CONNEXION	\N	\N	\N	\N	\N	2	\N	\N
134	2026-04-14 15:55:47.615819	Connexion reussie - Expert Product Audit	\N	\N	CONNEXION	\N	\N	\N	\N	\N	1	\N	\N
135	2026-04-14 17:10:46.045112	Connexion reussie - Auditeur	\N	\N	CONNEXION	\N	\N	\N	\N	\N	2	\N	\N
136	2026-04-14 23:55:17.135578	Connexion reussie - Administrateur	\N	\N	CONNEXION	\N	\N	\N	\N	\N	56	\N	\N
137	2026-04-14 23:55:39.837487	Connexion reussie - Administrateur	\N	\N	CONNEXION	\N	\N	\N	\N	\N	56	\N	\N
138	2026-04-14 23:56:00.835204	Connexion reussie - Auditeur	\N	\N	CONNEXION	\N	\N	\N	\N	\N	2	\N	\N
139	2026-04-14 23:56:58.402364	Connexion reussie - Auditeur	\N	\N	CONNEXION	\N	\N	\N	\N	\N	4	\N	\N
140	2026-04-14 23:57:24.815182	Connexion reussie - Expert Product Audit	\N	\N	CONNEXION	\N	\N	\N	\N	\N	1	\N	\N
141	2026-04-14 23:57:42.928111	Connexion reussie - Administrateur	\N	\N	CONNEXION	\N	\N	\N	\N	\N	56	\N	\N
142	2026-04-14 23:58:52.252902	Connexion reussie - Administrateur	\N	\N	CONNEXION	\N	\N	\N	\N	\N	56	\N	\N
143	2026-04-14 23:59:50.794164	Connexion reussie - Auditeur	\N	\N	CONNEXION	\N	\N	\N	\N	\N	2	\N	\N
144	2026-04-15 00:41:37.691286	Connexion reussie - Expert Product Audit	\N	\N	CONNEXION	\N	\N	\N	\N	\N	1	\N	\N
145	2026-04-15 00:42:21.231822	Connexion reussie - Auditeur	\N	\N	CONNEXION	\N	\N	\N	\N	\N	2	\N	\N
146	2026-04-15 02:52:45.622986	Connexion reussie - Expert Product Audit	\N	\N	CONNEXION	\N	\N	\N	\N	\N	1	\N	\N
147	2026-04-15 03:32:06.350031	Connexion reussie - Auditeur	\N	\N	CONNEXION	\N	\N	\N	\N	\N	2	\N	\N
148	2026-04-15 03:33:02.951338	Connexion reussie - Expert Product Audit	\N	\N	CONNEXION	\N	\N	\N	\N	\N	1	\N	\N
149	2026-04-15 03:39:05.236535	Connexion reussie - Auditeur	\N	\N	CONNEXION	\N	\N	\N	\N	\N	2	\N	\N
150	2026-04-15 10:45:37.223595	Connexion reussie - Expert Product Audit	\N	\N	CONNEXION	\N	\N	\N	\N	\N	1	\N	\N
151	2026-04-15 10:49:56.156876	Connexion reussie - Auditeur	\N	\N	CONNEXION	\N	\N	\N	\N	\N	2	\N	\N
152	2026-04-15 11:18:31.115672	Connexion reussie - Expert Product Audit	\N	\N	CONNEXION	\N	\N	\N	\N	\N	1	\N	\N
153	2026-04-15 11:19:10.782263	Connexion reussie - Auditeur	\N	\N	CONNEXION	\N	\N	\N	\N	\N	2	\N	\N
154	2026-04-15 12:23:21.687146	Connexion reussie - Expert Product Audit	\N	\N	CONNEXION	\N	\N	\N	\N	\N	1	\N	\N
155	2026-04-15 13:11:57.645614	Connexion reussie - Auditeur	\N	\N	CONNEXION	\N	\N	\N	\N	\N	2	\N	\N
156	2026-04-15 14:08:22.89878	Connexion reussie - Expert Product Audit	\N	\N	CONNEXION	\N	\N	\N	\N	\N	1	\N	\N
157	2026-04-15 14:17:03.158605	Connexion reussie - Auditeur	\N	\N	CONNEXION	\N	\N	\N	\N	\N	2	\N	\N
158	2026-04-15 17:31:16.264443	Connexion reussie - Expert Product Audit	\N	\N	CONNEXION	\N	\N	\N	\N	\N	1	\N	\N
159	2026-04-15 19:49:33.528565	Connexion reussie - Auditeur	\N	\N	CONNEXION	\N	\N	\N	\N	\N	2	\N	\N
160	2026-04-15 19:56:51.859584	Connexion reussie - Expert Product Audit	\N	\N	CONNEXION	\N	\N	\N	\N	\N	1	\N	\N
161	2026-04-15 23:58:56.230838	Connexion reussie - Expert Product Audit	\N	\N	CONNEXION	\N	\N	\N	\N	\N	1	\N	\N
162	2026-04-16 00:48:10.52337	Connexion reussie - Auditeur	\N	\N	CONNEXION	\N	\N	\N	\N	\N	2	\N	\N
163	2026-04-16 03:44:57.727927	Connexion reussie - Expert Product Audit	\N	\N	CONNEXION	\N	\N	\N	\N	\N	1	\N	\N
164	2026-04-16 04:54:07.709002	Connexion reussie - Auditeur	\N	\N	CONNEXION	\N	\N	\N	\N	\N	4	\N	\N
165	2026-04-16 10:48:34.024443	Connexion reussie - Expert Product Audit	\N	\N	CONNEXION	\N	\N	\N	\N	\N	1	\N	\N
166	2026-04-16 10:49:02.500468	Connexion reussie - Auditeur	\N	\N	CONNEXION	\N	\N	\N	\N	\N	4	\N	\N
167	2026-04-16 10:54:57.167014	Tentative #1	\N	\N	SESSION_DEMARREE	\N	\N	\N	\N	\N	4	\N	\N
168	2026-04-16 11:34:21.015899	Connexion reussie - Expert Product Audit	\N	\N	CONNEXION	\N	\N	\N	\N	\N	1	\N	\N
169	2026-04-16 11:37:25.256302	Inscription complete - role : Auditeur	\N	\N	INSCRIPTION	\N	\N	\N	\N	\N	7	\N	\N
170	2026-04-16 11:37:40.572939	Connexion reussie - Auditeur	\N	\N	CONNEXION	\N	\N	\N	\N	\N	7	\N	\N
172	2026-04-16 13:32:15.033765	Connexion reussie - Expert Product Audit	\N	\N	CONNEXION	\N	\N	\N	\N	\N	1	\N	\N
173	2026-04-16 14:21:41.62945	Connexion reussie - Expert Product Audit	\N	\N	CONNEXION	\N	\N	\N	\N	\N	1	\N	\N
174	2026-04-16 14:22:31.949728	Connexion reussie - Auditeur	\N	\N	CONNEXION	\N	\N	\N	\N	\N	2	\N	\N
175	2026-04-16 14:24:42.722982	Connexion reussie - Auditeur	\N	\N	CONNEXION	\N	\N	\N	\N	\N	4	\N	\N
176	2026-04-16 14:24:59.914784	Connexion reussie - Expert Product Audit	\N	\N	CONNEXION	\N	\N	\N	\N	\N	1	\N	\N
177	2026-04-16 14:25:14.964605	Connexion reussie - Auditeur	\N	\N	CONNEXION	\N	\N	\N	\N	\N	4	\N	\N
178	2026-04-16 14:32:18.193717	Connexion reussie - Administrateur	\N	\N	CONNEXION	\N	\N	\N	\N	\N	56	\N	\N
179	2026-04-16 14:34:27.201145	Connexion reussie - Auditeur	\N	\N	CONNEXION	\N	\N	\N	\N	\N	5	\N	\N
180	2026-04-16 14:39:57.412561	Connexion reussie - Auditeur	\N	\N	CONNEXION	\N	\N	\N	\N	\N	5	\N	\N
181	2026-04-16 14:44:27.673472	Tentative #1	\N	\N	SESSION_DEMARREE	\N	\N	\N	\N	\N	5	\N	\N
182	2026-04-16 14:54:31.565806	Connexion reussie - Expert Product Audit	\N	\N	CONNEXION	\N	\N	\N	\N	\N	1	\N	\N
183	2026-04-16 14:58:54.767024	Connexion reussie - Auditeur	\N	\N	CONNEXION	\N	\N	\N	\N	\N	5	\N	\N
184	2026-04-16 15:00:50.089931	Connexion reussie - Auditeur	\N	\N	CONNEXION	\N	\N	\N	\N	\N	5	\N	\N
185	2026-04-16 15:02:18.822797	Connexion reussie - Auditeur	\N	\N	CONNEXION	\N	\N	\N	\N	\N	2	\N	\N
186	2026-04-16 15:02:27.696278	Tentative #1	\N	\N	SESSION_DEMARREE	\N	\N	\N	\N	\N	2	\N	\N
187	2026-04-16 15:05:30.160677	Score : 100.0/100	\N	100	THEORIQUE_REUSSI	\N	\N	\N	\N	\N	2	\N	\N
188	2026-04-16 15:06:55.911256	Connexion reussie - Expert Product Audit	\N	\N	CONNEXION	\N	\N	\N	\N	\N	1	\N	\N
189	2026-04-16 15:07:54.835681	Connexion reussie - Auditeur	\N	\N	CONNEXION	\N	\N	\N	\N	\N	2	\N	\N
190	2026-04-16 15:12:50.869753	Connexion reussie - Administrateur	\N	\N	CONNEXION	\N	\N	\N	\N	\N	56	\N	\N
191	2026-04-16 15:13:05.490667	Connexion reussie - Auditeur	\N	\N	CONNEXION	\N	\N	\N	\N	\N	7	\N	\N
192	2026-04-16 15:13:15.271809	Tentative #1	\N	\N	SESSION_DEMARREE	\N	\N	\N	\N	\N	7	\N	\N
193	2026-04-16 15:19:08.56691	Connexion reussie - Administrateur	\N	\N	CONNEXION	\N	\N	\N	\N	\N	56	\N	\N
194	2026-04-16 15:22:59.432811	Connexion reussie - Auditeur	\N	\N	CONNEXION	\N	\N	\N	\N	\N	7	\N	\N
199	2026-04-16 15:37:41.351078	Connexion reussie - Expert Product Audit	\N	\N	CONNEXION	\N	\N	\N	\N	\N	1	\N	\N
200	2026-04-16 15:49:31.90802	Connexion reussie - Expert Product Audit	\N	\N	CONNEXION	\N	\N	\N	\N	\N	1	\N	\N
201	2026-04-16 15:51:32.331951	Connexion reussie - Auditeur	\N	\N	CONNEXION	\N	\N	\N	\N	\N	2	\N	\N
202	2026-04-16 15:55:44.061299	Connexion reussie - Chef de Service	\N	\N	CONNEXION	\N	\N	\N	\N	\N	6	\N	\N
203	2026-04-16 15:57:02.168565	Connexion reussie - Auditeur	\N	\N	CONNEXION	\N	\N	\N	\N	\N	2	\N	\N
204	2026-04-16 16:01:30.534944	Connexion reussie - Expert Product Audit	\N	\N	CONNEXION	\N	\N	\N	\N	\N	1	\N	\N
205	2026-04-16 16:05:50.076769	Connexion reussie - Administrateur	\N	\N	CONNEXION	\N	\N	\N	\N	\N	56	\N	\N
206	2026-04-16 16:06:32.620507	Compte desactive par l'administrateur	\N	\N	COMPTE_DESACTIVE	\N	\N	\N	\N	\N	2	\N	\N
207	2026-04-16 16:21:29.83717	Connexion reussie - Expert Product Audit	\N	\N	CONNEXION	\N	\N	\N	\N	\N	1	\N	\N
208	2026-04-16 16:28:40.211594	Connexion reussie - Administrateur	\N	\N	CONNEXION	\N	\N	\N	\N	\N	56	\N	\N
209	2026-04-16 16:28:53.510935	Compte active par l'administrateur	\N	\N	COMPTE_ACTIVE	\N	\N	\N	\N	\N	2	\N	\N
210	2026-04-16 16:29:01.245955	Connexion reussie - Auditeur	\N	\N	CONNEXION	\N	\N	\N	\N	\N	2	\N	\N
211	2026-04-16 16:41:06.314884	Connexion reussie - Expert Product Audit	\N	\N	CONNEXION	\N	\N	\N	\N	\N	1	\N	\N
212	2026-04-16 16:42:31.542168	Connexion reussie - Auditeur	\N	\N	CONNEXION	\N	\N	\N	\N	\N	2	\N	\N
213	2026-04-17 11:08:36.313632	Connexion reussie - Administrateur	\N	\N	CONNEXION	\N	\N	\N	\N	\N	56	\N	\N
214	2026-04-17 11:13:04.092955	Connexion reussie - Administrateur	\N	\N	CONNEXION	\N	\N	\N	\N	\N	56	\N	\N
215	2026-04-17 11:14:27.462154	Connexion reussie - Expert Product Audit	\N	\N	CONNEXION	\N	\N	\N	\N	\N	1	\N	\N
216	2026-04-17 11:27:49.716879	Connexion reussie - Auditeur	\N	\N	CONNEXION	\N	\N	\N	\N	\N	2	\N	\N
217	2026-04-18 15:51:46.41297	Connexion reussie - Auditeur	\N	\N	CONNEXION	\N	\N	\N	\N	\N	2	\N	\N
218	2026-04-18 15:51:57.271909	Connexion reussie - Administrateur	\N	\N	CONNEXION	\N	\N	\N	\N	\N	56	\N	\N
221	2026-04-18 22:32:54.406801	Inscription complete - role : Responsable Qualite Centrale	\N	\N	INSCRIPTION	\N	\N	\N	\N	\N	62	\N	\N
222	2026-04-18 22:33:10.796601	Connexion reussie - Responsable Qualite Centrale	\N	\N	CONNEXION	\N	\N	\N	\N	\N	62	\N	\N
225	2026-04-19 00:57:35.753951	Connexion reussie - Administrateur	\N	\N	CONNEXION	\N	\N	\N	\N	\N	56	\N	\N
226	2026-04-19 01:49:25.387474	Connexion réussie — rôle: Administrateur	\N	\N	CONNEXION	\N	\N	\N	\N	\N	56	\N	\N
227	2026-04-19 02:28:48.969051	Profil modifié par l'administrateur — nom: Arwa — prénom: hamouda — site: Sidi Bouali — plant: Audi Sousse	\N	\N	UTILISATEUR_MODIFIE	\N	62	\N	\N	\N	62	\N	\N
228	2026-04-19 02:37:00.718949	Connexion réussie — rôle: Auditeur	\N	\N	CONNEXION	\N	\N	\N	\N	\N	2	\N	\N
229	2026-04-19 02:52:43.952206	Connexion réussie — rôle: Responsable Qualite Centrale	\N	\N	CONNEXION	\N	\N	\N	\N	\N	62	\N	\N
230	2026-04-19 03:00:47.24021	Connexion réussie — rôle: Administrateur	\N	\N	CONNEXION	\N	\N	\N	\N	\N	56	\N	\N
231	2026-04-19 15:05:00.09718	Connexion réussie — rôle: Administrateur	\N	\N	CONNEXION	\N	\N	\N	\N	\N	56	\N	\N
232	2026-04-19 15:35:19.656912	Compte désactivé par l'administrateur — utilisateur: Mohamed Mohamed  (278007)	\N	\N	COMPTE_DESACTIVE	\N	\N	\N	\N	\N	7	\N	\N
233	2026-04-19 15:35:34.499643	Connexion réussie — rôle: Administrateur	\N	\N	CONNEXION	\N	\N	\N	\N	\N	56	\N	\N
234	2026-04-19 17:54:20.674071	Connexion réussie — rôle: Expert Product Audit	\N	\N	CONNEXION	\N	\N	\N	\N	\N	1	\N	\N
235	2026-04-19 17:59:02.345602	Connexion réussie — rôle: Administrateur	\N	\N	CONNEXION	\N	\N	\N	\N	\N	56	\N	\N
236	2026-04-20 19:18:17.708867	Connexion réussie — rôle: Chef de Service	\N	\N	CONNEXION	\N	\N	\N	\N	\N	6	\N	\N
237	2026-04-21 00:58:54.783267	Connexion réussie — rôle: Administrateur	\N	\N	CONNEXION	\N	\N	\N	\N	\N	56	\N	\N
238	2026-04-21 15:04:30.930316	Connexion réussie — rôle: Administrateur	\N	\N	CONNEXION	\N	\N	\N	\N	\N	56	\N	\N
239	2026-04-21 18:58:04.139993	Connexion réussie — rôle: Administrateur	\N	\N	CONNEXION	\N	\N	\N	\N	\N	56	\N	\N
240	2026-04-21 20:03:33.132961	Connexion réussie — rôle: Administrateur	\N	\N	CONNEXION	\N	\N	\N	\N	\N	56	\N	\N
241	2026-04-21 20:19:19.41792	Connexion réussie — rôle: Administrateur	\N	\N	CONNEXION	\N	\N	\N	\N	\N	56	\N	\N
242	2026-04-21 20:37:17.198996	Connexion réussie — rôle: Expert Product Audit	\N	\N	CONNEXION	\N	\N	\N	\N	\N	1	\N	\N
243	2026-04-21 20:37:27.825624	Connexion réussie — rôle: Administrateur	\N	\N	CONNEXION	\N	\N	\N	\N	\N	56	\N	\N
244	2026-04-21 20:42:50.890582	Connexion réussie — rôle: Administrateur	\N	\N	CONNEXION	\N	\N	\N	\N	\N	56	\N	\N
245	2026-04-21 20:47:41.119147	Connexion réussie — rôle: Administrateur	\N	\N	CONNEXION	\N	\N	\N	\N	\N	56	\N	\N
246	2026-04-21 20:47:44.938641	Connexion réussie — rôle: Administrateur	\N	\N	CONNEXION	\N	\N	\N	\N	\N	56	\N	\N
247	2026-04-22 00:14:10.821372	Connexion réussie — rôle: Administrateur	\N	\N	CONNEXION	\N	\N	\N	\N	\N	56	\N	\N
248	2026-04-22 01:16:24.701749	Connexion réussie — rôle: Administrateur	\N	\N	CONNEXION	\N	\N	\N	\N	\N	56	\N	\N
249	2026-04-22 01:18:07.364779	Connexion réussie — rôle: Administrateur	\N	\N	CONNEXION	\N	\N	\N	\N	\N	56	\N	\N
250	2026-04-22 01:18:14.126972	Connexion réussie — rôle: Administrateur	\N	\N	CONNEXION	\N	\N	\N	\N	\N	56	\N	\N
251	2026-04-22 11:29:24.941119	Connexion réussie — rôle: Expert Product Audit	\N	\N	CONNEXION	\N	\N	\N	\N	\N	1	\N	\N
252	2026-04-22 11:31:57.450048	Connexion réussie — rôle: Auditeur	\N	\N	CONNEXION	\N	\N	\N	\N	\N	2	\N	\N
253	2026-04-22 12:28:02.338081	Session démarrée — Qualification : Test Théorique 16/04/2026 — Tentative #2	\N	\N	SESSION_DEMARREE	\N	\N	\N	\N	\N	2	\N	\N
254	2026-04-22 12:29:03.25055	Connexion réussie — rôle: Expert Product Audit	\N	\N	CONNEXION	\N	\N	\N	\N	\N	1	\N	\N
255	2026-04-22 12:32:33.150034	Connexion réussie — rôle: Auditeur	\N	\N	CONNEXION	\N	\N	\N	\N	\N	2	\N	\N
256	2026-04-22 12:34:01.959975	Connexion réussie — rôle: Expert Product Audit	\N	\N	CONNEXION	\N	\N	\N	\N	\N	1	\N	\N
257	2026-04-22 12:36:46.365302	Connexion réussie — rôle: Auditeur	\N	\N	CONNEXION	\N	\N	\N	\N	\N	2	\N	\N
258	2026-04-22 15:56:32.072604	Connexion réussie — rôle: Administrateur	\N	\N	CONNEXION	\N	\N	\N	\N	\N	56	\N	\N
259	2026-04-22 18:44:49.888803	Connexion réussie — rôle: Administrateur	\N	\N	CONNEXION	\N	\N	\N	\N	\N	56	\N	\N
260	2026-04-22 18:47:55.296649	Connexion réussie — rôle: Expert Product Audit	\N	\N	CONNEXION	\N	\N	\N	\N	\N	1	\N	\N
261	2026-04-22 19:46:49.88027	Connexion réussie — rôle: Auditeur	\N	\N	CONNEXION	\N	\N	\N	\N	\N	2	\N	\N
262	2026-04-22 19:47:07.557768	Connexion réussie — rôle: Auditeur	\N	\N	CONNEXION	\N	\N	\N	\N	\N	5	\N	\N
263	2026-04-22 20:38:01.290367	Connexion réussie — rôle: Auditeur	\N	\N	CONNEXION	\N	\N	\N	\N	\N	5	\N	\N
264	2026-04-22 20:38:12.036476	Connexion réussie — rôle: Auditeur	\N	\N	CONNEXION	\N	\N	\N	\N	\N	5	\N	\N
265	2026-04-22 20:39:36.167597	Connexion réussie — rôle: Expert Product Audit	\N	\N	CONNEXION	\N	\N	\N	\N	\N	1	\N	\N
266	2026-04-22 21:58:51.409924	Connexion réussie — rôle: Expert Product Audit	\N	\N	CONNEXION	\N	\N	\N	\N	\N	1	\N	\N
267	2026-04-23 00:44:42.991349	Connexion réussie — rôle: Auditeur	\N	\N	CONNEXION	\N	\N	\N	\N	\N	5	\N	\N
268	2026-04-23 00:46:18.571624	Connexion réussie — rôle: Expert Product Audit	\N	\N	CONNEXION	\N	\N	\N	\N	\N	1	\N	\N
269	2026-04-23 01:48:03.870258	Connexion réussie — rôle: Administrateur	\N	\N	CONNEXION	\N	\N	\N	\N	\N	56	\N	\N
270	2026-04-23 01:55:31.804784	Connexion réussie — rôle: Expert Product Audit	\N	\N	CONNEXION	\N	\N	\N	\N	\N	1	\N	\N
271	2026-04-23 02:04:38.032414	Connexion réussie — rôle: Administrateur	\N	\N	CONNEXION	\N	\N	\N	\N	\N	56	\N	\N
272	2026-04-23 02:11:21.934012	Connexion réussie — rôle: Administrateur	\N	\N	CONNEXION	\N	\N	\N	\N	\N	56	\N	\N
273	2026-04-23 02:42:48.430097	Connexion réussie — rôle: Administrateur	\N	\N	CONNEXION	\N	\N	\N	\N	\N	56	\N	\N
274	2026-04-23 11:56:52.572246	Connexion réussie — rôle: Administrateur	\N	\N	CONNEXION	\N	\N	\N	\N	\N	56	\N	\N
275	2026-04-23 12:17:57.715777	Connexion réussie — rôle: Administrateur	\N	\N	CONNEXION	\N	\N	\N	\N	\N	56	\N	\N
276	2026-04-23 12:21:08.366015	Connexion réussie — rôle: Expert Product Audit	\N	\N	CONNEXION	\N	\N	\N	\N	\N	1	\N	\N
277	2026-04-23 12:28:39.16862	Connexion réussie — rôle: Auditeur	\N	\N	CONNEXION	\N	\N	\N	\N	\N	2	\N	\N
278	2026-04-23 12:28:45.970296	Connexion réussie — rôle: Auditeur	\N	\N	CONNEXION	\N	\N	\N	\N	\N	4	\N	\N
279	2026-04-23 12:29:05.009477	Session démarrée — Qualification : Test Théorique 16/04/2026 — Tentative #2	\N	\N	SESSION_DEMARREE	\N	\N	\N	\N	\N	4	\N	\N
280	2026-04-23 12:31:39.419887	Score : 95.0/100 — Qualification : Test Théorique 16/04/2026	\N	95	THEORIQUE_REUSSI	\N	\N	\N	\N	\N	4	\N	\N
281	2026-04-23 12:32:13.534679	Connexion réussie — rôle: Expert Product Audit	\N	\N	CONNEXION	\N	\N	\N	\N	\N	1	\N	\N
282	2026-04-23 12:33:38.046254	Connexion réussie — rôle: Auditeur	\N	\N	CONNEXION	\N	\N	\N	\N	\N	4	\N	\N
283	2026-04-23 12:34:32.679685	Connexion réussie — rôle: Expert Product Audit	\N	\N	CONNEXION	\N	\N	\N	\N	\N	1	\N	\N
284	2026-04-23 12:41:41.577912	Connexion réussie — rôle: Auditeur	\N	\N	CONNEXION	\N	\N	\N	\N	\N	2	\N	\N
285	2026-04-23 12:49:20.892032	Connexion réussie — rôle: Chef de Service	\N	\N	CONNEXION	\N	\N	\N	\N	\N	6	\N	\N
286	2026-04-23 12:49:38.054026	Connexion réussie — rôle: Administrateur	\N	\N	CONNEXION	\N	\N	\N	\N	\N	56	\N	\N
287	2026-04-23 12:50:00.455052	Connexion réussie — rôle: Responsable Qualite Centrale	\N	\N	CONNEXION	\N	\N	\N	\N	\N	62	\N	\N
288	2026-04-23 13:04:01.391123	Connexion réussie — rôle: Administrateur	\N	\N	CONNEXION	\N	\N	\N	\N	\N	56	\N	\N
289	2026-04-23 14:30:19.764573	Connexion réussie — rôle: Expert Product Audit	\N	\N	CONNEXION	\N	\N	\N	\N	\N	1	\N	\N
290	2026-04-23 15:47:42.189647	Connexion réussie — rôle: Administrateur	\N	\N	CONNEXION	\N	\N	\N	\N	\N	56	\N	\N
292	2026-04-24 00:14:09.414957	Connexion réussie — rôle: Auditeur	\N	\N	CONNEXION	\N	\N	\N	\N	\N	2	\N	\N
293	2026-04-24 01:35:35.077023	Connexion réussie — rôle: Administrateur	\N	\N	CONNEXION	\N	\N	\N	\N	\N	56	\N	\N
294	2026-04-24 01:41:28.744263	Connexion réussie — rôle: Administrateur	\N	\N	CONNEXION	\N	\N	\N	\N	\N	56	\N	\N
295	2026-04-24 01:41:35.098485	Connexion réussie — rôle: Expert Product Audit	\N	\N	CONNEXION	\N	\N	\N	\N	\N	1	\N	\N
296	2026-04-24 14:55:18.284675	Connexion réussie — rôle: Expert Product Audit	\N	\N	CONNEXION	\N	\N	\N	\N	\N	1	\N	\N
297	2026-04-24 14:55:24.083149	Connexion réussie — rôle: Expert Product Audit	\N	\N	CONNEXION	\N	\N	\N	\N	\N	1	\N	\N
298	2026-04-24 19:04:25.567106	Connexion réussie — rôle: Administrateur	\N	\N	CONNEXION	\N	\N	\N	\N	\N	56	\N	\N
299	2026-04-24 19:35:42.03083	Connexion réussie — rôle: Expert Product Audit	\N	\N	CONNEXION	\N	\N	\N	\N	\N	1	\N	\N
300	2026-04-24 19:35:52.664097	Connexion réussie — rôle: Administrateur	\N	\N	CONNEXION	\N	\N	\N	\N	\N	56	\N	\N
301	2026-04-25 02:04:54.448483	Connexion réussie — rôle: Expert Product Audit	\N	\N	CONNEXION	\N	\N	\N	\N	\N	1	\N	\N
302	2026-04-26 01:47:11.514293	Connexion réussie — rôle: Auditeur	\N	\N	CONNEXION	\N	\N	\N	\N	\N	2	\N	\N
303	2026-04-26 16:25:36.65915	Connexion réussie — rôle: Administrateur	\N	\N	CONNEXION	\N	\N	\N	\N	\N	56	\N	\N
304	2026-04-26 16:26:03.88273	Connexion réussie — rôle: Auditeur	\N	\N	CONNEXION	\N	\N	\N	\N	\N	5	\N	\N
305	2026-04-26 16:26:50.743072	Connexion réussie — rôle: Responsable Qualite Centrale	\N	\N	CONNEXION	\N	\N	\N	\N	\N	62	\N	\N
306	2026-04-26 16:31:19.647989	Connexion réussie — rôle: Chef de Service	\N	\N	CONNEXION	\N	\N	\N	\N	\N	6	\N	\N
307	2026-04-26 16:34:28.543405	Connexion réussie — rôle: Auditeur	\N	\N	CONNEXION	\N	\N	\N	\N	\N	4	\N	\N
308	2026-04-26 16:37:08.768891	Connexion réussie — rôle: Auditeur	\N	\N	CONNEXION	\N	\N	\N	\N	\N	2	\N	\N
310	2026-04-27 12:30:01.939521	Rapport uploadé pour l'audit : AP-2026-004	\N	\N	AUDIT_RAPPORT_UPLOADE	\N	\N	\N	\N	\N	2	\N	\N
311	2026-04-27 13:34:38.87258	Rapport uploadé pour l'audit : AP-2026-004	\N	\N	AUDIT_RAPPORT_UPLOADE	\N	\N	\N	\N	\N	2	\N	\N
312	2026-04-27 14:49:09.652919	Connexion réussie — rôle: Expert Product Audit	\N	\N	CONNEXION	\N	\N	\N	\N	\N	1	\N	\N
313	2026-04-27 19:22:41.396631	Connexion réussie — rôle: Administrateur	\N	\N	CONNEXION	\N	\N	\N	\N	\N	56	\N	\N
314	2026-04-27 19:23:03.067	Connexion réussie — rôle: Auditeur	\N	\N	CONNEXION	\N	\N	\N	\N	\N	4	\N	\N
315	2026-04-27 20:07:39.969857	Connexion réussie — rôle: Expert Product Audit	\N	\N	CONNEXION	\N	\N	\N	\N	\N	1	\N	\N
316	2026-04-27 20:39:34.816819	Connexion réussie — rôle: Auditeur	\N	\N	CONNEXION	\N	\N	\N	\N	\N	4	\N	\N
317	2026-04-27 20:50:24.323255	Connexion réussie — rôle: Expert Product Audit	\N	\N	CONNEXION	\N	\N	\N	\N	\N	1	\N	\N
318	2026-04-27 22:36:08.196638	Connexion réussie — rôle: Chef de Service	\N	\N	CONNEXION	\N	\N	\N	\N	\N	6	\N	\N
319	2026-04-28 01:02:29.090105	Connexion réussie — rôle: Expert Product Audit	\N	\N	CONNEXION	\N	\N	\N	\N	\N	1	\N	\N
320	2026-04-28 01:05:26.255144	Connexion réussie — rôle: Auditeur	\N	\N	CONNEXION	\N	\N	\N	\N	\N	2	\N	\N
1210	2026-07-03 20:19:04.581235	Audit démarré : AP-2026-035	\N	\N	AUDIT_DEMARRE	\N	\N	\N	\N	\N	7	\N	\N
1211	2026-07-03 20:19:09.641566	Rapport uploadé pour l'audit : AP-2026-035	\N	\N	AUDIT_RAPPORT_UPLOADE	\N	\N	\N	\N	\N	7	\N	\N
321	2026-04-28 01:16:23.527486	Score : 95.0/100 — Qualification : Test Théorique 16/04/2026	\N	95	THEORIQUE_REUSSI	\N	\N	\N	\N	\N	2	\N	\N
322	2026-04-28 01:25:05.863058	Connexion réussie — rôle: Expert Product Audit	\N	\N	CONNEXION	\N	\N	\N	\N	\N	1	\N	\N
323	2026-04-28 01:25:57.16271	Connexion réussie — rôle: Auditeur	\N	\N	CONNEXION	\N	\N	\N	\N	\N	2	\N	\N
324	2026-04-28 01:26:53.234222	Connexion réussie — rôle: Expert Product Audit	\N	\N	CONNEXION	\N	\N	\N	\N	\N	1	\N	\N
325	2026-04-28 01:32:20.429457	Connexion réussie — rôle: Auditeur	\N	\N	CONNEXION	\N	\N	\N	\N	\N	4	\N	\N
326	2026-04-28 01:36:21.141005	Connexion réussie — rôle: Expert Product Audit	\N	\N	CONNEXION	\N	\N	\N	\N	\N	1	\N	\N
327	2026-04-28 01:49:03.065012	Connexion réussie — rôle: Auditeur	\N	\N	CONNEXION	\N	\N	\N	\N	\N	2	\N	\N
328	2026-04-28 01:49:21.467412	Session démarrée — Qualification : Test Théorique 16/04/2026 — Tentative #1	\N	\N	SESSION_DEMARREE	\N	\N	\N	\N	\N	2	\N	\N
329	2026-04-28 10:49:48.667806	Connexion réussie — rôle: Administrateur	\N	\N	CONNEXION	\N	\N	\N	\N	\N	56	\N	\N
330	2026-04-28 10:56:52.929872	Connexion réussie — rôle: Expert Product Audit	\N	\N	CONNEXION	\N	\N	\N	\N	\N	1	\N	\N
331	2026-04-28 11:37:00.849617	Connexion réussie — rôle: Auditeur	\N	\N	CONNEXION	\N	\N	\N	\N	\N	2	\N	\N
332	2026-04-28 11:40:00.65006	Score : 100.0/100 — Qualification : Test Théorique 16/04/2026	\N	100	THEORIQUE_REUSSI	\N	\N	\N	\N	\N	2	\N	\N
333	2026-04-28 11:43:53.270356	Connexion réussie — rôle: Expert Product Audit	\N	\N	CONNEXION	\N	\N	\N	\N	\N	1	\N	\N
334	2026-04-28 11:44:18.527563	Connexion réussie — rôle: Auditeur	\N	\N	CONNEXION	\N	\N	\N	\N	\N	2	\N	\N
335	2026-04-28 11:46:24.726565	Connexion réussie — rôle: Expert Product Audit	\N	\N	CONNEXION	\N	\N	\N	\N	\N	1	\N	\N
336	2026-04-28 11:51:54.0721	Connexion réussie — rôle: Auditeur	\N	\N	CONNEXION	\N	\N	\N	\N	\N	2	\N	\N
337	2026-04-28 11:56:37.457551	Connexion réussie — rôle: Expert Product Audit	\N	\N	CONNEXION	\N	\N	\N	\N	\N	1	\N	\N
338	2026-04-28 12:19:38.508974	Connexion réussie — rôle: Auditeur	\N	\N	CONNEXION	\N	\N	\N	\N	\N	2	\N	\N
339	2026-04-28 12:30:25.750028	Connexion réussie — rôle: Expert Product Audit	\N	\N	CONNEXION	\N	\N	\N	\N	\N	1	\N	\N
340	2026-04-28 12:42:53.904644	Connexion réussie — rôle: Auditeur	\N	\N	CONNEXION	\N	\N	\N	\N	\N	4	\N	\N
341	2026-04-28 12:43:29.62306	Connexion réussie — rôle: Auditeur	\N	\N	CONNEXION	\N	\N	\N	\N	\N	5	\N	\N
342	2026-04-28 12:43:54.210185	Connexion réussie — rôle: Administrateur	\N	\N	CONNEXION	\N	\N	\N	\N	\N	56	\N	\N
343	2026-04-28 12:44:02.458273	Compte activé par l'administrateur — utilisateur: Mohamed Mohamed  (278007)	\N	\N	COMPTE_ACTIVE	\N	\N	\N	\N	\N	7	\N	\N
344	2026-04-28 12:44:12.750422	Connexion réussie — rôle: Auditeur	\N	\N	CONNEXION	\N	\N	\N	\N	\N	7	\N	\N
345	2026-04-28 12:44:46.11041	Score : 45.0/100 — Qualification : Test Théorique 16/04/2026	\N	45	THEORIQUE_ECHOUE	\N	\N	\N	\N	\N	7	\N	\N
346	2026-04-28 12:53:17.76849	Connexion réussie — rôle: Auditeur	\N	\N	CONNEXION	\N	\N	\N	\N	\N	7	\N	\N
347	2026-04-28 12:53:34.217767	Connexion réussie — rôle: Expert Product Audit	\N	\N	CONNEXION	\N	\N	\N	\N	\N	1	\N	\N
348	2026-04-28 12:58:19.414055	Connexion réussie — rôle: Auditeur	\N	\N	CONNEXION	\N	\N	\N	\N	\N	2	\N	\N
349	2026-04-28 12:59:00.067111	Connexion réussie — rôle: Expert Product Audit	\N	\N	CONNEXION	\N	\N	\N	\N	\N	1	\N	\N
350	2026-04-28 12:59:22.535007	Connexion réussie — rôle: Auditeur	\N	\N	CONNEXION	\N	\N	\N	\N	\N	2	\N	\N
351	2026-04-28 12:59:56.399323	Connexion réussie — rôle: Expert Product Audit	\N	\N	CONNEXION	\N	\N	\N	\N	\N	1	\N	\N
352	2026-04-28 15:11:55.539002	Connexion réussie — rôle: Auditeur	\N	\N	CONNEXION	\N	\N	\N	\N	\N	2	\N	\N
353	2026-04-28 15:12:13.555664	Connexion réussie — rôle: Expert Product Audit	\N	\N	CONNEXION	\N	\N	\N	\N	\N	1	\N	\N
354	2026-04-28 15:12:39.601761	Connexion réussie — rôle: Administrateur	\N	\N	CONNEXION	\N	\N	\N	\N	\N	56	\N	\N
355	2026-04-28 15:13:06.755436	Connexion réussie — rôle: Auditeur	\N	\N	CONNEXION	\N	\N	\N	\N	\N	7	\N	\N
356	2026-04-28 15:15:19.362847	Connexion réussie — rôle: Auditeur	\N	\N	CONNEXION	\N	\N	\N	\N	\N	2	\N	\N
357	2026-04-28 16:24:27.285183	Connexion réussie — rôle: Expert Product Audit	\N	\N	CONNEXION	\N	\N	\N	\N	\N	1	\N	\N
358	2026-04-28 22:44:23.35296	Connexion réussie — rôle: Auditeur	\N	\N	CONNEXION	\N	\N	\N	\N	\N	2	\N	\N
359	2026-04-28 23:24:15.079345	Session démarrée — Qualification : Test Théorique 16/04/2026 — Tentative #3	\N	\N	SESSION_DEMARREE	\N	\N	\N	\N	\N	2	\N	\N
360	2026-04-29 00:16:31.940807	Connexion réussie — rôle: Auditeur	\N	\N	CONNEXION	\N	\N	\N	\N	\N	4	\N	\N
361	2026-04-29 00:16:41.964741	Session démarrée — Qualification : Test Théorique 16/04/2026 — Tentative #1	\N	\N	SESSION_DEMARREE	\N	\N	\N	\N	\N	4	\N	\N
362	2026-04-29 00:17:00.280032	Connexion réussie — rôle: Expert Product Audit	\N	\N	CONNEXION	\N	\N	\N	\N	\N	1	\N	\N
363	2026-04-29 00:54:08.484975	Connexion réussie — rôle: Expert Product Audit	\N	\N	CONNEXION	\N	\N	\N	\N	\N	1	\N	\N
364	2026-04-29 01:33:31.262142	Connexion réussie — rôle: Auditeur	\N	\N	CONNEXION	\N	\N	\N	\N	\N	5	\N	\N
365	2026-04-29 01:34:39.700225	Connexion réussie — rôle: Auditeur	\N	\N	CONNEXION	\N	\N	\N	\N	\N	2	\N	\N
366	2026-04-29 01:35:51.465491	Connexion réussie — rôle: Expert Product Audit	\N	\N	CONNEXION	\N	\N	\N	\N	\N	1	\N	\N
367	2026-04-29 01:46:00.607656	Connexion réussie — rôle: Administrateur	\N	\N	CONNEXION	\N	\N	\N	\N	\N	56	\N	\N
368	2026-04-29 01:46:15.013813	Connexion réussie — rôle: Responsable Qualite Centrale	\N	\N	CONNEXION	\N	\N	\N	\N	\N	62	\N	\N
369	2026-04-29 01:58:31.104024	Connexion réussie — rôle: Auditeur	\N	\N	CONNEXION	\N	\N	\N	\N	\N	4	\N	\N
370	2026-04-29 02:00:42.344943	Score : 100.0/100 — Qualification : Test Théorique 16/04/2026	\N	100	THEORIQUE_REUSSI	\N	\N	\N	\N	\N	4	\N	\N
371	2026-04-29 02:01:16.70505	Connexion réussie — rôle: Expert Product Audit	\N	\N	CONNEXION	\N	\N	\N	\N	\N	1	\N	\N
372	2026-04-29 02:02:23.787024	Connexion réussie — rôle: Auditeur	\N	\N	CONNEXION	\N	\N	\N	\N	\N	4	\N	\N
373	2026-04-29 02:03:13.3408	Connexion réussie — rôle: Expert Product Audit	\N	\N	CONNEXION	\N	\N	\N	\N	\N	1	\N	\N
374	2026-04-29 02:03:59.71424	Connexion réussie — rôle: Auditeur	\N	\N	CONNEXION	\N	\N	\N	\N	\N	4	\N	\N
375	2026-04-29 14:04:50.481567	Connexion réussie — rôle: Chef de Service	\N	\N	CONNEXION	\N	\N	\N	\N	\N	6	\N	\N
376	2026-04-29 14:21:24.492788	Connexion réussie — rôle: Auditeur	\N	\N	CONNEXION	\N	\N	\N	\N	\N	2	\N	\N
377	2026-04-29 14:21:50.115392	Connexion réussie — rôle: Auditeur	\N	\N	CONNEXION	\N	\N	\N	\N	\N	4	\N	\N
378	2026-04-29 14:44:45.970192	Session démarrée — Qualification : Test Théorique 16/04/2026 — Tentative #3	\N	\N	SESSION_DEMARREE	\N	\N	\N	\N	\N	4	\N	\N
379	2026-04-29 14:45:22.747215	Connexion réussie — rôle: Expert Product Audit	\N	\N	CONNEXION	\N	\N	\N	\N	\N	1	\N	\N
380	2026-04-29 14:45:56.168377	Connexion réussie — rôle: Auditeur	\N	\N	CONNEXION	\N	\N	\N	\N	\N	4	\N	\N
381	2026-04-29 15:32:30.24989	Score : 100.0/100 — Qualification : Test Théorique 16/04/2026	\N	100	THEORIQUE_REUSSI	\N	\N	\N	\N	\N	4	\N	\N
382	2026-04-29 15:33:36.221066	Connexion réussie — rôle: Expert Product Audit	\N	\N	CONNEXION	\N	\N	\N	\N	\N	1	\N	\N
383	2026-04-29 15:34:11.043826	Connexion réussie — rôle: Auditeur	\N	\N	CONNEXION	\N	\N	\N	\N	\N	4	\N	\N
384	2026-04-29 23:17:44.131699	Connexion réussie — rôle: Expert Product Audit	\N	\N	CONNEXION	\N	\N	\N	\N	\N	1	\N	\N
385	2026-04-29 23:17:55.554917	Connexion réussie — rôle: Auditeur	\N	\N	CONNEXION	\N	\N	\N	\N	\N	2	\N	\N
386	2026-04-30 10:35:13.664597	Connexion réussie — rôle: Expert Product Audit	\N	\N	CONNEXION	\N	\N	\N	\N	\N	1	\N	\N
387	2026-04-30 13:12:52.633009	Connexion réussie — rôle: Auditeur	\N	\N	CONNEXION	\N	\N	\N	\N	\N	2	\N	\N
388	2026-04-30 13:13:03.470712	Connexion réussie — rôle: Auditeur	\N	\N	CONNEXION	\N	\N	\N	\N	\N	4	\N	\N
389	2026-04-30 13:13:19.211391	Session démarrée — Qualification : Test Théorique 30/04/2026 — Tentative #1	\N	\N	SESSION_DEMARREE	\N	\N	\N	\N	\N	4	\N	\N
390	2026-04-30 13:14:53.392584	Score : 100.0/100 — Qualification : Test Théorique 30/04/2026	\N	100	THEORIQUE_REUSSI	\N	\N	\N	\N	\N	4	\N	\N
391	2026-04-30 13:15:26.64006	Connexion réussie — rôle: Expert Product Audit	\N	\N	CONNEXION	\N	\N	\N	\N	\N	1	\N	\N
392	2026-05-01 04:14:01.228796	Connexion réussie — rôle: Auditeur	\N	\N	CONNEXION	\N	\N	\N	\N	\N	4	\N	\N
393	2026-05-01 04:14:11.018022	Connexion réussie — rôle: Auditeur	\N	\N	CONNEXION	\N	\N	\N	\N	\N	2	\N	\N
394	2026-05-01 04:14:22.093087	Connexion réussie — rôle: Auditeur	\N	\N	CONNEXION	\N	\N	\N	\N	\N	5	\N	\N
395	2026-05-01 04:20:27.880225	Connexion réussie — rôle: Auditeur	\N	\N	CONNEXION	\N	\N	\N	\N	\N	2	\N	\N
396	2026-05-01 04:20:54.175128	Connexion réussie — rôle: Auditeur	\N	\N	CONNEXION	\N	\N	\N	\N	\N	7	\N	\N
397	2026-05-01 11:51:53.676689	Connexion réussie — rôle: Auditeur	\N	\N	CONNEXION	\N	\N	\N	\N	\N	7	\N	\N
398	2026-05-01 12:22:28.449406	Session démarrée — Qualification : Test Théorique 16/04/2026 — Tentative #2	\N	\N	SESSION_DEMARREE	\N	\N	\N	\N	\N	7	\N	\N
399	2026-05-01 12:22:45.798557	Connexion réussie — rôle: Auditeur	\N	\N	CONNEXION	\N	\N	\N	\N	\N	7	\N	\N
400	2026-05-01 12:22:57.650241	Connexion réussie — rôle: Auditeur	\N	\N	CONNEXION	\N	\N	\N	\N	\N	2	\N	\N
401	2026-05-01 12:23:18.166593	Connexion réussie — rôle: Expert Product Audit	\N	\N	CONNEXION	\N	\N	\N	\N	\N	1	\N	\N
402	2026-05-01 12:24:10.761463	Connexion réussie — rôle: Auditeur	\N	\N	CONNEXION	\N	\N	\N	\N	\N	2	\N	\N
403	2026-05-01 13:47:33.14678	Connexion réussie — rôle: Expert Product Audit	\N	\N	CONNEXION	\N	\N	\N	\N	\N	1	\N	\N
404	2026-05-01 13:48:00.525184	Connexion réussie — rôle: Auditeur	\N	\N	CONNEXION	\N	\N	\N	\N	\N	2	\N	\N
405	2026-05-01 14:27:49.19538	Session démarrée — Qualification : Test Théorique 30/04/2026 — Tentative #1	\N	\N	SESSION_DEMARREE	\N	\N	\N	\N	\N	2	\N	\N
406	2026-05-01 14:58:47.703721	Score : 100.0/100 — Qualification : Test Théorique 30/04/2026	\N	100	THEORIQUE_REUSSI	\N	\N	\N	\N	\N	2	\N	\N
407	2026-05-01 14:59:40.138681	Connexion réussie — rôle: Expert Product Audit	\N	\N	CONNEXION	\N	\N	\N	\N	\N	1	\N	\N
408	2026-05-01 18:15:52.466226	Connexion réussie — rôle: Chef de Service	\N	\N	CONNEXION	\N	\N	\N	\N	\N	6	\N	\N
409	2026-05-01 18:17:03.196911	Connexion réussie — rôle: Expert Product Audit	\N	\N	CONNEXION	\N	\N	\N	\N	\N	1	\N	\N
410	2026-05-01 18:41:06.626874	Connexion réussie — rôle: Chef de Service	\N	\N	CONNEXION	\N	\N	\N	\N	\N	6	\N	\N
411	2026-05-01 18:42:58.204065	Connexion réussie — rôle: Auditeur	\N	\N	CONNEXION	\N	\N	\N	\N	\N	2	\N	\N
412	2026-05-01 19:06:29.043904	Connexion réussie — rôle: Chef de Service	\N	\N	CONNEXION	\N	\N	\N	\N	\N	6	\N	\N
413	2026-05-01 19:07:22.576358	Connexion réussie — rôle: Expert Product Audit	\N	\N	CONNEXION	\N	\N	\N	\N	\N	1	\N	\N
414	2026-05-01 19:08:24.08158	Connexion réussie — rôle: Chef de Service	\N	\N	CONNEXION	\N	\N	\N	\N	\N	6	\N	\N
415	2026-05-01 20:10:58.777173	Connexion réussie — rôle: Expert Product Audit	\N	\N	CONNEXION	\N	\N	\N	\N	\N	1	\N	\N
416	2026-05-01 20:18:59.965153	Connexion réussie — rôle: Auditeur	\N	\N	CONNEXION	\N	\N	\N	\N	\N	2	\N	\N
417	2026-05-01 20:19:27.763582	Session démarrée — Qualification : Test Théorique 30/04/2026 — Tentative #2	\N	\N	SESSION_DEMARREE	\N	\N	\N	\N	\N	2	\N	\N
418	2026-05-01 20:21:18.546943	Score : 100.0/100 — Qualification : Test Théorique 30/04/2026	\N	100	THEORIQUE_REUSSI	\N	\N	\N	\N	\N	2	\N	\N
419	2026-05-01 20:21:49.181081	Connexion réussie — rôle: Expert Product Audit	\N	\N	CONNEXION	\N	\N	\N	\N	\N	1	\N	\N
420	2026-05-01 20:22:49.782994	Connexion réussie — rôle: Auditeur	\N	\N	CONNEXION	\N	\N	\N	\N	\N	2	\N	\N
421	2026-05-01 20:23:20.19233	Connexion réussie — rôle: Expert Product Audit	\N	\N	CONNEXION	\N	\N	\N	\N	\N	1	\N	\N
422	2026-05-01 21:48:09.142899	Connexion réussie — rôle: Chef de Service	\N	\N	CONNEXION	\N	\N	\N	\N	\N	6	\N	\N
423	2026-05-01 21:51:38.063368	Connexion réussie — rôle: Auditeur	\N	\N	CONNEXION	\N	\N	\N	\N	\N	2	\N	\N
424	2026-05-01 22:40:16.678739	Connexion réussie — rôle: Expert Product Audit	\N	\N	CONNEXION	\N	\N	\N	\N	\N	1	\N	\N
425	2026-05-01 22:41:32.471924	Connexion réussie — rôle: Auditeur	\N	\N	CONNEXION	\N	\N	\N	\N	\N	4	\N	\N
426	2026-05-01 22:41:43.544514	Connexion réussie — rôle: Expert Product Audit	\N	\N	CONNEXION	\N	\N	\N	\N	\N	1	\N	\N
427	2026-05-01 22:49:29.043188	Connexion réussie — rôle: Auditeur	\N	\N	CONNEXION	\N	\N	\N	\N	\N	2	\N	\N
428	2026-05-01 22:52:34.794716	Connexion réussie — rôle: Expert Product Audit	\N	\N	CONNEXION	\N	\N	\N	\N	\N	1	\N	\N
429	2026-05-01 22:52:49.796806	Connexion réussie — rôle: Auditeur	\N	\N	CONNEXION	\N	\N	\N	\N	\N	4	\N	\N
430	2026-05-01 22:54:35.163983	Connexion réussie — rôle: Auditeur	\N	\N	CONNEXION	\N	\N	\N	\N	\N	7	\N	\N
431	2026-05-01 22:54:47.332057	Connexion réussie — rôle: Auditeur	\N	\N	CONNEXION	\N	\N	\N	\N	\N	2	\N	\N
432	2026-05-01 23:32:18.678635	Connexion réussie — rôle: Chef de Service	\N	\N	CONNEXION	\N	\N	\N	\N	\N	6	\N	\N
433	2026-05-01 23:38:18.317565	Connexion réussie — rôle: Expert Product Audit	\N	\N	CONNEXION	\N	\N	\N	\N	\N	1	\N	\N
434	2026-05-02 00:25:14.649893	Connexion réussie — rôle: Administrateur	\N	\N	CONNEXION	\N	\N	\N	\N	\N	56	\N	\N
435	2026-05-02 00:49:31.044426	Connexion réussie — rôle: Administrateur	\N	\N	CONNEXION	\N	\N	\N	\N	\N	56	\N	\N
436	2026-05-02 12:25:39.796456	Connexion réussie — rôle: Administrateur	\N	\N	CONNEXION	\N	\N	\N	\N	\N	56	\N	\N
437	2026-05-02 12:28:24.093549	Connexion réussie — rôle: Administrateur	\N	\N	CONNEXION	\N	\N	\N	\N	\N	56	\N	\N
438	2026-05-02 12:30:10.641633	Connexion réussie — rôle: Administrateur	\N	\N	CONNEXION	\N	\N	\N	\N	\N	56	\N	\N
439	2026-05-02 12:31:28.518001	Connexion réussie — rôle: Administrateur	\N	\N	CONNEXION	\N	\N	\N	\N	\N	56	\N	\N
440	2026-05-02 12:47:14.391124	Connexion réussie — rôle: Expert Product Audit	\N	\N	CONNEXION	\N	\N	\N	\N	\N	1	\N	\N
441	2026-05-02 17:19:42.416327	Connexion réussie — rôle: Auditeur	\N	\N	CONNEXION	\N	\N	\N	\N	\N	2	\N	\N
442	2026-05-02 17:26:27.318016	Connexion réussie — rôle: Chef de Service	\N	\N	CONNEXION	\N	\N	\N	\N	\N	6	\N	\N
443	2026-05-02 17:38:42.327825	Connexion réussie — rôle: Expert Product Audit	\N	\N	CONNEXION	\N	\N	\N	\N	\N	1	\N	\N
444	2026-05-02 18:15:28.775583	Connexion réussie — rôle: Auditeur	\N	\N	CONNEXION	\N	\N	\N	\N	\N	2	\N	\N
445	2026-05-02 18:18:37.303747	Connexion réussie — rôle: Expert Product Audit	\N	\N	CONNEXION	\N	\N	\N	\N	\N	1	\N	\N
446	2026-05-02 18:23:58.816161	Connexion réussie — rôle: Expert Product Audit	\N	\N	CONNEXION	\N	\N	\N	\N	\N	1	\N	\N
447	2026-05-02 18:24:33.515421	Connexion réussie — rôle: Expert Product Audit	\N	\N	CONNEXION	\N	\N	\N	\N	\N	1	\N	\N
448	2026-05-02 18:26:28.822629	Connexion réussie — rôle: Auditeur	\N	\N	CONNEXION	\N	\N	\N	\N	\N	2	\N	\N
449	2026-05-02 18:26:36.886846	Connexion réussie — rôle: Chef de Service	\N	\N	CONNEXION	\N	\N	\N	\N	\N	6	\N	\N
450	2026-05-02 18:26:46.116761	Connexion réussie — rôle: Expert Product Audit	\N	\N	CONNEXION	\N	\N	\N	\N	\N	1	\N	\N
451	2026-05-02 19:30:37.883601	Connexion réussie — rôle: Auditeur	\N	\N	CONNEXION	\N	\N	\N	\N	\N	2	\N	\N
452	2026-05-02 19:30:59.865489	Connexion réussie — rôle: Auditeur	\N	\N	CONNEXION	\N	\N	\N	\N	\N	4	\N	\N
453	2026-05-02 19:31:09.704044	Connexion réussie — rôle: Auditeur	\N	\N	CONNEXION	\N	\N	\N	\N	\N	7	\N	\N
454	2026-05-02 19:31:17.919921	Connexion réussie — rôle: Auditeur	\N	\N	CONNEXION	\N	\N	\N	\N	\N	2	\N	\N
455	2026-05-02 19:31:46.757311	Connexion réussie — rôle: Expert Product Audit	\N	\N	CONNEXION	\N	\N	\N	\N	\N	1	\N	\N
456	2026-05-02 19:31:58.808723	Connexion réussie — rôle: Chef de Service	\N	\N	CONNEXION	\N	\N	\N	\N	\N	6	\N	\N
457	2026-05-02 19:32:29.194768	Connexion réussie — rôle: Expert Product Audit	\N	\N	CONNEXION	\N	\N	\N	\N	\N	1	\N	\N
465	2026-05-02 19:39:45.493359	Connexion réussie — rôle: Expert Product Audit	\N	\N	CONNEXION	\N	\N	\N	\N	\N	1	\N	\N
458	2026-05-02 19:34:36.012577	Connexion réussie — rôle: Auditeur	\N	\N	CONNEXION	\N	\N	\N	\N	\N	7	\N	\N
464	2026-05-02 19:39:20.795925	Score : 100.0/100 — Qualification : Test Théorique 30/04/2026	\N	100	THEORIQUE_REUSSI	\N	\N	\N	\N	\N	2	\N	\N
459	2026-05-02 19:34:50.519498	Connexion réussie — rôle: Auditeur	\N	\N	CONNEXION	\N	\N	\N	\N	\N	5	\N	\N
460	2026-05-02 19:35:05.340265	Connexion réussie — rôle: Auditeur	\N	\N	CONNEXION	\N	\N	\N	\N	\N	4	\N	\N
461	2026-05-02 19:35:23.251765	Connexion réussie — rôle: Expert Product Audit	\N	\N	CONNEXION	\N	\N	\N	\N	\N	1	\N	\N
462	2026-05-02 19:37:19.143359	Connexion réussie — rôle: Auditeur	\N	\N	CONNEXION	\N	\N	\N	\N	\N	2	\N	\N
463	2026-05-02 19:37:52.874173	Session démarrée — Qualification : Test Théorique 30/04/2026 — Tentative #3	\N	\N	SESSION_DEMARREE	\N	\N	\N	\N	\N	2	\N	\N
466	2026-05-02 19:49:46.974062	Connexion réussie — rôle: Auditeur	\N	\N	CONNEXION	\N	\N	\N	\N	\N	4	\N	\N
467	2026-05-02 19:50:03.391833	Connexion réussie — rôle: Expert Product Audit	\N	\N	CONNEXION	\N	\N	\N	\N	\N	1	\N	\N
468	2026-05-02 19:50:13.928962	Connexion réussie — rôle: Auditeur	\N	\N	CONNEXION	\N	\N	\N	\N	\N	4	\N	\N
469	2026-05-02 19:50:40.244779	Session démarrée — Qualification : Test Théorique 30/04/2026 — Tentative #2	\N	\N	SESSION_DEMARREE	\N	\N	\N	\N	\N	4	\N	\N
470	2026-05-02 19:52:23.875904	Score : 95.0/100 — Qualification : Test Théorique 30/04/2026	\N	95	THEORIQUE_REUSSI	\N	\N	\N	\N	\N	4	\N	\N
471	2026-05-02 19:52:37.599917	Connexion réussie — rôle: Expert Product Audit	\N	\N	CONNEXION	\N	\N	\N	\N	\N	1	\N	\N
472	2026-05-02 19:54:35.341839	Connexion réussie — rôle: Chef de Service	\N	\N	CONNEXION	\N	\N	\N	\N	\N	6	\N	\N
473	2026-05-02 19:55:05.304354	Connexion réussie — rôle: Auditeur	\N	\N	CONNEXION	\N	\N	\N	\N	\N	4	\N	\N
474	2026-05-02 19:55:34.758757	Connexion réussie — rôle: Auditeur	\N	\N	CONNEXION	\N	\N	\N	\N	\N	2	\N	\N
475	2026-05-03 01:48:50.076677	Connexion réussie — rôle: Expert Product Audit	\N	\N	CONNEXION	\N	\N	\N	\N	\N	1	\N	\N
476	2026-05-03 02:04:03.355515	Connexion réussie — rôle: Auditeur	\N	\N	CONNEXION	\N	\N	\N	\N	\N	7	\N	\N
477	2026-05-03 02:04:18.602222	Connexion réussie — rôle: Expert Product Audit	\N	\N	CONNEXION	\N	\N	\N	\N	\N	1	\N	\N
478	2026-05-03 02:04:48.282838	Connexion réussie — rôle: Auditeur	\N	\N	CONNEXION	\N	\N	\N	\N	\N	7	\N	\N
479	2026-05-03 02:05:09.592577	Connexion réussie — rôle: Expert Product Audit	\N	\N	CONNEXION	\N	\N	\N	\N	\N	1	\N	\N
480	2026-05-03 02:06:05.321912	Connexion réussie — rôle: Auditeur	\N	\N	CONNEXION	\N	\N	\N	\N	\N	5	\N	\N
481	2026-05-03 02:06:17.007048	Connexion réussie — rôle: Expert Product Audit	\N	\N	CONNEXION	\N	\N	\N	\N	\N	1	\N	\N
482	2026-05-03 02:07:31.953031	Connexion réussie — rôle: Auditeur	\N	\N	CONNEXION	\N	\N	\N	\N	\N	7	\N	\N
483	2026-05-03 02:07:58.589788	Session démarrée — Qualification : Test Théorique 30/04/2026 — Tentative #1	\N	\N	SESSION_DEMARREE	\N	\N	\N	\N	\N	7	\N	\N
484	2026-05-03 02:09:31.80808	Score : 100.0/100 — Qualification : Test Théorique 30/04/2026	\N	100	THEORIQUE_REUSSI	\N	\N	\N	\N	\N	7	\N	\N
485	2026-05-03 02:09:55.8515	Connexion réussie — rôle: Expert Product Audit	\N	\N	CONNEXION	\N	\N	\N	\N	\N	1	\N	\N
486	2026-05-03 02:50:28.630366	Connexion réussie — rôle: Auditeur	\N	\N	CONNEXION	\N	\N	\N	\N	\N	2	\N	\N
487	2026-05-03 03:01:11.453883	Connexion réussie — rôle: Expert Product Audit	\N	\N	CONNEXION	\N	\N	\N	\N	\N	1	\N	\N
488	2026-05-03 12:20:07.514316	Connexion réussie — rôle: Auditeur	\N	\N	CONNEXION	\N	\N	\N	\N	\N	7	\N	\N
489	2026-05-03 12:20:25.547973	Session démarrée — Qualification : Test Théorique 30/04/2026 — Tentative #2	\N	\N	SESSION_DEMARREE	\N	\N	\N	\N	\N	7	\N	\N
490	2026-05-03 12:27:14.86198	Score : 100.0/100 — Qualification : Test Théorique 30/04/2026	\N	100	THEORIQUE_REUSSI	\N	\N	\N	\N	\N	7	\N	\N
491	2026-05-03 12:33:54.437963	Connexion réussie — rôle: Expert Product Audit	\N	\N	CONNEXION	\N	\N	\N	\N	\N	1	\N	\N
492	2026-05-03 12:59:56.993708	Connexion réussie — rôle: Auditeur	\N	\N	CONNEXION	\N	\N	\N	\N	\N	5	\N	\N
493	2026-05-03 13:00:03.843487	Connexion réussie — rôle: Auditeur	\N	\N	CONNEXION	\N	\N	\N	\N	\N	5	\N	\N
494	2026-05-03 13:00:10.433717	Connexion réussie — rôle: Expert Product Audit	\N	\N	CONNEXION	\N	\N	\N	\N	\N	1	\N	\N
495	2026-05-03 13:00:33.008119	Connexion réussie — rôle: Auditeur	\N	\N	CONNEXION	\N	\N	\N	\N	\N	5	\N	\N
496	2026-05-03 13:00:45.91513	Session démarrée — Qualification : Test Théorique 30/04/2026 — Tentative #1	\N	\N	SESSION_DEMARREE	\N	\N	\N	\N	\N	5	\N	\N
497	2026-05-03 13:01:54.049381	Score : 100.0/100 — Qualification : Test Théorique 30/04/2026	\N	100	THEORIQUE_REUSSI	\N	\N	\N	\N	\N	5	\N	\N
498	2026-05-03 13:02:08.097748	Connexion réussie — rôle: Expert Product Audit	\N	\N	CONNEXION	\N	\N	\N	\N	\N	1	\N	\N
499	2026-05-03 13:08:14.419356	Connexion réussie — rôle: Auditeur	\N	\N	CONNEXION	\N	\N	\N	\N	\N	4	\N	\N
500	2026-05-03 13:08:25.135504	Session démarrée — Qualification : Test Théorique 30/04/2026 — Tentative #3	\N	\N	SESSION_DEMARREE	\N	\N	\N	\N	\N	4	\N	\N
501	2026-05-03 13:09:39.18845	Score : 100.0/100 — Qualification : Test Théorique 30/04/2026	\N	100	THEORIQUE_REUSSI	\N	\N	\N	\N	\N	4	\N	\N
502	2026-05-03 13:09:54.274373	Connexion réussie — rôle: Expert Product Audit	\N	\N	CONNEXION	\N	\N	\N	\N	\N	1	\N	\N
503	2026-05-03 13:37:45.859451	Connexion réussie — rôle: Auditeur	\N	\N	CONNEXION	\N	\N	\N	\N	\N	2	\N	\N
504	2026-05-03 13:40:54.728181	Session démarrée — Qualification : Test Théorique 30/04/2026 — Tentative #4	\N	\N	SESSION_DEMARREE	\N	\N	\N	\N	\N	2	\N	\N
505	2026-05-03 13:42:12.50156	Score : 100.0/100 — Qualification : Test Théorique 30/04/2026	\N	100	THEORIQUE_REUSSI	\N	\N	\N	\N	\N	2	\N	\N
506	2026-05-03 13:42:29.092072	Connexion réussie — rôle: Expert Product Audit	\N	\N	CONNEXION	\N	\N	\N	\N	\N	1	\N	\N
507	2026-05-03 14:16:32.001971	Connexion réussie — rôle: Auditeur	\N	\N	CONNEXION	\N	\N	\N	\N	\N	2	\N	\N
508	2026-05-03 14:16:45.699762	Session démarrée — Qualification : Test Théorique 30/04/2026 — Tentative #5	\N	\N	SESSION_DEMARREE	\N	\N	\N	\N	\N	2	\N	\N
509	2026-05-03 14:18:28.408738	Score : 100.0/100 — Qualification : Test Théorique 30/04/2026	\N	100	THEORIQUE_REUSSI	\N	\N	\N	\N	\N	2	\N	\N
510	2026-05-03 14:18:50.719451	Connexion réussie — rôle: Expert Product Audit	\N	\N	CONNEXION	\N	\N	\N	\N	\N	1	\N	\N
511	2026-05-03 14:26:18.085914	Connexion réussie — rôle: Auditeur	\N	\N	CONNEXION	\N	\N	\N	\N	\N	5	\N	\N
512	2026-05-03 14:26:35.616492	Session démarrée — Qualification : Test Théorique 30/04/2026 — Tentative #2	\N	\N	SESSION_DEMARREE	\N	\N	\N	\N	\N	5	\N	\N
513	2026-05-03 14:28:09.428654	Score : 100.0/100 — Qualification : Test Théorique 30/04/2026	\N	100	THEORIQUE_REUSSI	\N	\N	\N	\N	\N	5	\N	\N
514	2026-05-03 14:28:29.739039	Connexion réussie — rôle: Expert Product Audit	\N	\N	CONNEXION	\N	\N	\N	\N	\N	1	\N	\N
515	2026-05-03 14:29:49.465863	Connexion réussie — rôle: Auditeur	\N	\N	CONNEXION	\N	\N	\N	\N	\N	2	\N	\N
516	2026-05-03 14:34:01.024988	Connexion réussie — rôle: Expert Product Audit	\N	\N	CONNEXION	\N	\N	\N	\N	\N	1	\N	\N
517	2026-05-03 15:21:39.355139	Connexion réussie — rôle: Administrateur	\N	\N	CONNEXION	\N	\N	\N	\N	\N	56	\N	\N
518	2026-05-03 15:21:59.477777	Connexion réussie — rôle: Auditeur	\N	\N	CONNEXION	\N	\N	\N	\N	\N	4	\N	\N
519	2026-05-03 15:22:17.115188	Session démarrée — Qualification : Test Théorique 30/04/2026 — Tentative #4	\N	\N	SESSION_DEMARREE	\N	\N	\N	\N	\N	4	\N	\N
520	2026-05-03 15:24:05.636573	Score : 95.0/100 — Qualification : Test Théorique 30/04/2026	\N	95	THEORIQUE_REUSSI	\N	\N	\N	\N	\N	4	\N	\N
521	2026-05-03 15:24:20.572082	Connexion réussie — rôle: Expert Product Audit	\N	\N	CONNEXION	\N	\N	\N	\N	\N	1	\N	\N
522	2026-05-03 23:22:20.424279	Connexion réussie — rôle: Chef de Service	\N	\N	CONNEXION	\N	\N	\N	\N	\N	6	\N	\N
523	2026-05-03 23:28:36.937068	Connexion réussie — rôle: Auditeur	\N	\N	CONNEXION	\N	\N	\N	\N	\N	2	\N	\N
524	2026-05-03 23:40:51.68256	Connexion réussie — rôle: Chef de Service	\N	\N	CONNEXION	\N	\N	\N	\N	\N	6	\N	\N
525	2026-05-04 00:09:01.458647	Connexion réussie — rôle: Expert Product Audit	\N	\N	CONNEXION	\N	\N	\N	\N	\N	1	\N	\N
526	2026-05-04 00:14:57.099947	Connexion réussie — rôle: Chef de Service	\N	\N	CONNEXION	\N	\N	\N	\N	\N	6	\N	\N
527	2026-05-04 00:18:33.098371	Connexion réussie — rôle: Expert Product Audit	\N	\N	CONNEXION	\N	\N	\N	\N	\N	1	\N	\N
528	2026-05-04 00:21:43.050511	Connexion réussie — rôle: Auditeur	\N	\N	CONNEXION	\N	\N	\N	\N	\N	5	\N	\N
529	2026-05-04 00:21:59.108147	Connexion réussie — rôle: Expert Product Audit	\N	\N	CONNEXION	\N	\N	\N	\N	\N	1	\N	\N
530	2026-05-04 00:35:25.566637	Connexion réussie — rôle: Auditeur	\N	\N	CONNEXION	\N	\N	\N	\N	\N	5	\N	\N
531	2026-05-04 00:35:32.808916	Connexion réussie — rôle: Auditeur	\N	\N	CONNEXION	\N	\N	\N	\N	\N	4	\N	\N
532	2026-05-04 00:35:47.048025	Connexion réussie — rôle: Auditeur	\N	\N	CONNEXION	\N	\N	\N	\N	\N	7	\N	\N
533	2026-05-04 00:35:55.054371	Connexion réussie — rôle: Auditeur	\N	\N	CONNEXION	\N	\N	\N	\N	\N	2	\N	\N
534	2026-05-04 00:36:20.29483	Connexion réussie — rôle: Auditeur	\N	\N	CONNEXION	\N	\N	\N	\N	\N	4	\N	\N
535	2026-05-04 00:36:32.136569	Connexion réussie — rôle: Auditeur	\N	\N	CONNEXION	\N	\N	\N	\N	\N	5	\N	\N
536	2026-05-04 00:36:49.962574	Connexion réussie — rôle: Expert Product Audit	\N	\N	CONNEXION	\N	\N	\N	\N	\N	1	\N	\N
537	2026-05-04 00:41:40.644136	Connexion réussie — rôle: Auditeur	\N	\N	CONNEXION	\N	\N	\N	\N	\N	5	\N	\N
538	2026-05-04 00:53:59.121691	Connexion réussie — rôle: Chef de Service	\N	\N	CONNEXION	\N	\N	\N	\N	\N	6	\N	\N
539	2026-05-04 00:54:31.081712	Connexion réussie — rôle: Auditeur	\N	\N	CONNEXION	\N	\N	\N	\N	\N	2	\N	\N
540	2026-05-04 01:12:46.693761	Connexion réussie — rôle: Auditeur	\N	\N	CONNEXION	\N	\N	\N	\N	\N	5	\N	\N
541	2026-05-04 01:12:57.308519	Session démarrée — Qualification : Test Théorique 30/04/2026 — Tentative #3	\N	\N	SESSION_DEMARREE	\N	\N	\N	\N	\N	5	\N	\N
542	2026-05-04 01:35:22.313893	Connexion réussie — rôle: Auditeur	\N	\N	CONNEXION	\N	\N	\N	\N	\N	5	\N	\N
543	2026-05-04 02:05:13.213958	Connexion réussie — rôle: Auditeur	\N	\N	CONNEXION	\N	\N	\N	\N	\N	2	\N	\N
544	2026-05-04 10:44:55.861414	Connexion réussie — rôle: Administrateur	\N	\N	CONNEXION	\N	\N	\N	\N	\N	56	\N	\N
545	2026-05-04 10:46:55.003728	Connexion réussie — rôle: Auditeur	\N	\N	CONNEXION	\N	\N	\N	\N	\N	2	\N	\N
546	2026-05-04 10:47:06.010781	Connexion réussie — rôle: Auditeur	\N	\N	CONNEXION	\N	\N	\N	\N	\N	5	\N	\N
547	2026-05-04 10:47:59.954657	Connexion réussie — rôle: Chef de Service	\N	\N	CONNEXION	\N	\N	\N	\N	\N	6	\N	\N
548	2026-05-04 10:50:06.779911	Connexion réussie — rôle: Expert Product Audit	\N	\N	CONNEXION	\N	\N	\N	\N	\N	1	\N	\N
549	2026-05-04 11:39:26.233271	Connexion réussie — rôle: Auditeur	\N	\N	CONNEXION	\N	\N	\N	\N	\N	5	\N	\N
550	2026-05-04 11:41:44.624475	Score : 100.0/100 — Qualification : Test Théorique 30/04/2026	\N	100	THEORIQUE_REUSSI	\N	\N	\N	\N	\N	5	\N	\N
551	2026-05-04 11:42:10.978146	Connexion réussie — rôle: Expert Product Audit	\N	\N	CONNEXION	\N	\N	\N	\N	\N	1	\N	\N
552	2026-05-04 11:49:42.586704	Connexion réussie — rôle: Auditeur	\N	\N	CONNEXION	\N	\N	\N	\N	\N	7	\N	\N
553	2026-05-04 11:55:13.56494	Session démarrée — Qualification : Test Théorique 30/04/2026 — Tentative #3	\N	\N	SESSION_DEMARREE	\N	\N	\N	\N	\N	7	\N	\N
554	2026-05-04 22:09:35.128116	Connexion réussie — rôle: Expert Product Audit	\N	\N	CONNEXION	\N	\N	\N	\N	\N	1	\N	\N
555	2026-05-04 22:14:51.339155	Connexion réussie — rôle: Administrateur	\N	\N	CONNEXION	\N	\N	\N	\N	\N	56	\N	\N
556	2026-05-04 22:31:26.49485	Connexion réussie — rôle: Expert Product Audit	\N	\N	CONNEXION	\N	\N	\N	\N	\N	1	\N	\N
557	2026-05-04 22:31:37.4634	Connexion réussie — rôle: Expert Product Audit	\N	\N	CONNEXION	\N	\N	\N	\N	\N	1	\N	\N
558	2026-05-05 00:42:37.862948	Connexion réussie — rôle: Expert Product Audit	\N	\N	CONNEXION	\N	\N	\N	\N	\N	1	\N	\N
559	2026-05-05 00:50:03.433087	Connexion réussie — rôle: Expert Product Audit	\N	\N	CONNEXION	\N	\N	\N	\N	\N	1	\N	\N
560	2026-05-05 01:54:14.380008	Connexion réussie — rôle: Auditeur	\N	\N	CONNEXION	\N	\N	\N	\N	\N	2	\N	\N
561	2026-05-05 01:56:42.173203	Rapport uploadé pour l'audit : AP-2026-004	\N	\N	AUDIT_RAPPORT_UPLOADE	\N	\N	\N	\N	\N	2	\N	\N
562	2026-05-05 15:01:37.492162	Connexion réussie — rôle: Auditeur	\N	\N	CONNEXION	\N	\N	\N	\N	\N	2	\N	\N
563	2026-05-05 15:01:50.894424	Connexion réussie — rôle: Expert Product Audit	\N	\N	CONNEXION	\N	\N	\N	\N	\N	1	\N	\N
564	2026-05-05 19:54:33.863193	Connexion réussie — rôle: Auditeur	\N	\N	CONNEXION	\N	\N	\N	\N	\N	2	\N	\N
565	2026-05-05 20:10:29.138223	Connexion réussie — rôle: Expert Product Audit	\N	\N	CONNEXION	\N	\N	\N	\N	\N	1	\N	\N
566	2026-05-05 20:18:22.733237	Connexion réussie — rôle: Auditeur	\N	\N	CONNEXION	\N	\N	\N	\N	\N	2	\N	\N
567	2026-05-05 20:18:47.700313	Audit démarré : AP-2026-010	\N	\N	AUDIT_DEMARRE	\N	\N	\N	\N	\N	2	\N	\N
568	2026-05-05 23:33:03.980356	Connexion réussie — rôle: Expert Product Audit	\N	\N	CONNEXION	\N	\N	\N	\N	\N	1	\N	\N
569	2026-05-05 23:42:16.83109	Connexion réussie — rôle: Auditeur	\N	\N	CONNEXION	\N	\N	\N	\N	\N	2	\N	\N
570	2026-05-06 01:20:18.687206	Connexion réussie — rôle: Expert Product Audit	\N	\N	CONNEXION	\N	\N	\N	\N	\N	1	\N	\N
571	2026-05-06 01:24:13.538265	Connexion réussie — rôle: Auditeur	\N	\N	CONNEXION	\N	\N	\N	\N	\N	2	\N	\N
572	2026-05-06 01:24:22.097805	Connexion réussie — rôle: Auditeur	\N	\N	CONNEXION	\N	\N	\N	\N	\N	5	\N	\N
573	2026-05-06 01:24:32.836947	Audit démarré : AP-2026-002	\N	\N	AUDIT_DEMARRE	\N	\N	\N	\N	\N	5	\N	\N
574	2026-05-06 01:24:40.974542	Audit démarré : AP-2026-006	\N	\N	AUDIT_DEMARRE	\N	\N	\N	\N	\N	5	\N	\N
575	2026-05-06 01:25:06.382132	Rapport uploadé pour l'audit : AP-2026-006	\N	\N	AUDIT_RAPPORT_UPLOADE	\N	\N	\N	\N	\N	5	\N	\N
576	2026-05-06 02:19:48.133432	Rapport uploadé pour l'audit : AP-2026-006	\N	\N	AUDIT_RAPPORT_UPLOADE	\N	\N	\N	\N	\N	5	\N	\N
577	2026-05-06 02:22:44.851533	Connexion réussie — rôle: Expert Product Audit	\N	\N	CONNEXION	\N	\N	\N	\N	\N	1	\N	\N
578	2026-05-06 02:41:47.772744	Connexion réussie — rôle: Auditeur	\N	\N	CONNEXION	\N	\N	\N	\N	\N	2	\N	\N
579	2026-05-06 02:42:28.887744	Rapport uploadé pour l'audit : AP-2026-010	\N	\N	AUDIT_RAPPORT_UPLOADE	\N	\N	\N	\N	\N	2	\N	\N
580	2026-05-06 03:45:17.730411	Connexion réussie — rôle: Auditeur	\N	\N	CONNEXION	\N	\N	\N	\N	\N	2	\N	\N
581	2026-05-06 03:45:30.852733	Session démarrée — Qualification : Test Théorique 30/04/2026 — Tentative #6	\N	\N	SESSION_DEMARREE	\N	\N	\N	\N	\N	2	\N	\N
582	2026-05-06 09:41:05.31023	Connexion réussie — rôle: Expert Product Audit	\N	\N	CONNEXION	\N	\N	\N	\N	\N	1	\N	\N
583	2026-05-06 09:43:02.565592	Connexion réussie — rôle: Chef de Service	\N	\N	CONNEXION	\N	\N	\N	\N	\N	6	\N	\N
584	2026-05-06 09:43:46.74158	Connexion réussie — rôle: Expert Product Audit	\N	\N	CONNEXION	\N	\N	\N	\N	\N	1	\N	\N
585	2026-05-06 10:14:22.931412	Connexion réussie — rôle: Expert Product Audit	\N	\N	CONNEXION	\N	\N	\N	\N	\N	1	\N	\N
586	2026-05-06 10:59:00.306573	Connexion réussie — rôle: Auditeur	\N	\N	CONNEXION	\N	\N	\N	\N	\N	2	\N	\N
587	2026-05-06 10:59:06.806709	Connexion réussie — rôle: Auditeur	\N	\N	CONNEXION	\N	\N	\N	\N	\N	5	\N	\N
588	2026-05-06 10:59:16.42023	Connexion réussie — rôle: Auditeur	\N	\N	CONNEXION	\N	\N	\N	\N	\N	7	\N	\N
589	2026-05-06 10:59:22.648745	Connexion réussie — rôle: Auditeur	\N	\N	CONNEXION	\N	\N	\N	\N	\N	4	\N	\N
590	2026-05-06 10:59:49.061662	Connexion réussie — rôle: Auditeur	\N	\N	CONNEXION	\N	\N	\N	\N	\N	7	\N	\N
591	2026-05-06 10:59:55.648415	Audit démarré : AP-2026-007	\N	\N	AUDIT_DEMARRE	\N	\N	\N	\N	\N	7	\N	\N
592	2026-05-06 11:03:46.207272	Rapport uploadé pour l'audit : AP-2026-007	\N	\N	AUDIT_RAPPORT_UPLOADE	\N	\N	\N	\N	\N	7	\N	\N
593	2026-05-06 11:31:19.57772	Connexion réussie — rôle: Expert Product Audit	\N	\N	CONNEXION	\N	\N	\N	\N	\N	1	\N	\N
594	2026-05-06 13:41:45.01052	Connexion réussie — rôle: Expert Product Audit	\N	\N	CONNEXION	\N	\N	\N	\N	\N	1	\N	\N
595	2026-05-06 13:42:54.671498	Connexion réussie — rôle: Expert Product Audit	\N	\N	CONNEXION	\N	\N	\N	\N	\N	1	\N	\N
596	2026-05-06 13:48:16.708079	Connexion réussie — rôle: Expert Product Audit	\N	\N	CONNEXION	\N	\N	\N	\N	\N	1	\N	\N
597	2026-05-06 14:48:11.239676	Connexion réussie — rôle: Expert Product Audit	\N	\N	CONNEXION	\N	\N	\N	\N	\N	1	\N	\N
598	2026-05-06 15:17:40.815155	Connexion réussie — rôle: Auditeur	\N	\N	CONNEXION	\N	\N	\N	\N	\N	7	\N	\N
599	2026-05-06 15:17:53.910156	Connexion réussie — rôle: Auditeur	\N	\N	CONNEXION	\N	\N	\N	\N	\N	5	\N	\N
600	2026-05-06 15:18:12.523907	Session démarrée — Qualification : Test Théorique 30/04/2026 — Tentative #4	\N	\N	SESSION_DEMARREE	\N	\N	\N	\N	\N	5	\N	\N
601	2026-05-06 15:19:48.807528	Score : 100.0/100 — Qualification : Test Théorique 30/04/2026	\N	100	THEORIQUE_REUSSI	\N	\N	\N	\N	\N	5	\N	\N
602	2026-05-06 15:20:12.757284	Connexion réussie — rôle: Expert Product Audit	\N	\N	CONNEXION	\N	\N	\N	\N	\N	1	\N	\N
603	2026-05-07 00:38:53.904907	Connexion réussie — rôle: Auditeur	\N	\N	CONNEXION	\N	\N	\N	\N	\N	5	\N	\N
604	2026-05-07 02:43:15.947956	Connexion réussie — rôle: Expert Product Audit	\N	\N	CONNEXION	\N	\N	\N	\N	\N	1	\N	\N
605	2026-05-07 11:04:39.875529	Connexion réussie — rôle: Auditeur	\N	\N	CONNEXION	\N	\N	\N	\N	\N	2	\N	\N
606	2026-05-07 11:05:22.839536	Connexion réussie — rôle: Chef de Service	\N	\N	CONNEXION	\N	\N	\N	\N	\N	6	\N	\N
607	2026-05-07 11:05:32.017752	Connexion réussie — rôle: Administrateur	\N	\N	CONNEXION	\N	\N	\N	\N	\N	56	\N	\N
608	2026-05-07 11:05:47.677218	Connexion réussie — rôle: Expert Product Audit	\N	\N	CONNEXION	\N	\N	\N	\N	\N	1	\N	\N
609	2026-05-07 11:25:32.326713	Connexion réussie — rôle: Chef de Service	\N	\N	CONNEXION	\N	\N	\N	\N	\N	6	\N	\N
610	2026-05-07 11:39:21.997559	Connexion réussie — rôle: Expert Product Audit	\N	\N	CONNEXION	\N	\N	\N	\N	\N	1	\N	\N
611	2026-05-07 11:40:09.716863	Connexion réussie — rôle: Chef de Service	\N	\N	CONNEXION	\N	\N	\N	\N	\N	6	\N	\N
612	2026-05-07 13:00:50.570613	Connexion réussie — rôle: Expert Product Audit	\N	\N	CONNEXION	\N	\N	\N	\N	\N	1	\N	\N
613	2026-05-07 13:08:39.405801	Connexion réussie — rôle: Auditeur	\N	\N	CONNEXION	\N	\N	\N	\N	\N	2	\N	\N
614	2026-05-07 13:08:52.841711	Connexion réussie — rôle: Chef de Service	\N	\N	CONNEXION	\N	\N	\N	\N	\N	6	\N	\N
615	2026-05-07 13:09:17.911107	Connexion réussie — rôle: Responsable Qualite Centrale	\N	\N	CONNEXION	\N	\N	\N	\N	\N	62	\N	\N
616	2026-05-07 13:10:12.868202	Connexion réussie — rôle: Expert Product Audit	\N	\N	CONNEXION	\N	\N	\N	\N	\N	1	\N	\N
617	2026-05-07 13:11:49.486595	Connexion réussie — rôle: Expert Product Audit	\N	\N	CONNEXION	\N	\N	\N	\N	\N	1	\N	\N
618	2026-05-07 13:12:06.861767	Connexion réussie — rôle: Auditeur	\N	\N	CONNEXION	\N	\N	\N	\N	\N	2	\N	\N
619	2026-05-07 13:12:59.522666	Connexion réussie — rôle: Expert Product Audit	\N	\N	CONNEXION	\N	\N	\N	\N	\N	1	\N	\N
620	2026-05-07 13:20:51.633342	Connexion réussie — rôle: Responsable Qualite Centrale	\N	\N	CONNEXION	\N	\N	\N	\N	\N	62	\N	\N
621	2026-05-07 13:36:27.001283	Connexion réussie — rôle: Expert Product Audit	\N	\N	CONNEXION	\N	\N	\N	\N	\N	1	\N	\N
622	2026-05-07 13:38:13.878934	Connexion réussie — rôle: Auditeur	\N	\N	CONNEXION	\N	\N	\N	\N	\N	2	\N	\N
623	2026-05-07 13:44:28.505496	Connexion réussie — rôle: Auditeur	\N	\N	CONNEXION	\N	\N	\N	\N	\N	2	\N	\N
624	2026-05-07 14:04:07.576137	Audit démarré : AP-2026-008	\N	\N	AUDIT_DEMARRE	\N	\N	\N	\N	\N	2	\N	\N
625	2026-05-07 14:10:54.105582	Connexion réussie — rôle: Auditeur	\N	\N	CONNEXION	\N	\N	\N	\N	\N	5	\N	\N
626	2026-05-07 14:11:10.501554	Audit démarré : AP-2026-009	\N	\N	AUDIT_DEMARRE	\N	\N	\N	\N	\N	5	\N	\N
627	2026-05-07 14:11:24.939558	Rapport uploadé pour l'audit : AP-2026-009	\N	\N	AUDIT_RAPPORT_UPLOADE	\N	\N	\N	\N	\N	5	\N	\N
628	2026-05-07 14:16:04.942927	Connexion réussie — rôle: Expert Product Audit	\N	\N	CONNEXION	\N	\N	\N	\N	\N	1	\N	\N
629	2026-05-07 14:16:19.711668	Connexion réussie — rôle: Expert Product Audit	\N	\N	CONNEXION	\N	\N	\N	\N	\N	1	\N	\N
630	2026-05-07 14:19:22.966006	Connexion réussie — rôle: Chef de Service	\N	\N	CONNEXION	\N	\N	\N	\N	\N	6	\N	\N
631	2026-05-07 14:21:06.049563	Connexion réussie — rôle: Responsable Qualite Centrale	\N	\N	CONNEXION	\N	\N	\N	\N	\N	62	\N	\N
632	2026-05-07 14:23:46.803595	Connexion réussie — rôle: Administrateur	\N	\N	CONNEXION	\N	\N	\N	\N	\N	56	\N	\N
633	2026-05-07 19:28:20.639339	Mot de passe réinitialisé via matricule	\N	\N	MOT_DE_PASSE_CHANGE	\N	\N	\N	\N	\N	1	\N	\N
634	2026-05-07 19:36:57.894683	Connexion réussie — rôle: Expert Product Audit	\N	\N	CONNEXION	\N	\N	\N	\N	\N	1	\N	\N
635	2026-05-07 19:37:39.680784	Connexion réussie — rôle: Auditeur	\N	\N	CONNEXION	\N	\N	\N	\N	\N	2	\N	\N
636	2026-05-07 20:52:34.935309	Rapport uploadé pour l'audit : AP-2026-008	\N	\N	AUDIT_RAPPORT_UPLOADE	\N	\N	\N	\N	\N	2	\N	\N
637	2026-05-07 22:30:30.382199	Connexion réussie — rôle: Auditeur	\N	\N	CONNEXION	\N	\N	\N	\N	\N	4	\N	\N
638	2026-05-07 22:30:42.92265	Connexion réussie — rôle: Expert Product Audit	\N	\N	CONNEXION	\N	\N	\N	\N	\N	1	\N	\N
639	2026-05-08 00:41:48.263849	Connexion réussie — rôle: Administrateur	\N	\N	CONNEXION	\N	\N	\N	\N	\N	56	\N	\N
640	2026-05-08 00:46:01.704627	Connexion réussie — rôle: Expert Product Audit	\N	\N	CONNEXION	\N	\N	\N	\N	\N	1	\N	\N
641	2026-05-08 01:12:40.698164	Audit planifié : AP-20260508-A	\N	\N	AUDIT_PLANIFIE	\N	\N	\N	\N	\N	1	\N	\N
642	2026-05-08 01:14:44.211305	Connexion réussie — rôle: Administrateur	\N	\N	CONNEXION	\N	\N	\N	\N	\N	56	\N	\N
643	2026-05-08 01:15:02.693992	Connexion réussie — rôle: Expert Product Audit	\N	\N	CONNEXION	\N	\N	\N	\N	\N	1	\N	\N
644	2026-05-08 01:39:13.907381	Connexion réussie — rôle: Auditeur	\N	\N	CONNEXION	\N	\N	\N	\N	\N	2	\N	\N
645	2026-05-08 01:49:11.520975	Connexion réussie — rôle: Auditeur	\N	\N	CONNEXION	\N	\N	\N	\N	\N	4	\N	\N
646	2026-05-08 01:49:19.607596	Connexion réussie — rôle: Auditeur	\N	\N	CONNEXION	\N	\N	\N	\N	\N	5	\N	\N
647	2026-05-08 01:50:24.579058	Connexion réussie — rôle: Auditeur	\N	\N	CONNEXION	\N	\N	\N	\N	\N	5	\N	\N
648	2026-05-08 01:50:35.658702	Connexion réussie — rôle: Expert Product Audit	\N	\N	CONNEXION	\N	\N	\N	\N	\N	1	\N	\N
649	2026-05-08 01:51:34.879957	Connexion réussie — rôle: Auditeur	\N	\N	CONNEXION	\N	\N	\N	\N	\N	2	\N	\N
650	2026-05-08 01:59:19.767094	Connexion réussie — rôle: Administrateur	\N	\N	CONNEXION	\N	\N	\N	\N	\N	56	\N	\N
651	2026-05-08 01:59:55.709811	Connexion réussie — rôle: Expert Product Audit	\N	\N	CONNEXION	\N	\N	\N	\N	\N	1	\N	\N
652	2026-05-08 02:01:19.827079	Connexion réussie — rôle: Auditeur	\N	\N	CONNEXION	\N	\N	\N	\N	\N	2	\N	\N
653	2026-05-08 11:17:21.223202	Audit démarré : AP-2026-031	\N	\N	AUDIT_DEMARRE	\N	\N	\N	\N	\N	2	\N	\N
654	2026-05-08 11:56:26.006253	Connexion réussie — rôle: Auditeur	\N	\N	CONNEXION	\N	\N	\N	\N	\N	2	\N	\N
655	2026-05-08 13:24:13.890905	Connexion réussie — rôle: Expert Product Audit	\N	\N	CONNEXION	\N	\N	\N	\N	\N	1	\N	\N
656	2026-05-08 13:36:58.596296	Connexion réussie — rôle: Auditeur	\N	\N	CONNEXION	\N	\N	\N	\N	\N	2	\N	\N
657	2026-05-08 13:37:13.546499	Connexion réussie — rôle: Expert Product Audit	\N	\N	CONNEXION	\N	\N	\N	\N	\N	1	\N	\N
658	2026-05-08 13:49:23.27112	Connexion réussie — rôle: Auditeur	\N	\N	CONNEXION	\N	\N	\N	\N	\N	2	\N	\N
659	2026-05-08 13:50:57.101448	Connexion réussie — rôle: Auditeur	\N	\N	CONNEXION	\N	\N	\N	\N	\N	2	\N	\N
660	2026-05-08 14:33:50.923367	Audit démarré : AP-2026-032	\N	\N	AUDIT_DEMARRE	\N	\N	\N	\N	\N	2	\N	\N
661	2026-05-09 00:08:44.343209	Connexion réussie — rôle: Administrateur	\N	\N	CONNEXION	\N	\N	\N	\N	\N	56	\N	\N
662	2026-05-09 00:11:48.127894	Connexion réussie — rôle: Expert Product Audit	\N	\N	CONNEXION	\N	\N	\N	\N	\N	1	\N	\N
663	2026-05-09 00:14:04.780349	Connexion réussie — rôle: Auditeur	\N	\N	CONNEXION	\N	\N	\N	\N	\N	2	\N	\N
664	2026-05-09 00:16:03.713514	Connexion réussie — rôle: Chef de Service	\N	\N	CONNEXION	\N	\N	\N	\N	\N	6	\N	\N
665	2026-05-09 00:17:45.984071	Connexion réussie — rôle: Auditeur	\N	\N	CONNEXION	\N	\N	\N	\N	\N	2	\N	\N
666	2026-05-09 00:32:05.222625	Connexion réussie — rôle: Auditeur	\N	\N	CONNEXION	\N	\N	\N	\N	\N	2	\N	\N
667	2026-05-09 00:33:28.255477	Connexion réussie — rôle: Auditeur	\N	\N	CONNEXION	\N	\N	\N	\N	\N	2	\N	\N
668	2026-05-09 00:55:43.997848	Connexion réussie — rôle: Auditeur	\N	\N	CONNEXION	\N	\N	\N	\N	\N	2	\N	\N
669	2026-05-09 01:01:20.763313	Connexion réussie — rôle: Auditeur	\N	\N	CONNEXION	\N	\N	\N	\N	\N	2	\N	\N
670	2026-05-09 02:01:13.163176	Connexion réussie — rôle: Expert Product Audit	\N	\N	CONNEXION	\N	\N	\N	\N	\N	1	\N	\N
671	2026-05-09 02:13:00.125946	Connexion réussie — rôle: Auditeur	\N	\N	CONNEXION	\N	\N	\N	\N	\N	2	\N	\N
672	2026-05-09 21:50:47.279675	Connexion réussie — rôle: Auditeur	\N	\N	CONNEXION	\N	\N	\N	\N	\N	2	\N	\N
673	2026-05-10 22:31:34.103809	Connexion réussie — rôle: Auditeur	\N	\N	CONNEXION	\N	\N	\N	\N	\N	2	\N	\N
674	2026-05-11 00:36:03.41136	Connexion réussie — rôle: Auditeur	\N	\N	CONNEXION	\N	\N	\N	\N	\N	2	\N	\N
675	2026-05-11 00:50:50.883991	Connexion réussie — rôle: Expert Product Audit	\N	\N	CONNEXION	\N	\N	\N	\N	\N	1	\N	\N
676	2026-05-11 00:57:41.162201	Connexion réussie — rôle: Auditeur	\N	\N	CONNEXION	\N	\N	\N	\N	\N	2	\N	\N
677	2026-05-11 11:16:47.227559	Connexion réussie — rôle: Expert Product Audit	\N	\N	CONNEXION	\N	\N	\N	\N	\N	1	\N	\N
678	2026-05-11 11:35:24.395412	Connexion réussie — rôle: Auditeur	\N	\N	CONNEXION	\N	\N	\N	\N	\N	2	\N	\N
679	2026-05-11 11:40:30.722671	Audit démarré : AP-2026-028	\N	\N	AUDIT_DEMARRE	\N	\N	\N	\N	\N	2	\N	\N
680	2026-05-11 11:53:08.742811	Connexion réussie — rôle: Chef de Service	\N	\N	CONNEXION	\N	\N	\N	\N	\N	6	\N	\N
681	2026-05-11 12:16:47.590695	Connexion réussie — rôle: Expert Product Audit	\N	\N	CONNEXION	\N	\N	\N	\N	\N	1	\N	\N
682	2026-05-11 12:23:59.047602	Connexion réussie — rôle: Auditeur	\N	\N	CONNEXION	\N	\N	\N	\N	\N	2	\N	\N
683	2026-05-11 12:28:16.714086	Connexion réussie — rôle: Responsable Qualite Centrale	\N	\N	CONNEXION	\N	\N	\N	\N	\N	62	\N	\N
684	2026-05-11 12:31:27.934557	Connexion réussie — rôle: Expert Product Audit	\N	\N	CONNEXION	\N	\N	\N	\N	\N	1	\N	\N
685	2026-05-11 14:14:12.370629	Connexion réussie — rôle: Expert Product Audit	\N	\N	CONNEXION	\N	\N	\N	\N	\N	1	\N	\N
686	2026-05-11 14:14:31.377244	Connexion réussie — rôle: Auditeur	\N	\N	CONNEXION	\N	\N	\N	\N	\N	2	\N	\N
687	2026-05-11 14:16:23.179473	Connexion réussie — rôle: Expert Product Audit	\N	\N	CONNEXION	\N	\N	\N	\N	\N	1	\N	\N
688	2026-05-12 00:16:58.92492	Connexion réussie — rôle: Auditeur	\N	\N	CONNEXION	\N	\N	\N	\N	\N	2	\N	\N
689	2026-05-12 01:19:21.301036	Connexion réussie — rôle: Expert Product Audit	\N	\N	CONNEXION	\N	\N	\N	\N	\N	1	\N	\N
690	2026-05-12 02:56:57.064943	Connexion réussie — rôle: Auditeur	\N	\N	CONNEXION	\N	\N	\N	\N	\N	2	\N	\N
691	2026-05-12 10:34:09.746596	Connexion réussie — rôle: Auditeur	\N	\N	CONNEXION	\N	\N	\N	\N	\N	2	\N	\N
692	2026-05-12 11:55:38.472745	Connexion réussie — rôle: Expert Product Audit	\N	\N	CONNEXION	\N	\N	\N	\N	\N	1	\N	\N
693	2026-05-12 11:56:40.967293	Connexion réussie — rôle: Auditeur	\N	\N	CONNEXION	\N	\N	\N	\N	\N	2	\N	\N
694	2026-05-12 13:40:06.797158	Connexion réussie — rôle: Expert Product Audit	\N	\N	CONNEXION	\N	\N	\N	\N	\N	1	\N	\N
695	2026-05-12 14:15:28.342612	Connexion réussie — rôle: Auditeur	\N	\N	CONNEXION	\N	\N	\N	\N	\N	2	\N	\N
696	2026-05-12 14:28:00.208566	Connexion réussie — rôle: Expert Product Audit	\N	\N	CONNEXION	\N	\N	\N	\N	\N	1	\N	\N
697	2026-05-12 21:58:37.536656	Connexion réussie — rôle: Auditeur	\N	\N	CONNEXION	\N	\N	\N	\N	\N	4	\N	\N
698	2026-05-12 21:59:23.578695	Connexion réussie — rôle: Auditeur	\N	\N	CONNEXION	\N	\N	\N	\N	\N	2	\N	\N
699	2026-05-12 22:05:42.028703	Score : 100.0/100 — Qualification : Test Théorique 30/04/2026	\N	100	THEORIQUE_REUSSI	\N	\N	\N	\N	\N	2	\N	\N
700	2026-05-13 00:03:22.522831	Connexion réussie — rôle: Auditeur	\N	\N	CONNEXION	\N	\N	\N	\N	\N	2	\N	\N
701	2026-05-13 00:14:22.895323	Connexion réussie — rôle: Chef de Service	\N	\N	CONNEXION	\N	\N	\N	\N	\N	6	\N	\N
702	2026-05-13 00:15:39.39849	Connexion réussie — rôle: Auditeur	\N	\N	CONNEXION	\N	\N	\N	\N	\N	2	\N	\N
703	2026-05-13 00:50:25.294538	Audit démarré : AP-2026-072	\N	\N	AUDIT_DEMARRE	\N	\N	\N	\N	\N	2	\N	\N
704	2026-05-13 11:56:57.561573	Connexion réussie — rôle: Auditeur	\N	\N	CONNEXION	\N	\N	\N	\N	\N	5	\N	\N
705	2026-05-13 11:59:04.704711	Connexion réussie — rôle: Auditeur	\N	\N	CONNEXION	\N	\N	\N	\N	\N	5	\N	\N
706	2026-05-13 12:09:40.827745	Connexion réussie — rôle: Auditeur	\N	\N	CONNEXION	\N	\N	\N	\N	\N	2	\N	\N
707	2026-05-13 12:32:25.769571	Connexion réussie — rôle: Auditeur	\N	\N	CONNEXION	\N	\N	\N	\N	\N	2	\N	\N
708	2026-05-13 20:22:15.566384	Connexion réussie — rôle: Chef de Service	\N	\N	CONNEXION	\N	\N	\N	\N	\N	6	\N	\N
709	2026-05-13 20:22:43.37397	Connexion réussie — rôle: Responsable Qualite Centrale	\N	\N	CONNEXION	\N	\N	\N	\N	\N	62	\N	\N
710	2026-05-13 20:39:42.982137	Connexion réussie — rôle: Auditeur	\N	\N	CONNEXION	\N	\N	\N	\N	\N	2	\N	\N
711	2026-05-13 22:02:05.32979	Connexion réussie — rôle: Expert Product Audit	\N	\N	CONNEXION	\N	\N	\N	\N	\N	1	\N	\N
712	2026-05-13 22:06:21.555095	Connexion réussie — rôle: Auditeur	\N	\N	CONNEXION	\N	\N	\N	\N	\N	2	\N	\N
713	2026-05-14 00:19:15.335441	Connexion réussie — rôle: Expert Product Audit	\N	\N	CONNEXION	\N	\N	\N	\N	\N	1	\N	\N
714	2026-05-14 01:46:20.078082	Connexion réussie — rôle: Auditeur	\N	\N	CONNEXION	\N	\N	\N	\N	\N	2	\N	\N
715	2026-05-14 13:50:02.997007	Connexion réussie — rôle: Auditeur	\N	\N	CONNEXION	\N	\N	\N	\N	\N	2	\N	\N
716	2026-05-14 14:22:42.138852	Connexion réussie — rôle: Expert Product Audit	\N	\N	CONNEXION	\N	\N	\N	\N	\N	1	\N	\N
717	2026-05-14 15:48:56.612625	Connexion réussie — rôle: Chef de Service	\N	\N	CONNEXION	\N	\N	\N	\N	\N	6	\N	\N
718	2026-05-14 18:51:20.846033	Connexion réussie — rôle: Auditeur	\N	\N	CONNEXION	\N	\N	\N	\N	\N	2	\N	\N
719	2026-05-14 19:42:45.254607	Connexion réussie — rôle: Auditeur	\N	\N	CONNEXION	\N	\N	\N	\N	\N	2	\N	\N
720	2026-05-15 02:16:32.254915	Audit démarré : AP-2026-068	\N	\N	AUDIT_DEMARRE	\N	\N	\N	\N	\N	2	\N	\N
721	2026-05-15 19:43:35.094997	Connexion réussie — rôle: Auditeur	\N	\N	CONNEXION	\N	\N	\N	\N	\N	2	\N	\N
722	2026-05-15 20:47:44.99348	Audit démarré : AP-2026-014	\N	\N	AUDIT_DEMARRE	\N	\N	\N	\N	\N	2	\N	\N
723	2026-05-15 21:35:31.641164	Connexion réussie — rôle: Auditeur	\N	\N	CONNEXION	\N	\N	\N	\N	\N	2	\N	\N
724	2026-05-15 23:16:56.363378	Audit démarré : AP-2026-020	\N	\N	AUDIT_DEMARRE	\N	\N	\N	\N	\N	2	\N	\N
725	2026-05-16 00:59:45.615187	Connexion réussie — rôle: Chef de Service	\N	\N	CONNEXION	\N	\N	\N	\N	\N	6	\N	\N
726	2026-05-16 01:00:09.988969	Connexion réussie — rôle: Chef de Service	\N	\N	CONNEXION	\N	\N	\N	\N	\N	6	\N	\N
727	2026-05-16 01:31:23.553961	Connexion réussie — rôle: Responsable Qualite Centrale	\N	\N	CONNEXION	\N	\N	\N	\N	\N	62	\N	\N
728	2026-05-17 00:07:56.428907	Connexion réussie — rôle: Auditeur	\N	\N	CONNEXION	\N	\N	\N	\N	\N	2	\N	\N
729	2026-05-17 02:17:01.03832	Connexion réussie — rôle: Auditeur	\N	\N	CONNEXION	\N	\N	\N	\N	\N	2	\N	\N
730	2026-05-17 20:44:56.804623	Connexion réussie — rôle: Expert Product Audit	\N	\N	CONNEXION	\N	\N	\N	\N	\N	1	\N	\N
731	2026-05-18 00:14:46.60161	Connexion réussie — rôle: Auditeur	\N	\N	CONNEXION	\N	\N	\N	\N	\N	2	\N	\N
732	2026-05-18 00:15:36.242713	Connexion réussie — rôle: Administrateur	\N	\N	CONNEXION	\N	\N	\N	\N	\N	56	\N	\N
733	2026-05-18 00:31:20.958047	Connexion réussie — rôle: Auditeur	\N	\N	CONNEXION	\N	\N	\N	\N	\N	2	\N	\N
734	2026-05-18 00:43:25.302215	Connexion réussie — rôle: Chef de Service	\N	\N	CONNEXION	\N	\N	\N	\N	\N	6	\N	\N
735	2026-05-18 01:51:54.011577	Connexion réussie — rôle: Expert Product Audit	\N	\N	CONNEXION	\N	\N	\N	\N	\N	1	\N	\N
736	2026-05-18 10:51:28.38283	Connexion réussie — rôle: Auditeur	\N	\N	CONNEXION	\N	\N	\N	\N	\N	2	\N	\N
737	2026-05-18 11:54:57.48874	Connexion réussie — rôle: Administrateur	\N	\N	CONNEXION	\N	\N	\N	\N	\N	56	\N	\N
738	2026-05-18 11:57:09.201746	Connexion réussie — rôle: Expert Product Audit	\N	\N	CONNEXION	\N	\N	\N	\N	\N	1	\N	\N
739	2026-05-18 11:57:23.576237	Connexion réussie — rôle: Expert Product Audit	\N	\N	CONNEXION	\N	\N	\N	\N	\N	1	\N	\N
740	2026-05-18 12:03:55.814232	Connexion réussie — rôle: Administrateur	\N	\N	CONNEXION	\N	\N	\N	\N	\N	56	\N	\N
741	2026-05-18 12:04:25.229202	Connexion réussie — rôle: Expert Product Audit	\N	\N	CONNEXION	\N	\N	\N	\N	\N	1	\N	\N
742	2026-05-18 12:21:30.682569	Connexion réussie — rôle: Auditeur	\N	\N	CONNEXION	\N	\N	\N	\N	\N	2	\N	\N
743	2026-05-18 12:25:09.509967	Audit démarré : AP-2026-033	\N	\N	AUDIT_DEMARRE	\N	\N	\N	\N	\N	2	\N	\N
744	2026-05-18 12:25:19.898413	Rapport uploadé pour l'audit : AP-2026-033	\N	\N	AUDIT_RAPPORT_UPLOADE	\N	\N	\N	\N	\N	2	\N	\N
745	2026-05-18 12:27:36.613221	Audit démarré : AP-2026-021	\N	\N	AUDIT_DEMARRE	\N	\N	\N	\N	\N	2	\N	\N
746	2026-05-18 12:28:09.938561	Connexion réussie — rôle: Expert Product Audit	\N	\N	CONNEXION	\N	\N	\N	\N	\N	1	\N	\N
747	2026-05-18 12:35:14.261901	Connexion réussie — rôle: Expert Product Audit	\N	\N	CONNEXION	\N	\N	\N	\N	\N	1	\N	\N
748	2026-05-18 12:36:22.23056	Connexion réussie — rôle: Auditeur	\N	\N	CONNEXION	\N	\N	\N	\N	\N	2	\N	\N
749	2026-05-18 12:36:34.478088	Audit démarré : AP-2026-026	\N	\N	AUDIT_DEMARRE	\N	\N	\N	\N	\N	2	\N	\N
750	2026-05-18 12:36:48.123811	Rapport uploadé pour l'audit : AP-2026-026	\N	\N	AUDIT_RAPPORT_UPLOADE	\N	\N	\N	\N	\N	2	\N	\N
751	2026-05-18 12:38:03.982572	Connexion réussie — rôle: Chef de Service	\N	\N	CONNEXION	\N	\N	\N	\N	\N	6	\N	\N
752	2026-05-18 12:40:26.990835	Connexion réussie — rôle: Responsable Qualite Centrale	\N	\N	CONNEXION	\N	\N	\N	\N	\N	62	\N	\N
753	2026-05-18 12:48:08.642855	Connexion réussie — rôle: Auditeur	\N	\N	CONNEXION	\N	\N	\N	\N	\N	2	\N	\N
754	2026-05-18 12:55:34.888766	Connexion réussie — rôle: Expert Product Audit	\N	\N	CONNEXION	\N	\N	\N	\N	\N	1	\N	\N
755	2026-05-18 13:36:30.955516	Connexion réussie — rôle: Auditeur	\N	\N	CONNEXION	\N	\N	\N	\N	\N	2	\N	\N
756	2026-05-18 13:52:08.266375	Rapport uploadé pour l'audit : AP-2026-008	\N	\N	AUDIT_RAPPORT_UPLOADE	\N	\N	\N	\N	\N	2	\N	\N
757	2026-05-18 14:52:36.57807	Connexion réussie — rôle: Auditeur	\N	\N	CONNEXION	\N	\N	\N	\N	\N	2	\N	\N
758	2026-05-18 23:33:55.379901	Connexion réussie — rôle: Auditeur	\N	\N	CONNEXION	\N	\N	\N	\N	\N	2	\N	\N
759	2026-05-19 00:05:31.530842	Connexion réussie — rôle: Auditeur	\N	\N	CONNEXION	\N	\N	\N	\N	\N	2	\N	\N
760	2026-05-19 00:46:31.878652	Connexion réussie — rôle: Auditeur	\N	\N	CONNEXION	\N	\N	\N	\N	\N	2	\N	\N
761	2026-05-19 01:30:44.109093	Connexion réussie — rôle: Auditeur	\N	\N	CONNEXION	\N	\N	\N	\N	\N	2	\N	\N
762	2026-05-19 01:31:29.787045	Connexion réussie — rôle: Expert Product Audit	\N	\N	CONNEXION	\N	\N	\N	\N	\N	1	\N	\N
763	2026-05-19 01:38:58.41282	Connexion réussie — rôle: Expert Product Audit	\N	\N	CONNEXION	\N	\N	\N	\N	\N	1	\N	\N
764	2026-05-19 10:54:50.900552	Connexion réussie — rôle: Expert Product Audit	\N	\N	CONNEXION	\N	\N	\N	\N	\N	1	\N	\N
765	2026-05-19 11:15:48.75427	Connexion réussie — rôle: Expert Product Audit	\N	\N	CONNEXION	\N	\N	\N	\N	\N	1	\N	\N
766	2026-05-19 11:23:45.743707	Connexion réussie — rôle: Administrateur	\N	\N	CONNEXION	\N	\N	\N	\N	\N	56	\N	\N
767	2026-05-19 11:39:46.178931	Connexion réussie — rôle: Expert Product Audit	\N	\N	CONNEXION	\N	\N	\N	\N	\N	1	\N	\N
768	2026-05-19 12:41:53.105346	Connexion réussie — rôle: Administrateur	\N	\N	CONNEXION	\N	\N	\N	\N	\N	56	\N	\N
769	2026-05-19 12:44:55.194445	Connexion réussie — rôle: Expert Product Audit	\N	\N	CONNEXION	\N	\N	\N	\N	\N	1	\N	\N
770	2026-05-19 12:46:38.567388	Connexion réussie — rôle: Administrateur	\N	\N	CONNEXION	\N	\N	\N	\N	\N	56	\N	\N
771	2026-05-19 15:34:27.732521	Connexion réussie — rôle: Administrateur	\N	\N	CONNEXION	\N	\N	\N	\N	\N	56	\N	\N
772	2026-05-19 15:35:22.333738	Connexion réussie — rôle: Expert Product Audit	\N	\N	CONNEXION	\N	\N	\N	\N	\N	1	\N	\N
773	2026-05-19 22:37:41.869145	Connexion réussie — rôle: Chef de Service	\N	\N	CONNEXION	\N	\N	\N	\N	\N	6	\N	\N
774	2026-05-19 22:50:37.032258	Connexion réussie — rôle: Expert Product Audit	\N	\N	CONNEXION	\N	\N	\N	\N	\N	1	\N	\N
775	2026-05-19 23:36:43.027465	Connexion réussie — rôle: Administrateur	\N	\N	CONNEXION	\N	\N	\N	\N	\N	56	\N	\N
776	2026-05-19 23:45:59.101037	Connexion réussie — rôle: Expert Product Audit	\N	\N	CONNEXION	\N	\N	\N	\N	\N	1	\N	\N
777	2026-05-19 23:51:15.343554	Connexion réussie — rôle: Expert Product Audit	\N	\N	CONNEXION	\N	\N	\N	\N	\N	1	\N	\N
778	2026-05-20 00:05:14.082615	Connexion réussie — rôle: Administrateur	\N	\N	CONNEXION	\N	\N	\N	\N	\N	56	\N	\N
779	2026-05-20 00:06:39.093595	Profil modifié par l'administrateur — nom: BMW — prénom: Auditeur1_ — site: Sousse (WTNSO) — plant: BMW  — mot de passe modifié	\N	\N	UTILISATEUR_MODIFIE	\N	2	\N	\N	\N	2	\N	\N
780	2026-05-20 00:06:54.320892	Connexion réussie — rôle: Auditeur	\N	\N	CONNEXION	\N	\N	\N	\N	\N	2	\N	\N
781	2026-05-20 00:07:05.69089	Connexion réussie — rôle: Administrateur	\N	\N	CONNEXION	\N	\N	\N	\N	\N	56	\N	\N
782	2026-05-20 00:08:05.9853	Profil modifié par l'administrateur — nom: BMW — prénom: Auditeur2_ — site: Sousse (WTNSO) — plant: BMW  — mot de passe modifié	\N	\N	UTILISATEUR_MODIFIE	\N	5	\N	\N	\N	5	\N	\N
783	2026-05-20 00:11:30.014565	Profil modifié par l'administrateur — nom: BMW — prénom: Auditeur2_ — email modifié — site: Sousse (WTNSO) — plant: BMW  — mot de passe modifié	\N	\N	UTILISATEUR_MODIFIE	\N	5	\N	\N	\N	5	\N	\N
784	2026-05-20 00:12:15.871444	Profil modifié par l'administrateur — nom: Arwa — prénom: hamouda — site: Sousse (WTNSO) — plant: BMW 	\N	\N	UTILISATEUR_MODIFIE	\N	62	\N	\N	\N	62	\N	\N
785	2026-05-20 00:12:56.839096	Profil modifié par l'administrateur — nom: BMW — prénom: Auditeur2_ — site: Sousse (WTNSO) — plant: VW — mot de passe modifié	\N	\N	UTILISATEUR_MODIFIE	\N	5	\N	\N	\N	5	\N	\N
787	2026-05-20 00:28:28.770167	Compte créé par l'administrateur — matricule: 278008 — rôle: Auditeur — email: zainebhamouda14@gmail.com	\N	\N	UTILISATEUR_CREE	\N	71	\N	\N	\N	71	\N	\N
788	2026-05-20 00:41:39.383282	Étape 1 complétée — informations personnelles enregistrées	\N	\N	MOT_DE_PASSE_CHANGE	\N	\N	\N	\N	\N	71	\N	\N
789	2026-05-20 00:41:56.157675	Étape 2 complétée — rôle: Auditeur — site: Sousse (WTNSO)	\N	\N	UTILISATEUR_MODIFIE	\N	\N	\N	\N	\N	71	\N	\N
790	2026-05-20 00:42:04.755183	Inscription complète — rôle: Auditeur — site: Sousse (WTNSO) — plant: BMW 	\N	\N	INSCRIPTION	\N	\N	\N	\N	\N	71	\N	\N
791	2026-05-20 00:42:21.934099	Connexion réussie — rôle: Auditeur	\N	\N	CONNEXION	\N	\N	\N	\N	\N	71	\N	\N
792	2026-05-20 01:03:20.726504	Connexion réussie — rôle: Administrateur	\N	\N	CONNEXION	\N	\N	\N	\N	\N	56	\N	\N
793	2026-05-20 01:36:59.333843	Connexion réussie — rôle: Expert Product Audit	\N	\N	CONNEXION	\N	\N	\N	\N	\N	1	\N	\N
794	2026-05-20 01:37:25.784864	Connexion réussie — rôle: Administrateur	\N	\N	CONNEXION	\N	\N	\N	\N	\N	56	\N	\N
795	2026-05-20 01:41:40.084187	Connexion réussie — rôle: Expert Product Audit	\N	\N	CONNEXION	\N	\N	\N	\N	\N	1	\N	\N
796	2026-05-20 01:42:03.982255	Connexion réussie — rôle: Administrateur	\N	\N	CONNEXION	\N	\N	\N	\N	\N	56	\N	\N
797	2026-05-20 01:59:18.549102	Connexion réussie — rôle: Auditeur	\N	\N	CONNEXION	\N	\N	\N	\N	\N	2	\N	\N
798	2026-05-20 01:59:51.216843	Connexion réussie — rôle: Expert Product Audit	\N	\N	CONNEXION	\N	\N	\N	\N	\N	1	\N	\N
799	2026-05-20 02:02:59.440049	Connexion réussie — rôle: Administrateur	\N	\N	CONNEXION	\N	\N	\N	\N	\N	56	\N	\N
800	2026-05-20 02:04:01.775592	Connexion réussie — rôle: Expert Product Audit	\N	\N	CONNEXION	\N	\N	\N	\N	\N	1	\N	\N
801	2026-05-20 02:09:09.634931	Connexion réussie — rôle: Administrateur	\N	\N	CONNEXION	\N	\N	\N	\N	\N	56	\N	\N
802	2026-05-20 02:09:42.415959	Profil modifié par l'administrateur — nom: BMW — prénom: Auditeur_3 — site: Sousse (WTNSO) — plant: BMW 	\N	\N	UTILISATEUR_MODIFIE	\N	71	\N	\N	\N	71	\N	\N
803	2026-05-20 02:09:49.926187	Connexion réussie — rôle: Expert Product Audit	\N	\N	CONNEXION	\N	\N	\N	\N	\N	1	\N	\N
804	2026-05-20 02:17:47.694099	Connexion réussie — rôle: Auditeur	\N	\N	CONNEXION	\N	\N	\N	\N	\N	2	\N	\N
805	2026-05-20 02:50:22.215685	Audit démarré : AP-2026-076	\N	\N	AUDIT_DEMARRE	\N	\N	\N	\N	\N	2	\N	\N
806	2026-05-20 03:18:16.115229	Connexion réussie — rôle: Auditeur	\N	\N	CONNEXION	\N	\N	\N	\N	\N	5	\N	\N
807	2026-05-20 03:18:54.086752	Audit démarré : AP-2026-030	\N	\N	AUDIT_DEMARRE	\N	\N	\N	\N	\N	5	\N	\N
808	2026-05-20 03:19:12.07187	Rapport uploadé pour l'audit : AP-2026-030	\N	\N	AUDIT_RAPPORT_UPLOADE	\N	\N	\N	\N	\N	5	\N	\N
809	2026-05-20 09:06:57.622852	Connexion réussie — rôle: Auditeur	\N	\N	CONNEXION	\N	\N	\N	\N	\N	5	\N	\N
810	2026-05-20 09:07:24.380079	Audit démarré : AP-2026-045	\N	\N	AUDIT_DEMARRE	\N	\N	\N	\N	\N	5	\N	\N
811	2026-05-20 09:07:43.08956	Audit démarré : AP-2026-029	\N	\N	AUDIT_DEMARRE	\N	\N	\N	\N	\N	5	\N	\N
812	2026-05-20 09:46:12.008528	Connexion réussie — rôle: Administrateur	\N	\N	CONNEXION	\N	\N	\N	\N	\N	56	\N	\N
813	2026-05-20 09:53:42.195991	Connexion réussie — rôle: Expert Product Audit	\N	\N	CONNEXION	\N	\N	\N	\N	\N	1	\N	\N
814	2026-05-20 09:59:24.831783	Connexion réussie — rôle: Administrateur	\N	\N	CONNEXION	\N	\N	\N	\N	\N	56	\N	\N
815	2026-05-20 09:59:46.072763	Connexion réussie — rôle: Expert Product Audit	\N	\N	CONNEXION	\N	\N	\N	\N	\N	1	\N	\N
816	2026-05-20 10:26:09.238817	Connexion réussie — rôle: Auditeur	\N	\N	CONNEXION	\N	\N	\N	\N	\N	2	\N	\N
817	2026-05-20 10:30:44.499839	Audit démarré : AP-2026-075	\N	\N	AUDIT_DEMARRE	\N	\N	\N	\N	\N	2	\N	\N
818	2026-05-20 10:43:48.264593	Connexion réussie — rôle: Chef de Service	\N	\N	CONNEXION	\N	\N	\N	\N	\N	6	\N	\N
819	2026-05-20 10:47:00.095548	Connexion réussie — rôle: Auditeur	\N	\N	CONNEXION	\N	\N	\N	\N	\N	2	\N	\N
820	2026-05-20 11:03:19.895493	Connexion réussie — rôle: Auditeur	\N	\N	CONNEXION	\N	\N	\N	\N	\N	2	\N	\N
821	2026-05-20 11:03:28.876062	Audit démarré : AP-2026-074	\N	\N	AUDIT_DEMARRE	\N	\N	\N	\N	\N	2	\N	\N
822	2026-05-20 11:05:03.818042	Connexion réussie — rôle: Chef de Service	\N	\N	CONNEXION	\N	\N	\N	\N	\N	6	\N	\N
823	2026-05-20 11:07:40.178349	Connexion réussie — rôle: Responsable Qualite Centrale	\N	\N	CONNEXION	\N	\N	\N	\N	\N	62	\N	\N
824	2026-05-20 11:17:26.938846	Connexion réussie — rôle: Expert Product Audit	\N	\N	CONNEXION	\N	\N	\N	\N	\N	1	\N	\N
825	2026-05-20 13:00:30.737292	Connexion réussie — rôle: Auditeur	\N	\N	CONNEXION	\N	\N	\N	\N	\N	2	\N	\N
826	2026-05-20 13:09:58.24376	Connexion réussie — rôle: Expert Product Audit	\N	\N	CONNEXION	\N	\N	\N	\N	\N	1	\N	\N
827	2026-05-20 13:11:24.765875	Connexion réussie — rôle: Auditeur	\N	\N	CONNEXION	\N	\N	\N	\N	\N	2	\N	\N
828	2026-05-20 13:18:25.056055	Connexion réussie — rôle: Expert Product Audit	\N	\N	CONNEXION	\N	\N	\N	\N	\N	1	\N	\N
829	2026-05-20 19:08:14.074742	Connexion réussie — rôle: Auditeur	\N	\N	CONNEXION	\N	\N	\N	\N	\N	5	\N	\N
830	2026-05-20 19:11:40.10541	Connexion réussie — rôle: Auditeur	\N	\N	CONNEXION	\N	\N	\N	\N	\N	2	\N	\N
831	2026-05-20 19:13:35.41863	Connexion réussie — rôle: Expert Product Audit	\N	\N	CONNEXION	\N	\N	\N	\N	\N	1	\N	\N
832	2026-05-20 19:32:20.844896	Connexion réussie — rôle: Auditeur	\N	\N	CONNEXION	\N	\N	\N	\N	\N	2	\N	\N
833	2026-05-20 19:35:33.265291	Connexion réussie — rôle: Responsable Qualite Centrale	\N	\N	CONNEXION	\N	\N	\N	\N	\N	62	\N	\N
834	2026-05-20 19:36:57.094614	Connexion réussie — rôle: Expert Product Audit	\N	\N	CONNEXION	\N	\N	\N	\N	\N	1	\N	\N
835	2026-05-20 21:37:00.026696	Connexion réussie — rôle: Auditeur	\N	\N	CONNEXION	\N	\N	\N	\N	\N	2	\N	\N
836	2026-05-20 21:39:33.355151	Connexion réussie — rôle: Expert Product Audit	\N	\N	CONNEXION	\N	\N	\N	\N	\N	1	\N	\N
837	2026-05-20 21:41:30.20535	Connexion réussie — rôle: Expert Product Audit	\N	\N	CONNEXION	\N	\N	\N	\N	\N	1	\N	\N
838	2026-05-20 22:31:07.54333	Connexion réussie — rôle: Expert Product Audit	\N	\N	CONNEXION	\N	\N	\N	\N	\N	1	\N	\N
839	2026-05-21 00:12:59.582677	Connexion réussie — rôle: Auditeur	\N	\N	CONNEXION	\N	\N	\N	\N	\N	2	\N	\N
840	2026-05-21 00:31:00.46372	Connexion réussie — rôle: Expert Product Audit	\N	\N	CONNEXION	\N	\N	\N	\N	\N	1	\N	\N
841	2026-05-21 00:31:15.048882	Connexion réussie — rôle: Auditeur	\N	\N	CONNEXION	\N	\N	\N	\N	\N	2	\N	\N
842	2026-05-21 00:45:33.032888	Connexion réussie — rôle: Expert Product Audit	\N	\N	CONNEXION	\N	\N	\N	\N	\N	1	\N	\N
843	2026-05-21 00:53:35.425926	Connexion réussie — rôle: Auditeur	\N	\N	CONNEXION	\N	\N	\N	\N	\N	2	\N	\N
844	2026-05-21 00:53:53.148857	Connexion réussie — rôle: Expert Product Audit	\N	\N	CONNEXION	\N	\N	\N	\N	\N	1	\N	\N
845	2026-05-21 01:39:09.806538	Connexion réussie — rôle: Auditeur	\N	\N	CONNEXION	\N	\N	\N	\N	\N	2	\N	\N
846	2026-05-21 01:39:42.528167	Connexion réussie — rôle: Expert Product Audit	\N	\N	CONNEXION	\N	\N	\N	\N	\N	1	\N	\N
847	2026-05-21 01:42:49.681027	Connexion réussie — rôle: Auditeur	\N	\N	CONNEXION	\N	\N	\N	\N	\N	2	\N	\N
848	2026-05-21 01:43:14.306761	Connexion réussie — rôle: Expert Product Audit	\N	\N	CONNEXION	\N	\N	\N	\N	\N	1	\N	\N
849	2026-05-21 02:00:26.209023	Connexion réussie — rôle: Auditeur	\N	\N	CONNEXION	\N	\N	\N	\N	\N	2	\N	\N
850	2026-05-21 02:17:04.237318	Connexion réussie — rôle: Expert Product Audit	\N	\N	CONNEXION	\N	\N	\N	\N	\N	1	\N	\N
851	2026-05-21 11:50:00.417002	Connexion réussie — rôle: Administrateur	\N	\N	CONNEXION	\N	\N	\N	\N	\N	56	\N	\N
852	2026-05-21 12:01:32.501483	Connexion réussie — rôle: Expert Product Audit	\N	\N	CONNEXION	\N	\N	\N	\N	\N	1	\N	\N
853	2026-05-21 12:08:47.492695	Connexion réussie — rôle: Auditeur	\N	\N	CONNEXION	\N	\N	\N	\N	\N	2	\N	\N
854	2026-05-21 12:09:39.913549	Connexion réussie — rôle: Auditeur	\N	\N	CONNEXION	\N	\N	\N	\N	\N	2	\N	\N
855	2026-05-21 12:10:30.634247	Connexion réussie — rôle: Expert Product Audit	\N	\N	CONNEXION	\N	\N	\N	\N	\N	1	\N	\N
856	2026-05-21 12:17:31.194335	Connexion réussie — rôle: Auditeur	\N	\N	CONNEXION	\N	\N	\N	\N	\N	2	\N	\N
857	2026-05-21 12:24:06.10067	Connexion réussie — rôle: Chef de Service	\N	\N	CONNEXION	\N	\N	\N	\N	\N	6	\N	\N
858	2026-05-21 12:27:35.74186	Connexion réussie — rôle: Responsable Qualite Centrale	\N	\N	CONNEXION	\N	\N	\N	\N	\N	62	\N	\N
859	2026-05-22 00:19:26.622223	Connexion réussie — rôle: Chef de Service	\N	\N	CONNEXION	\N	\N	\N	\N	\N	6	\N	\N
860	2026-05-22 00:23:41.023568	Connexion réussie — rôle: Expert Product Audit	\N	\N	CONNEXION	\N	\N	\N	\N	\N	1	\N	\N
861	2026-05-22 00:26:46.512765	Connexion réussie — rôle: Chef de Service	\N	\N	CONNEXION	\N	\N	\N	\N	\N	6	\N	\N
862	2026-05-22 00:54:27.757686	Connexion réussie — rôle: Responsable Qualite Centrale	\N	\N	CONNEXION	\N	\N	\N	\N	\N	62	\N	\N
863	2026-05-22 01:06:15.125398	Connexion réussie — rôle: Chef de Service	\N	\N	CONNEXION	\N	\N	\N	\N	\N	6	\N	\N
864	2026-05-22 01:06:45.53698	Connexion réussie — rôle: Expert Product Audit	\N	\N	CONNEXION	\N	\N	\N	\N	\N	1	\N	\N
865	2026-05-22 01:09:59.267488	Connexion réussie — rôle: Chef de Service	\N	\N	CONNEXION	\N	\N	\N	\N	\N	6	\N	\N
866	2026-05-22 01:10:51.644025	Connexion réussie — rôle: Responsable Qualite Centrale	\N	\N	CONNEXION	\N	\N	\N	\N	\N	62	\N	\N
867	2026-05-22 01:33:04.687092	Connexion réussie — rôle: Auditeur	\N	\N	CONNEXION	\N	\N	\N	\N	\N	2	\N	\N
868	2026-05-22 01:36:47.319648	Connexion réussie — rôle: Responsable Qualite Centrale	\N	\N	CONNEXION	\N	\N	\N	\N	\N	62	\N	\N
869	2026-05-22 01:40:00.840159	Connexion réussie — rôle: Expert Product Audit	\N	\N	CONNEXION	\N	\N	\N	\N	\N	1	\N	\N
870	2026-05-22 01:40:17.115972	Connexion réussie — rôle: Responsable Qualite Centrale	\N	\N	CONNEXION	\N	\N	\N	\N	\N	62	\N	\N
871	2026-05-22 01:45:38.67443	Connexion réussie — rôle: Expert Product Audit	\N	\N	CONNEXION	\N	\N	\N	\N	\N	1	\N	\N
872	2026-05-22 01:46:37.684927	Connexion réussie — rôle: Chef de Service	\N	\N	CONNEXION	\N	\N	\N	\N	\N	6	\N	\N
873	2026-05-22 01:59:19.800633	Connexion réussie — rôle: Administrateur	\N	\N	CONNEXION	\N	\N	\N	\N	\N	56	\N	\N
874	2026-05-22 01:59:35.97319	Profil modifié par l'administrateur — nom: youssef — prénom: Ahmed — site: Sousse (WTNSO) — plant: BMW  — mot de passe modifié	\N	\N	UTILISATEUR_MODIFIE	\N	6	\N	\N	\N	6	\N	\N
875	2026-05-22 01:59:43.228823	Connexion réussie — rôle: Chef de Service	\N	\N	CONNEXION	\N	\N	\N	\N	\N	6	\N	\N
876	2026-05-22 02:39:14.048519	Connexion réussie — rôle: Auditeur	\N	\N	CONNEXION	\N	\N	\N	\N	\N	5	\N	\N
877	2026-05-22 09:13:14.104664	Connexion réussie — rôle: Expert Product Audit	\N	\N	CONNEXION	\N	\N	\N	\N	\N	1	\N	\N
878	2026-05-22 09:13:44.17778	Connexion réussie — rôle: Administrateur	\N	\N	CONNEXION	\N	\N	\N	\N	\N	56	\N	\N
879	2026-05-22 11:00:12.571712	Connexion réussie — rôle: Administrateur	\N	\N	CONNEXION	\N	\N	\N	\N	\N	56	\N	\N
880	2026-05-22 11:01:14.101081	Connexion réussie — rôle: Expert Product Audit	\N	\N	CONNEXION	\N	\N	\N	\N	\N	1	\N	\N
881	2026-05-22 11:16:25.469595	Connexion réussie — rôle: Auditeur	\N	\N	CONNEXION	\N	\N	\N	\N	\N	2	\N	\N
882	2026-05-22 11:18:00.471113	Audit démarré : AP-2026-070	\N	\N	AUDIT_DEMARRE	\N	\N	\N	\N	\N	2	\N	\N
883	2026-05-22 11:20:20.897383	Audit démarré : AP-2026-078	\N	\N	AUDIT_DEMARRE	\N	\N	\N	\N	\N	2	\N	\N
884	2026-05-22 11:38:31.454009	Connexion réussie — rôle: Expert Product Audit	\N	\N	CONNEXION	\N	\N	\N	\N	\N	1	\N	\N
885	2026-05-22 11:50:14.761832	Connexion réussie — rôle: Auditeur	\N	\N	CONNEXION	\N	\N	\N	\N	\N	2	\N	\N
886	2026-05-22 11:50:25.272922	Audit démarré : AP-2026-077	\N	\N	AUDIT_DEMARRE	\N	\N	\N	\N	\N	2	\N	\N
887	2026-05-22 12:00:13.074482	Connexion réussie — rôle: Expert Product Audit	\N	\N	CONNEXION	\N	\N	\N	\N	\N	1	\N	\N
888	2026-05-22 12:08:02.595984	Connexion réussie — rôle: Auditeur	\N	\N	CONNEXION	\N	\N	\N	\N	\N	2	\N	\N
889	2026-05-22 12:10:08.671894	Connexion réussie — rôle: Expert Product Audit	\N	\N	CONNEXION	\N	\N	\N	\N	\N	1	\N	\N
890	2026-05-22 12:11:41.320506	Connexion réussie — rôle: Auditeur	\N	\N	CONNEXION	\N	\N	\N	\N	\N	2	\N	\N
891	2026-05-22 12:16:01.374992	Connexion réussie — rôle: Expert Product Audit	\N	\N	CONNEXION	\N	\N	\N	\N	\N	1	\N	\N
892	2026-05-22 12:17:49.939985	Connexion réussie — rôle: Auditeur	\N	\N	CONNEXION	\N	\N	\N	\N	\N	2	\N	\N
893	2026-05-22 12:28:21.30601	Connexion réussie — rôle: Expert Product Audit	\N	\N	CONNEXION	\N	\N	\N	\N	\N	1	\N	\N
894	2026-05-22 14:06:02.588186	Connexion réussie — rôle: Chef de Service	\N	\N	CONNEXION	\N	\N	\N	\N	\N	6	\N	\N
895	2026-05-22 14:06:37.033623	Connexion réussie — rôle: Responsable Qualite Centrale	\N	\N	CONNEXION	\N	\N	\N	\N	\N	62	\N	\N
896	2026-05-22 17:57:09.393807	Connexion réussie — rôle: Auditeur	\N	\N	CONNEXION	\N	\N	\N	\N	\N	2	\N	\N
897	2026-05-23 00:07:59.736553	Connexion réussie — rôle: Expert Product Audit	\N	\N	CONNEXION	\N	\N	\N	\N	\N	1	\N	\N
898	2026-05-23 00:16:07.659001	Connexion réussie — rôle: Auditeur	\N	\N	CONNEXION	\N	\N	\N	\N	\N	2	\N	\N
899	2026-05-23 17:31:12.66567	Connexion réussie — rôle: Administrateur	\N	\N	CONNEXION	\N	\N	\N	\N	\N	56	\N	\N
900	2026-05-23 17:32:38.969875	Connexion réussie — rôle: Administrateur	\N	\N	CONNEXION	\N	\N	\N	\N	\N	56	\N	\N
901	2026-05-23 17:37:52.060707	Connexion réussie — rôle: Expert Product Audit	\N	\N	CONNEXION	\N	\N	\N	\N	\N	1	\N	\N
902	2026-05-23 17:52:41.748656	Connexion réussie — rôle: Auditeur	\N	\N	CONNEXION	\N	\N	\N	\N	\N	2	\N	\N
903	2026-05-23 17:53:46.178111	Connexion réussie — rôle: Chef de Service	\N	\N	CONNEXION	\N	\N	\N	\N	\N	6	\N	\N
904	2026-05-23 17:56:15.572507	Connexion réussie — rôle: Expert Product Audit	\N	\N	CONNEXION	\N	\N	\N	\N	\N	1	\N	\N
905	2026-05-23 18:05:17.591813	Connexion réussie — rôle: Auditeur	\N	\N	CONNEXION	\N	\N	\N	\N	\N	2	\N	\N
906	2026-05-23 18:10:05.07712	Audit démarré : AP-2026-079	\N	\N	AUDIT_DEMARRE	\N	\N	\N	\N	\N	2	\N	\N
907	2026-05-24 00:16:05.771222	Connexion réussie — rôle: Administrateur	\N	\N	CONNEXION	\N	\N	\N	\N	\N	56	\N	\N
908	2026-05-24 01:33:10.130995	Connexion réussie — rôle: Expert Product Audit	\N	\N	CONNEXION	\N	\N	\N	\N	\N	1	\N	\N
909	2026-05-24 20:29:45.696748	Connexion réussie — rôle: Administrateur	\N	\N	CONNEXION	\N	\N	\N	\N	\N	56	\N	\N
910	2026-05-24 20:37:16.344728	Connexion réussie — rôle: Administrateur	\N	\N	CONNEXION	\N	\N	\N	\N	\N	56	\N	\N
911	2026-05-24 20:58:09.501484	Connexion réussie — rôle: Expert Product Audit	\N	\N	CONNEXION	\N	\N	\N	\N	\N	1	\N	\N
912	2026-05-24 21:02:25.576004	Connexion réussie — rôle: Administrateur	\N	\N	CONNEXION	\N	\N	\N	\N	\N	56	\N	\N
913	2026-05-24 22:11:37.584246	Connexion réussie — rôle: Expert Product Audit	\N	\N	CONNEXION	\N	\N	\N	\N	\N	1	\N	\N
914	2026-05-24 22:14:52.062103	Connexion réussie — rôle: Auditeur	\N	\N	CONNEXION	\N	\N	\N	\N	\N	2	\N	\N
915	2026-05-24 22:46:40.792266	Connexion réussie — rôle: Administrateur	\N	\N	CONNEXION	\N	\N	\N	\N	\N	56	\N	\N
916	2026-05-24 22:47:03.219322	Profil modifié par l'administrateur — nom: Ben salem — prénom: Ahmed — site: Sousse (WTNSO) — plant: VW — mot de passe modifié	\N	\N	UTILISATEUR_MODIFIE	\N	1	\N	\N	\N	1	\N	\N
917	2026-05-24 22:47:08.886251	Connexion réussie — rôle: Expert Product Audit	\N	\N	CONNEXION	\N	\N	\N	\N	\N	1	\N	\N
918	2026-05-24 22:48:45.575173	Connexion réussie — rôle: Administrateur	\N	\N	CONNEXION	\N	\N	\N	\N	\N	56	\N	\N
919	2026-05-24 22:49:02.994173	Profil modifié par l'administrateur — nom: Ben salem — prénom: Ahmed — site: Sousse (WTNSO) — plant: BMW  — mot de passe modifié	\N	\N	UTILISATEUR_MODIFIE	\N	1	\N	\N	\N	1	\N	\N
920	2026-05-24 22:49:08.281966	Connexion réussie — rôle: Expert Product Audit	\N	\N	CONNEXION	\N	\N	\N	\N	\N	1	\N	\N
921	2026-05-24 22:50:21.734717	Connexion réussie — rôle: Administrateur	\N	\N	CONNEXION	\N	\N	\N	\N	\N	56	\N	\N
922	2026-05-24 22:50:47.227614	Rôle modifié par l'administrateur: Auditeur → Expert Product Audit — utilisateur: Auditeur_3 BMW (278008)	\N	\N	ROLE_CHANGE	\N	71	\N	\N	\N	71	\N	\N
923	2026-05-24 22:50:54.810994	Droit de créer des certifications activé pour l'expert: Auditeur_3 BMW (278008)	\N	\N	UTILISATEUR_MODIFIE	\N	71	\N	\N	\N	71	\N	\N
924	2026-05-24 22:51:16.130388	Connexion réussie — rôle: Expert Product Audit	\N	\N	CONNEXION	\N	\N	\N	\N	\N	71	\N	\N
925	2026-05-24 22:51:29.702126	Connexion réussie — rôle: Expert Product Audit	\N	\N	CONNEXION	\N	\N	\N	\N	\N	71	\N	\N
926	2026-05-24 22:51:46.461936	Connexion réussie — rôle: Administrateur	\N	\N	CONNEXION	\N	\N	\N	\N	\N	56	\N	\N
927	2026-05-24 22:52:06.027891	Profil modifié par l'administrateur — nom: BMW — prénom: Auditeur_3 — site: Sousse (WTNSO) — plant: VW — mot de passe modifié	\N	\N	UTILISATEUR_MODIFIE	\N	71	\N	\N	\N	71	\N	\N
928	2026-05-24 22:52:15.591378	Connexion réussie — rôle: Administrateur	\N	\N	CONNEXION	\N	\N	\N	\N	\N	56	\N	\N
929	2026-05-24 22:53:08.078956	Profil modifié par l'administrateur — nom: VW — prénom: Expert — site: Sousse (WTNSO) — plant: VW — mot de passe modifié	\N	\N	UTILISATEUR_MODIFIE	\N	71	\N	\N	\N	71	\N	\N
930	2026-05-24 22:53:19.934023	Connexion réussie — rôle: Expert Product Audit	\N	\N	CONNEXION	\N	\N	\N	\N	\N	71	\N	\N
931	2026-05-24 23:52:05.008773	Connexion réussie — rôle: Auditeur	\N	\N	CONNEXION	\N	\N	\N	\N	\N	2	\N	\N
932	2026-05-24 23:52:34.88295	Connexion réussie — rôle: Expert Product Audit	\N	\N	CONNEXION	\N	\N	\N	\N	\N	1	\N	\N
933	2026-05-26 01:54:58.684457	Connexion réussie — rôle: Expert Product Audit	\N	\N	CONNEXION	\N	\N	\N	\N	\N	1	\N	\N
934	2026-05-26 02:15:26.351595	Connexion réussie — rôle: Chef de Service	\N	\N	CONNEXION	\N	\N	\N	\N	\N	6	\N	\N
935	2026-05-26 02:17:50.788341	Connexion réussie — rôle: Administrateur	\N	\N	CONNEXION	\N	\N	\N	\N	\N	56	\N	\N
936	2026-05-26 02:34:57.557878	Connexion réussie — rôle: Expert Product Audit	\N	\N	CONNEXION	\N	\N	\N	\N	\N	1	\N	\N
937	2026-05-26 12:57:54.921973	Connexion réussie — rôle: Administrateur	\N	\N	CONNEXION	\N	\N	\N	\N	\N	56	\N	\N
938	2026-05-26 13:52:51.947524	Connexion réussie — rôle: Expert Product Audit	\N	\N	CONNEXION	\N	\N	\N	\N	\N	1	\N	\N
939	2026-05-26 13:53:16.292818	Connexion réussie — rôle: Administrateur	\N	\N	CONNEXION	\N	\N	\N	\N	\N	56	\N	\N
940	2026-05-26 14:25:22.711326	Connexion réussie — rôle: Auditeur	\N	\N	CONNEXION	\N	\N	\N	\N	\N	5	\N	\N
941	2026-05-26 14:25:35.136689	Connexion réussie — rôle: Administrateur	\N	\N	CONNEXION	\N	\N	\N	\N	\N	56	\N	\N
942	2026-05-26 14:25:47.436613	Connexion réussie — rôle: Auditeur	\N	\N	CONNEXION	\N	\N	\N	\N	\N	5	\N	\N
943	2026-05-26 14:26:55.515463	Connexion réussie — rôle: Auditeur	\N	\N	CONNEXION	\N	\N	\N	\N	\N	4	\N	\N
944	2026-05-26 14:27:03.064737	Connexion réussie — rôle: Administrateur	\N	\N	CONNEXION	\N	\N	\N	\N	\N	56	\N	\N
945	2026-05-26 14:27:14.77574	Connexion réussie — rôle: Expert Product Audit	\N	\N	CONNEXION	\N	\N	\N	\N	\N	71	\N	\N
946	2026-05-27 02:22:24.419019	Connexion réussie — rôle: Responsable Qualite Centrale	\N	\N	CONNEXION	\N	\N	\N	\N	\N	62	\N	\N
947	2026-05-27 02:36:47.20675	Connexion réussie — rôle: Chef de Service	\N	\N	CONNEXION	\N	\N	\N	\N	\N	6	\N	\N
948	2026-05-27 02:38:28.819461	Connexion réussie — rôle: Responsable Qualite Centrale	\N	\N	CONNEXION	\N	\N	\N	\N	\N	62	\N	\N
949	2026-05-27 03:09:44.139389	Connexion réussie — rôle: Responsable Qualite Centrale	\N	\N	CONNEXION	\N	\N	\N	\N	\N	62	\N	\N
950	2026-05-28 13:59:52.195736	Connexion réussie — rôle: Expert Product Audit	\N	\N	CONNEXION	\N	\N	\N	\N	\N	1	\N	\N
951	2026-05-28 16:50:47.032585	Connexion réussie — rôle: Auditeur	\N	\N	CONNEXION	\N	\N	\N	\N	\N	2	\N	\N
952	2026-05-28 16:53:09.261983	Connexion réussie — rôle: Expert Product Audit	\N	\N	CONNEXION	\N	\N	\N	\N	\N	1	\N	\N
953	2026-05-28 16:56:25.352018	Connexion réussie — rôle: Auditeur	\N	\N	CONNEXION	\N	\N	\N	\N	\N	2	\N	\N
954	2026-05-28 16:58:49.953156	Connexion réussie — rôle: Expert Product Audit	\N	\N	CONNEXION	\N	\N	\N	\N	\N	1	\N	\N
955	2026-05-28 17:52:41.406401	Connexion réussie — rôle: Auditeur	\N	\N	CONNEXION	\N	\N	\N	\N	\N	2	\N	\N
956	2026-05-28 19:16:24.098867	Connexion réussie — rôle: Expert Product Audit	\N	\N	CONNEXION	\N	\N	\N	\N	\N	1	\N	\N
957	2026-05-29 03:01:26.395163	Connexion réussie — rôle: Administrateur	\N	\N	CONNEXION	\N	\N	\N	\N	\N	56	\N	\N
958	2026-05-29 03:10:55.817494	Connexion réussie — rôle: Administrateur	\N	\N	CONNEXION	\N	\N	\N	\N	\N	56	\N	\N
959	2026-05-29 03:12:37.1585	Connexion réussie — rôle: Administrateur	\N	\N	CONNEXION	\N	\N	\N	\N	\N	56	\N	\N
960	2026-05-30 01:50:47.026126	Connexion réussie — rôle: Administrateur	\N	\N	CONNEXION	\N	\N	\N	\N	\N	56	\N	\N
961	2026-05-30 01:59:58.49795	Connexion réussie — rôle: Chef de Service	\N	\N	CONNEXION	\N	\N	\N	\N	\N	6	\N	\N
962	2026-06-01 13:32:34.465961	Connexion réussie — rôle: Expert Product Audit	\N	\N	CONNEXION	\N	\N	\N	\N	\N	1	\N	\N
963	2026-06-01 13:36:00.018003	Connexion réussie — rôle: Auditeur	\N	\N	CONNEXION	\N	\N	\N	\N	\N	2	\N	\N
964	2026-06-01 13:37:28.2014	Connexion réussie — rôle: Expert Product Audit	\N	\N	CONNEXION	\N	\N	\N	\N	\N	1	\N	\N
965	2026-06-01 13:46:26.742347	Connexion réussie — rôle: Expert Product Audit	\N	\N	CONNEXION	\N	\N	\N	\N	\N	1	\N	\N
966	2026-06-01 13:46:34.016977	Connexion réussie — rôle: Auditeur	\N	\N	CONNEXION	\N	\N	\N	\N	\N	2	\N	\N
967	2026-06-01 13:47:25.404118	Audit démarré : AP-2026-012	\N	\N	AUDIT_DEMARRE	\N	\N	\N	\N	\N	2	\N	\N
968	2026-06-01 13:54:30.73699	Connexion réussie — rôle: Expert Product Audit	\N	\N	CONNEXION	\N	\N	\N	\N	\N	1	\N	\N
969	2026-06-01 14:08:26.402067	Connexion réussie — rôle: Expert Product Audit	\N	\N	CONNEXION	\N	\N	\N	\N	\N	1	\N	\N
970	2026-06-01 14:12:34.174449	Connexion réussie — rôle: Expert Product Audit	\N	\N	CONNEXION	\N	\N	\N	\N	\N	1	\N	\N
971	2026-06-01 14:15:12.160235	Connexion réussie — rôle: Expert Product Audit	\N	\N	CONNEXION	\N	\N	\N	\N	\N	1	\N	\N
972	2026-06-01 14:23:07.784018	Connexion réussie — rôle: Administrateur	\N	\N	CONNEXION	\N	\N	\N	\N	\N	56	\N	\N
973	2026-06-01 14:25:45.870469	Connexion réussie — rôle: Expert Product Audit	\N	\N	CONNEXION	\N	\N	\N	\N	\N	1	\N	\N
974	2026-06-02 01:05:02.699716	Connexion réussie — rôle: Auditeur	\N	\N	CONNEXION	\N	\N	\N	\N	\N	2	\N	\N
975	2026-06-02 01:06:34.089183	Rapport uploadé pour l'audit : AP-2026-012	\N	\N	AUDIT_RAPPORT_UPLOADE	\N	\N	\N	\N	\N	2	\N	\N
976	2026-06-02 03:29:25.932897	Connexion réussie — rôle: Expert Product Audit	\N	\N	CONNEXION	\N	\N	\N	\N	\N	1	\N	\N
977	2026-06-02 03:57:19.997821	Connexion réussie — rôle: Auditeur	\N	\N	CONNEXION	\N	\N	\N	\N	\N	2	\N	\N
978	2026-06-02 03:57:32.737427	Connexion réussie — rôle: Auditeur	\N	\N	CONNEXION	\N	\N	\N	\N	\N	4	\N	\N
979	2026-06-02 04:03:04.022341	Session démarrée — Qualification : Test Théorique 30/04/2026 — Tentative #5	\N	\N	SESSION_DEMARREE	\N	\N	\N	\N	\N	4	\N	\N
980	2026-06-02 04:07:15.171306	Connexion réussie — rôle: Auditeur	\N	\N	CONNEXION	\N	\N	\N	\N	\N	2	\N	\N
981	2026-06-02 04:10:27.934598	Connexion réussie — rôle: Expert Product Audit	\N	\N	CONNEXION	\N	\N	\N	\N	\N	1	\N	\N
982	2026-06-02 04:11:49.330676	Connexion réussie — rôle: Auditeur	\N	\N	CONNEXION	\N	\N	\N	\N	\N	2	\N	\N
983	2026-06-02 04:13:49.77454	Connexion réussie — rôle: Expert Product Audit	\N	\N	CONNEXION	\N	\N	\N	\N	\N	1	\N	\N
984	2026-06-02 04:20:45.02612	Connexion réussie — rôle: Chef de Service	\N	\N	CONNEXION	\N	\N	\N	\N	\N	6	\N	\N
985	2026-06-03 12:14:27.807017	Connexion réussie — rôle: Expert Product Audit	\N	\N	CONNEXION	\N	\N	\N	\N	\N	1	\N	\N
986	2026-06-06 01:44:01.239148	Connexion réussie — rôle: Administrateur	\N	\N	CONNEXION	\N	\N	\N	\N	\N	56	\N	\N
992	2026-06-06 02:15:51.436655	Connexion réussie — rôle: Administrateur	\N	\N	CONNEXION	\N	\N	\N	\N	\N	56	\N	\N
993	2026-06-06 20:26:48.728619	Connexion réussie — rôle: Administrateur	\N	\N	CONNEXION	\N	\N	\N	\N	\N	56	\N	\N
994	2026-06-06 20:26:59.664634	Connexion réussie — rôle: Chef de Service	\N	\N	CONNEXION	\N	\N	\N	\N	\N	6	\N	\N
995	2026-06-06 20:44:53.334903	Connexion réussie — rôle: Expert Product Audit	\N	\N	CONNEXION	\N	\N	\N	\N	\N	1	\N	\N
996	2026-06-06 20:47:08.42463	Connexion réussie — rôle: Chef de Service	\N	\N	CONNEXION	\N	\N	\N	\N	\N	6	\N	\N
997	2026-06-06 21:26:55.747623	Connexion réussie — rôle: Expert Product Audit	\N	\N	CONNEXION	\N	\N	\N	\N	\N	1	\N	\N
998	2026-06-06 21:57:34.508602	Connexion réussie — rôle: Expert Product Audit	\N	\N	CONNEXION	\N	\N	\N	\N	\N	1	\N	\N
999	2026-06-06 22:02:28.916333	Connexion réussie — rôle: Expert Product Audit	\N	\N	CONNEXION	\N	\N	\N	\N	\N	1	\N	\N
1000	2026-06-06 22:21:58.733774	Connexion réussie — rôle: Chef de Service	\N	\N	CONNEXION	\N	\N	\N	\N	\N	6	\N	\N
1001	2026-06-06 22:27:36.214039	Connexion réussie — rôle: Chef de Service	\N	\N	CONNEXION	\N	\N	\N	\N	\N	6	\N	\N
1002	2026-06-08 02:37:18.816766	Connexion réussie — rôle: Responsable Qualite Centrale	\N	\N	CONNEXION	\N	\N	\N	\N	\N	62	\N	\N
1003	2026-06-09 01:40:43.917125	Connexion réussie — rôle: Chef de Service	\N	\N	CONNEXION	\N	\N	\N	\N	\N	6	\N	\N
1004	2026-06-09 01:42:11.617065	Connexion réussie — rôle: Responsable Qualite Centrale	\N	\N	CONNEXION	\N	\N	\N	\N	\N	62	\N	\N
1005	2026-06-09 01:46:21.150347	Connexion réussie — rôle: Expert Product Audit	\N	\N	CONNEXION	\N	\N	\N	\N	\N	1	\N	\N
1006	2026-06-09 02:09:00.243478	Connexion réussie — rôle: Auditeur	\N	\N	CONNEXION	\N	\N	\N	\N	\N	5	\N	\N
1007	2026-06-09 02:17:58.597697	Connexion réussie — rôle: Expert Product Audit	\N	\N	CONNEXION	\N	\N	\N	\N	\N	1	\N	\N
1008	2026-06-09 02:19:49.507963	Connexion réussie — rôle: Auditeur	\N	\N	CONNEXION	\N	\N	\N	\N	\N	4	\N	\N
1009	2026-06-09 02:20:03.165403	Connexion réussie — rôle: Auditeur	\N	\N	CONNEXION	\N	\N	\N	\N	\N	2	\N	\N
1010	2026-06-09 02:23:18.479562	Connexion réussie — rôle: Chef de Service	\N	\N	CONNEXION	\N	\N	\N	\N	\N	6	\N	\N
1011	2026-06-09 02:26:16.309165	Connexion réussie — rôle: Responsable Qualite Centrale	\N	\N	CONNEXION	\N	\N	\N	\N	\N	62	\N	\N
1012	2026-06-09 02:36:07.996879	Connexion réussie — rôle: Expert Product Audit	\N	\N	CONNEXION	\N	\N	\N	\N	\N	1	\N	\N
1013	2026-06-09 03:15:28.360031	Connexion réussie — rôle: Auditeur	\N	\N	CONNEXION	\N	\N	\N	\N	\N	5	\N	\N
1014	2026-06-10 03:11:11.448565	Connexion réussie — rôle: Expert Product Audit	\N	\N	CONNEXION	\N	\N	\N	\N	\N	1	\N	\N
1015	2026-06-10 03:24:30.293762	Connexion réussie — rôle: Auditeur	\N	\N	CONNEXION	\N	\N	\N	\N	\N	2	\N	\N
1016	2026-06-10 03:48:03.977471	Connexion réussie — rôle: Chef de Service	\N	\N	CONNEXION	\N	\N	\N	\N	\N	6	\N	\N
1017	2026-06-10 03:51:39.601987	Connexion réussie — rôle: Responsable Qualite Centrale	\N	\N	CONNEXION	\N	\N	\N	\N	\N	62	\N	\N
1018	2026-06-10 17:06:21.400201	Connexion réussie — rôle: Expert Product Audit	\N	\N	CONNEXION	\N	\N	\N	\N	\N	1	\N	\N
1019	2026-06-10 17:11:40.393905	Connexion réussie — rôle: Administrateur	\N	\N	CONNEXION	\N	\N	\N	\N	\N	56	\N	\N
1020	2026-06-10 17:22:43.014547	Connexion réussie — rôle: Expert Product Audit	\N	\N	CONNEXION	\N	\N	\N	\N	\N	1	\N	\N
1021	2026-06-10 17:31:14.366871	Connexion réussie — rôle: Expert Product Audit	\N	\N	CONNEXION	\N	\N	\N	\N	\N	1	\N	\N
1022	2026-06-11 21:37:14.152276	Connexion réussie — rôle: Auditeur	\N	\N	CONNEXION	\N	\N	\N	\N	\N	2	\N	\N
1023	2026-06-11 21:46:27.99003	Connexion réussie — rôle: Expert Product Audit	\N	\N	CONNEXION	\N	\N	\N	\N	\N	1	\N	\N
1024	2026-06-11 21:47:22.101483	Connexion réussie — rôle: Administrateur	\N	\N	CONNEXION	\N	\N	\N	\N	\N	56	\N	\N
1025	2026-06-11 21:48:32.477693	Connexion réussie — rôle: Expert Product Audit	\N	\N	CONNEXION	\N	\N	\N	\N	\N	1	\N	\N
1026	2026-06-12 19:15:47.653897	Connexion réussie — rôle: Expert Product Audit	\N	\N	CONNEXION	\N	\N	\N	\N	\N	1	\N	\N
1027	2026-06-12 19:16:07.128331	Mot de passe réinitialisé via matricule	\N	\N	MOT_DE_PASSE_CHANGE	\N	\N	\N	\N	\N	56	\N	\N
1028	2026-06-12 19:16:10.450093	Connexion réussie — rôle: Administrateur	\N	\N	CONNEXION	\N	\N	\N	\N	\N	56	\N	\N
1029	2026-06-16 01:39:55.04832	Connexion réussie — rôle: Administrateur	\N	\N	CONNEXION	\N	\N	\N	\N	\N	56	\N	\N
1030	2026-06-16 01:43:29.858516	Connexion réussie — rôle: Administrateur	\N	\N	CONNEXION	\N	\N	\N	\N	\N	56	\N	\N
1031	2026-06-16 01:49:15.855914	Connexion réussie — rôle: Expert Product Audit	\N	\N	CONNEXION	\N	\N	\N	\N	\N	1	\N	\N
1032	2026-06-16 02:11:52.35608	Connexion réussie — rôle: Auditeur	\N	\N	CONNEXION	\N	\N	\N	\N	\N	5	\N	\N
1033	2026-06-16 02:12:01.17388	Connexion réussie — rôle: Auditeur	\N	\N	CONNEXION	\N	\N	\N	\N	\N	4	\N	\N
1034	2026-06-16 02:13:39.084356	Connexion réussie — rôle: Auditeur	\N	\N	CONNEXION	\N	\N	\N	\N	\N	2	\N	\N
1035	2026-06-16 02:13:47.722359	Connexion réussie — rôle: Expert Product Audit	\N	\N	CONNEXION	\N	\N	\N	\N	\N	71	\N	\N
1036	2026-06-16 02:13:54.919013	Connexion réussie — rôle: Auditeur	\N	\N	CONNEXION	\N	\N	\N	\N	\N	7	\N	\N
1037	2026-06-16 02:17:38.102912	Score : 75.0/100 — Qualification : Test Théorique 30/04/2026	\N	75	THEORIQUE_ECHOUE	\N	\N	\N	\N	\N	7	\N	\N
1038	2026-06-16 02:17:51.659197	Connexion réussie — rôle: Auditeur	\N	\N	CONNEXION	\N	\N	\N	\N	\N	4	\N	\N
1039	2026-06-16 02:20:17.369238	Score : 100.0/100 — Qualification : Test Théorique 30/04/2026	\N	100	THEORIQUE_REUSSI	\N	\N	\N	\N	\N	4	\N	\N
1040	2026-06-16 02:26:32.33562	Connexion réussie — rôle: Expert Product Audit	\N	\N	CONNEXION	\N	\N	\N	\N	\N	1	\N	\N
1041	2026-06-16 02:27:04.413636	Connexion réussie — rôle: Auditeur	\N	\N	CONNEXION	\N	\N	\N	\N	\N	4	\N	\N
1042	2026-06-16 02:27:31.999504	Connexion réussie — rôle: Expert Product Audit	\N	\N	CONNEXION	\N	\N	\N	\N	\N	1	\N	\N
1043	2026-06-16 02:45:25.889848	Connexion réussie — rôle: Auditeur	\N	\N	CONNEXION	\N	\N	\N	\N	\N	2	\N	\N
1044	2026-06-16 02:57:54.216374	Connexion réussie — rôle: Chef de Service	\N	\N	CONNEXION	\N	\N	\N	\N	\N	6	\N	\N
1045	2026-06-16 02:59:50.367689	Connexion réussie — rôle: Expert Product Audit	\N	\N	CONNEXION	\N	\N	\N	\N	\N	1	\N	\N
1046	2026-06-16 03:00:02.081349	Connexion réussie — rôle: Responsable Qualite Centrale	\N	\N	CONNEXION	\N	\N	\N	\N	\N	62	\N	\N
1047	2026-06-16 03:02:37.374304	Connexion réussie — rôle: Expert Product Audit	\N	\N	CONNEXION	\N	\N	\N	\N	\N	1	\N	\N
1048	2026-06-16 03:03:47.874927	Connexion réussie — rôle: Auditeur	\N	\N	CONNEXION	\N	\N	\N	\N	\N	2	\N	\N
1049	2026-06-16 03:07:36.931029	Connexion réussie — rôle: Chef de Service	\N	\N	CONNEXION	\N	\N	\N	\N	\N	6	\N	\N
1050	2026-06-16 03:10:51.193223	Connexion réussie — rôle: Auditeur	\N	\N	CONNEXION	\N	\N	\N	\N	\N	2	\N	\N
1051	2026-06-16 03:13:39.717182	Connexion réussie — rôle: Responsable Qualite Centrale	\N	\N	CONNEXION	\N	\N	\N	\N	\N	62	\N	\N
1052	2026-06-16 03:16:56.981899	Connexion réussie — rôle: Expert Product Audit	\N	\N	CONNEXION	\N	\N	\N	\N	\N	1	\N	\N
1053	2026-06-16 10:48:22.223373	Connexion réussie — rôle: Auditeur	\N	\N	CONNEXION	\N	\N	\N	\N	\N	2	\N	\N
1054	2026-06-24 16:48:06.967616	Connexion réussie — rôle: Administrateur	\N	\N	CONNEXION	\N	\N	\N	\N	\N	56	\N	\N
1055	2026-06-24 16:54:19.266439	Connexion réussie — rôle: Expert Product Audit	\N	\N	CONNEXION	\N	\N	\N	\N	\N	1	\N	\N
1056	2026-06-24 17:55:09.209377	Connexion réussie — rôle: Auditeur	\N	\N	CONNEXION	\N	\N	\N	\N	\N	2	\N	\N
1057	2026-06-24 17:55:19.430332	Connexion réussie — rôle: Administrateur	\N	\N	CONNEXION	\N	\N	\N	\N	\N	56	\N	\N
1058	2026-06-24 17:56:03.606535	Connexion réussie — rôle: Auditeur	\N	\N	CONNEXION	\N	\N	\N	\N	\N	7	\N	\N
1059	2026-06-24 17:56:55.365944	Session démarrée — Qualification : Test Théorique 30/04/2026 — Tentative #4	\N	\N	SESSION_DEMARREE	\N	\N	\N	\N	\N	7	\N	\N
1060	2026-06-24 17:57:25.877562	Connexion réussie — rôle: Expert Product Audit	\N	\N	CONNEXION	\N	\N	\N	\N	\N	1	\N	\N
1061	2026-06-24 19:01:05.71441	Connexion réussie — rôle: Expert Product Audit	\N	\N	CONNEXION	\N	\N	\N	\N	\N	1	\N	\N
1062	2026-06-25 01:55:44.588893	Connexion réussie — rôle: Expert Product Audit	\N	\N	CONNEXION	\N	\N	\N	\N	\N	1	\N	\N
1063	2026-06-25 02:07:09.16799	Connexion réussie — rôle: Auditeur	\N	\N	CONNEXION	\N	\N	\N	\N	\N	2	\N	\N
1064	2026-06-25 10:29:48.689235	Connexion réussie — rôle: Administrateur	\N	\N	CONNEXION	\N	\N	\N	\N	\N	56	\N	\N
1066	2026-06-25 10:33:11.095059	Connexion réussie — rôle: Expert Product Audit	\N	\N	CONNEXION	\N	\N	\N	\N	\N	1	\N	\N
1067	2026-06-25 11:15:01.965377	Connexion réussie — rôle: Auditeur	\N	\N	CONNEXION	\N	\N	\N	\N	\N	2	\N	\N
1068	2026-06-25 11:15:15.968869	Connexion réussie — rôle: Auditeur	\N	\N	CONNEXION	\N	\N	\N	\N	\N	5	\N	\N
1069	2026-06-25 11:15:23.607679	Connexion réussie — rôle: Auditeur	\N	\N	CONNEXION	\N	\N	\N	\N	\N	5	\N	\N
1070	2026-06-25 11:27:10.375806	Connexion réussie — rôle: Auditeur	\N	\N	CONNEXION	\N	\N	\N	\N	\N	2	\N	\N
1071	2026-06-25 11:27:33.628998	Audit démarré : AP-2026-083	\N	\N	AUDIT_DEMARRE	\N	\N	\N	\N	\N	2	\N	\N
1072	2026-06-25 11:34:55.090451	Connexion réussie — rôle: Expert Product Audit	\N	\N	CONNEXION	\N	\N	\N	\N	\N	1	\N	\N
1073	2026-06-25 12:07:25.730496	Connexion réussie — rôle: Auditeur	\N	\N	CONNEXION	\N	\N	\N	\N	\N	7	\N	\N
1074	2026-06-25 12:08:25.526749	Connexion réussie — rôle: Auditeur	\N	\N	CONNEXION	\N	\N	\N	\N	\N	2	\N	\N
1075	2026-06-25 12:40:21.192393	Connexion réussie — rôle: Auditeur	\N	\N	CONNEXION	\N	\N	\N	\N	\N	2	\N	\N
1076	2026-06-25 12:55:52.255395	Connexion réussie — rôle: Auditeur	\N	\N	CONNEXION	\N	\N	\N	\N	\N	2	\N	\N
1077	2026-06-25 13:09:39.790257	Connexion réussie — rôle: Administrateur	\N	\N	CONNEXION	\N	\N	\N	\N	\N	56	\N	\N
1078	2026-06-25 13:12:00.82277	Connexion réussie — rôle: Expert Product Audit	\N	\N	CONNEXION	\N	\N	\N	\N	\N	1	\N	\N
1079	2026-06-25 15:19:30.696522	Connexion réussie — rôle: Auditeur	\N	\N	CONNEXION	\N	\N	\N	\N	\N	2	\N	\N
1080	2026-06-25 18:38:07.056283	Connexion réussie — rôle: Auditeur	\N	\N	CONNEXION	\N	\N	\N	\N	\N	5	\N	\N
1081	2026-06-25 18:38:17.102026	Audit démarré : AP-2026-016	\N	\N	AUDIT_DEMARRE	\N	\N	\N	\N	\N	5	\N	\N
1082	2026-06-25 18:38:51.077619	Rapport uploadé pour l'audit : AP-2026-016	\N	\N	AUDIT_RAPPORT_UPLOADE	\N	\N	\N	\N	\N	5	\N	\N
1083	2026-06-25 19:00:17.770985	Connexion réussie — rôle: Administrateur	\N	\N	CONNEXION	\N	\N	\N	\N	\N	56	\N	\N
1084	2026-06-25 19:01:35.60253	Connexion réussie — rôle: Expert Product Audit	\N	\N	CONNEXION	\N	\N	\N	\N	\N	1	\N	\N
1085	2026-06-25 19:04:10.786555	Connexion réussie — rôle: Auditeur	\N	\N	CONNEXION	\N	\N	\N	\N	\N	5	\N	\N
1086	2026-06-25 19:35:52.943048	Connexion réussie — rôle: Expert Product Audit	\N	\N	CONNEXION	\N	\N	\N	\N	\N	1	\N	\N
1087	2026-06-25 19:39:27.222981	Connexion réussie — rôle: Auditeur	\N	\N	CONNEXION	\N	\N	\N	\N	\N	5	\N	\N
1088	2026-06-25 19:40:48.889534	Connexion réussie — rôle: Chef de Service	\N	\N	CONNEXION	\N	\N	\N	\N	\N	6	\N	\N
1089	2026-06-25 19:51:22.511692	Connexion réussie — rôle: Expert Product Audit	\N	\N	CONNEXION	\N	\N	\N	\N	\N	1	\N	\N
1090	2026-06-25 21:16:22.074111	Connexion réussie — rôle: Administrateur	\N	\N	CONNEXION	\N	\N	\N	\N	\N	56	\N	\N
1091	2026-06-25 21:41:53.131143	Connexion réussie — rôle: Administrateur	\N	\N	CONNEXION	\N	\N	\N	\N	\N	56	\N	\N
1092	2026-06-25 21:44:02.380942	Connexion réussie — rôle: Administrateur	\N	\N	CONNEXION	\N	\N	\N	\N	\N	56	\N	\N
1098	2026-06-25 21:46:41.696202	Connexion réussie — rôle: Administrateur	\N	\N	CONNEXION	\N	\N	\N	\N	\N	56	\N	\N
1100	2026-06-25 21:56:47.232776	Connexion réussie — rôle: Administrateur	\N	\N	CONNEXION	\N	\N	\N	\N	\N	56	\N	\N
1101	2026-06-25 21:58:41.912739	Connexion réussie — rôle: Administrateur	\N	\N	CONNEXION	\N	\N	\N	\N	\N	56	\N	\N
1107	2026-06-25 22:00:09.344907	Connexion réussie — rôle: Administrateur	\N	\N	CONNEXION	\N	\N	\N	\N	\N	56	\N	\N
1108	2026-06-25 22:03:55.962548	Connexion réussie — rôle: Administrateur	\N	\N	CONNEXION	\N	\N	\N	\N	\N	56	\N	\N
1109	2026-06-25 22:05:16.504066	Connexion réussie — rôle: Administrateur	\N	\N	CONNEXION	\N	\N	\N	\N	\N	56	\N	\N
1115	2026-06-25 22:06:44.482434	Connexion réussie — rôle: Administrateur	\N	\N	CONNEXION	\N	\N	\N	\N	\N	56	\N	\N
1116	2026-06-25 22:08:31.047891	Connexion réussie — rôle: Expert Product Audit	\N	\N	CONNEXION	\N	\N	\N	\N	\N	1	\N	\N
1117	2026-06-25 22:15:33.65762	Connexion réussie — rôle: Expert Product Audit	\N	\N	CONNEXION	\N	\N	\N	\N	\N	1	\N	\N
1118	2026-06-25 22:18:18.945559	Connexion réussie — rôle: Auditeur	\N	\N	CONNEXION	\N	\N	\N	\N	\N	2	\N	\N
1119	2026-06-25 22:19:42.706174	Connexion réussie — rôle: Auditeur	\N	\N	CONNEXION	\N	\N	\N	\N	\N	5	\N	\N
1120	2026-06-25 22:19:49.80944	Connexion réussie — rôle: Auditeur	\N	\N	CONNEXION	\N	\N	\N	\N	\N	7	\N	\N
1121	2026-06-25 22:25:15.917465	Connexion réussie — rôle: Auditeur	\N	\N	CONNEXION	\N	\N	\N	\N	\N	5	\N	\N
1122	2026-06-25 22:26:10.921701	Connexion réussie — rôle: Auditeur	\N	\N	CONNEXION	\N	\N	\N	\N	\N	5	\N	\N
1123	2026-06-25 22:27:46.982986	Connexion réussie — rôle: Auditeur	\N	\N	CONNEXION	\N	\N	\N	\N	\N	5	\N	\N
1124	2026-06-25 22:28:02.867911	Session démarrée — Qualification : Test Théorique 16/04/2026 — Tentative #1	\N	\N	SESSION_DEMARREE	\N	\N	\N	\N	\N	5	\N	\N
1125	2026-06-25 22:29:32.48139	Score : 0.0/100 — Qualification : Test Théorique 16/04/2026	\N	0	THEORIQUE_ECHOUE	\N	\N	\N	\N	\N	5	\N	\N
1126	2026-06-25 22:31:09.140628	Connexion réussie — rôle: Auditeur	\N	\N	CONNEXION	\N	\N	\N	\N	\N	5	\N	\N
1127	2026-06-25 22:31:20.422762	Session démarrée — Qualification : Test Théorique 30/04/2026 — Tentative #5	\N	\N	SESSION_DEMARREE	\N	\N	\N	\N	\N	5	\N	\N
1128	2026-06-25 22:32:36.167067	Score : 100.0/100 — Qualification : Test Théorique 30/04/2026	\N	100	THEORIQUE_REUSSI	\N	\N	\N	\N	\N	5	\N	\N
1129	2026-06-25 22:33:02.177353	Connexion réussie — rôle: Expert Product Audit	\N	\N	CONNEXION	\N	\N	\N	\N	\N	1	\N	\N
1130	2026-06-25 22:34:03.514959	Connexion réussie — rôle: Chef de Service	\N	\N	CONNEXION	\N	\N	\N	\N	\N	6	\N	\N
1132	2026-06-25 22:37:25.320728	Connexion réussie — rôle: Expert Product Audit	\N	\N	CONNEXION	\N	\N	\N	\N	\N	1	\N	\N
1134	2026-06-25 22:39:51.270709	Audit démarré : AP-2026-087	\N	\N	AUDIT_DEMARRE	\N	\N	\N	\N	\N	2	\N	\N
1135	2026-06-25 22:40:08.081766	Rapport uploadé pour l'audit : AP-2026-087	\N	\N	AUDIT_RAPPORT_UPLOADE	\N	\N	\N	\N	\N	2	\N	\N
1136	2026-06-25 22:42:33.385623	Audit démarré : AP-2026-089	\N	\N	AUDIT_DEMARRE	\N	\N	\N	\N	\N	2	\N	\N
1131	2026-06-25 22:35:10.605597	Connexion réussie — rôle: Auditeur	\N	\N	CONNEXION	\N	\N	\N	\N	\N	5	\N	\N
1133	2026-06-25 22:39:35.294549	Connexion réussie — rôle: Auditeur	\N	\N	CONNEXION	\N	\N	\N	\N	\N	2	\N	\N
1137	2026-06-25 23:21:13.29355	Connexion réussie — rôle: Administrateur	\N	\N	CONNEXION	\N	\N	\N	\N	\N	56	\N	\N
1138	2026-06-25 23:22:35.428361	Connexion réussie — rôle: Administrateur	\N	\N	CONNEXION	\N	\N	\N	\N	\N	56	\N	\N
1144	2026-06-25 23:24:09.20913	Connexion réussie — rôle: Administrateur	\N	\N	CONNEXION	\N	\N	\N	\N	\N	56	\N	\N
1145	2026-06-25 23:25:00.272832	Connexion réussie — rôle: Expert Product Audit	\N	\N	CONNEXION	\N	\N	\N	\N	\N	1	\N	\N
1146	2026-06-25 23:26:39.449701	Connexion réussie — rôle: Auditeur	\N	\N	CONNEXION	\N	\N	\N	\N	\N	2	\N	\N
1147	2026-06-25 23:26:56.193947	Session démarrée — Qualification : Test Théorique 30/04/2026 — Tentative #7	\N	\N	SESSION_DEMARREE	\N	\N	\N	\N	\N	2	\N	\N
1148	2026-06-25 23:28:09.256056	Score : 95.0/100 — Qualification : Test Théorique 30/04/2026	\N	95	THEORIQUE_REUSSI	\N	\N	\N	\N	\N	2	\N	\N
1149	2026-06-25 23:28:28.868438	Connexion réussie — rôle: Expert Product Audit	\N	\N	CONNEXION	\N	\N	\N	\N	\N	1	\N	\N
1150	2026-06-25 23:29:45.639412	Connexion réussie — rôle: Administrateur	\N	\N	CONNEXION	\N	\N	\N	\N	\N	56	\N	\N
1151	2026-06-25 23:30:38.609175	Connexion réussie — rôle: Administrateur	\N	\N	CONNEXION	\N	\N	\N	\N	\N	56	\N	\N
1152	2026-06-25 23:30:53.297589	Profil modifié par l'administrateur — nom: Arwa — prénom: hamouda — site: Sousse (WTNSO) — plant: BMW 	\N	\N	UTILISATEUR_MODIFIE	\N	62	\N	\N	\N	62	\N	\N
1157	2026-06-25 23:32:15.561336	Connexion réussie — rôle: Administrateur	\N	\N	CONNEXION	\N	\N	\N	\N	\N	56	\N	\N
1158	2026-06-25 23:33:18.207719	Connexion réussie — rôle: Expert Product Audit	\N	\N	CONNEXION	\N	\N	\N	\N	\N	1	\N	\N
1159	2026-06-25 23:35:10.103436	Connexion réussie — rôle: Auditeur	\N	\N	CONNEXION	\N	\N	\N	\N	\N	7	\N	\N
1160	2026-06-25 23:35:24.557826	Connexion réussie — rôle: Auditeur	\N	\N	CONNEXION	\N	\N	\N	\N	\N	4	\N	\N
1161	2026-06-25 23:35:33.9536	Connexion réussie — rôle: Auditeur	\N	\N	CONNEXION	\N	\N	\N	\N	\N	5	\N	\N
1162	2026-06-25 23:35:52.217773	Session démarrée — Qualification : Test Théorique 30/04/2026 — Tentative #6	\N	\N	SESSION_DEMARREE	\N	\N	\N	\N	\N	5	\N	\N
1163	2026-06-25 23:37:18.803583	Score : 95.0/100 — Qualification : Test Théorique 30/04/2026	\N	95	THEORIQUE_REUSSI	\N	\N	\N	\N	\N	5	\N	\N
1164	2026-06-25 23:37:43.474211	Connexion réussie — rôle: Expert Product Audit	\N	\N	CONNEXION	\N	\N	\N	\N	\N	1	\N	\N
1165	2026-06-25 23:41:42.870923	Connexion réussie — rôle: Administrateur	\N	\N	CONNEXION	\N	\N	\N	\N	\N	56	\N	\N
1166	2026-06-25 23:46:12.361926	Connexion réussie — rôle: Administrateur	\N	\N	CONNEXION	\N	\N	\N	\N	\N	56	\N	\N
1167	2026-06-26 00:41:52.674867	Connexion réussie — rôle: Administrateur	\N	\N	CONNEXION	\N	\N	\N	\N	\N	56	\N	\N
1168	2026-06-26 00:42:43.368527	Connexion réussie — rôle: Administrateur	\N	\N	CONNEXION	\N	\N	\N	\N	\N	56	\N	\N
1169	2026-06-26 00:44:40.847158	Connexion réussie — rôle: Administrateur	\N	\N	CONNEXION	\N	\N	\N	\N	\N	56	\N	\N
1170	2026-06-26 00:44:52.943239	Profil modifié par l'administrateur — nom: Ben salem — prénom: Amel — site: Sousse (WTNSO) — plant: VW — mot de passe modifié	\N	\N	UTILISATEUR_MODIFIE	\N	4	\N	\N	\N	4	\N	\N
1171	2026-06-26 00:45:14.921808	Compte créé par l'administrateur — matricule: 278003 — rôle: Chef de Service — email: youssefhammouda57@gmail.com	\N	\N	UTILISATEUR_CREE	\N	83	\N	\N	\N	83	\N	\N
1172	2026-06-26 00:45:42.693938	Étape 1 complétée — informations personnelles enregistrées	\N	\N	MOT_DE_PASSE_CHANGE	\N	\N	\N	\N	\N	83	\N	\N
1173	2026-06-26 00:45:49.971481	Étape 2 complétée — rôle: Chef de Service — site: Sousse (WTNSO)	\N	\N	UTILISATEUR_MODIFIE	\N	\N	\N	\N	\N	83	\N	\N
1174	2026-06-26 00:45:56.069166	Inscription complète — rôle: Chef de Service — site: Sousse (WTNSO) — plant: BMW 	\N	\N	INSCRIPTION	\N	\N	\N	\N	\N	83	\N	\N
1175	2026-06-26 00:46:49.442122	Connexion réussie — rôle: Expert Product Audit	\N	\N	CONNEXION	\N	\N	\N	\N	\N	1	\N	\N
1176	2026-06-26 00:48:27.858181	Connexion réussie — rôle: Auditeur	\N	\N	CONNEXION	\N	\N	\N	\N	\N	2	\N	\N
1177	2026-06-26 00:48:41.589809	Session démarrée — Qualification : Test Théorique 30/04/2026 — Tentative #8	\N	\N	SESSION_DEMARREE	\N	\N	\N	\N	\N	2	\N	\N
1178	2026-06-26 00:49:55.663358	Score : 90.0/100 — Qualification : Test Théorique 30/04/2026	\N	90	THEORIQUE_REUSSI	\N	\N	\N	\N	\N	2	\N	\N
1179	2026-06-26 00:50:15.915337	Connexion réussie — rôle: Expert Product Audit	\N	\N	CONNEXION	\N	\N	\N	\N	\N	1	\N	\N
1180	2026-06-26 00:51:11.44243	Connexion réussie — rôle: Chef de Service	\N	\N	CONNEXION	\N	\N	\N	\N	\N	6	\N	\N
1181	2026-06-26 00:51:51.871491	Connexion réussie — rôle: Auditeur	\N	\N	CONNEXION	\N	\N	\N	\N	\N	2	\N	\N
1182	2026-06-26 00:52:16.274762	Connexion réussie — rôle: Expert Product Audit	\N	\N	CONNEXION	\N	\N	\N	\N	\N	1	\N	\N
1183	2026-06-26 00:53:25.811731	Connexion réussie — rôle: Auditeur	\N	\N	CONNEXION	\N	\N	\N	\N	\N	2	\N	\N
1184	2026-06-26 00:53:37.883775	Audit démarré : AP-2026-088	\N	\N	AUDIT_DEMARRE	\N	\N	\N	\N	\N	2	\N	\N
1185	2026-06-26 00:57:28.751524	Connexion réussie — rôle: Expert Product Audit	\N	\N	CONNEXION	\N	\N	\N	\N	\N	1	\N	\N
1186	2026-06-26 00:57:50.361474	Connexion réussie — rôle: Auditeur	\N	\N	CONNEXION	\N	\N	\N	\N	\N	2	\N	\N
1187	2026-06-26 00:58:32.571256	Connexion réussie — rôle: Expert Product Audit	\N	\N	CONNEXION	\N	\N	\N	\N	\N	1	\N	\N
1188	2026-06-26 00:58:58.164247	Connexion réussie — rôle: Auditeur	\N	\N	CONNEXION	\N	\N	\N	\N	\N	2	\N	\N
1189	2026-06-26 00:59:39.487869	Connexion réussie — rôle: Chef de Service	\N	\N	CONNEXION	\N	\N	\N	\N	\N	6	\N	\N
1190	2026-06-26 01:00:06.053598	Connexion réussie — rôle: Responsable Qualite Centrale	\N	\N	CONNEXION	\N	\N	\N	\N	\N	62	\N	\N
1191	2026-06-26 01:39:01.099311	Connexion réussie — rôle: Expert Product Audit	\N	\N	CONNEXION	\N	\N	\N	\N	\N	1	\N	\N
1192	2026-06-30 10:44:50.772079	Connexion réussie — rôle: Administrateur	\N	\N	CONNEXION	\N	\N	\N	\N	\N	56	\N	\N
1193	2026-06-30 10:46:12.926484	Connexion réussie — rôle: Expert Product Audit	\N	\N	CONNEXION	\N	\N	\N	\N	\N	1	\N	\N
1194	2026-06-30 10:49:03.074693	Connexion réussie — rôle: Auditeur	\N	\N	CONNEXION	\N	\N	\N	\N	\N	2	\N	\N
1195	2026-06-30 12:21:15.220693	Connexion réussie — rôle: Expert Product Audit	\N	\N	CONNEXION	\N	\N	\N	\N	\N	1	\N	\N
1196	2026-07-01 18:38:27.26119	Connexion réussie — rôle: Administrateur	\N	\N	CONNEXION	\N	\N	\N	\N	\N	56	\N	\N
1197	2026-07-01 18:38:44.04904	Connexion réussie — rôle: Expert Product Audit	\N	\N	CONNEXION	\N	\N	\N	\N	\N	71	\N	\N
1198	2026-07-01 20:09:43.994194	Connexion réussie — rôle: Auditeur	\N	\N	CONNEXION	\N	\N	\N	\N	\N	4	\N	\N
1199	2026-07-01 20:21:28.533315	Connexion réussie — rôle: Expert Product Audit	\N	\N	CONNEXION	\N	\N	\N	\N	\N	1	\N	\N
1200	2026-07-01 20:23:46.135377	Connexion réussie — rôle: Auditeur	\N	\N	CONNEXION	\N	\N	\N	\N	\N	2	\N	\N
1201	2026-07-01 20:55:19.281467	Connexion réussie — rôle: Expert Product Audit	\N	\N	CONNEXION	\N	\N	\N	\N	\N	1	\N	\N
1202	2026-07-01 20:56:12.9146	Connexion réussie — rôle: Auditeur	\N	\N	CONNEXION	\N	\N	\N	\N	\N	2	\N	\N
1203	2026-07-01 21:03:10.534552	Connexion réussie — rôle: Auditeur	\N	\N	CONNEXION	\N	\N	\N	\N	\N	2	\N	\N
1204	2026-07-02 18:16:09.987176	Connexion réussie — rôle: Auditeur	\N	\N	CONNEXION	\N	\N	\N	\N	\N	2	\N	\N
1205	2026-07-03 18:27:51.010682	Connexion réussie — rôle: Auditeur	\N	\N	CONNEXION	\N	\N	\N	\N	\N	2	\N	\N
1206	2026-07-03 20:04:34.746354	Connexion réussie — rôle: Expert Product Audit	\N	\N	CONNEXION	\N	\N	\N	\N	\N	1	\N	\N
1207	2026-07-03 20:05:30.301445	Connexion réussie — rôle: Auditeur	\N	\N	CONNEXION	\N	\N	\N	\N	\N	7	\N	\N
1208	2026-07-03 20:18:44.893109	Connexion réussie — rôle: Auditeur	\N	\N	CONNEXION	\N	\N	\N	\N	\N	7	\N	\N
1212	2026-07-03 21:04:03.962524	Connexion réussie — rôle: Expert Product Audit	\N	\N	CONNEXION	\N	\N	\N	\N	\N	1	\N	\N
1213	2026-07-03 21:05:09.577449	Connexion réussie — rôle: Auditeur	\N	\N	CONNEXION	\N	\N	\N	\N	\N	4	\N	\N
1214	2026-07-03 21:05:28.039589	Connexion réussie — rôle: Auditeur	\N	\N	CONNEXION	\N	\N	\N	\N	\N	5	\N	\N
1215	2026-07-04 23:52:59.659247	Connexion réussie — rôle: Auditeur	\N	\N	CONNEXION	\N	\N	\N	\N	\N	5	\N	\N
1216	2026-07-05 00:19:38.490383	Audit démarré : AP-2026-018	\N	\N	AUDIT_DEMARRE	\N	\N	\N	\N	\N	5	\N	\N
1217	2026-07-05 00:24:09.809103	Audit démarré : AP-2026-040	\N	\N	AUDIT_DEMARRE	\N	\N	\N	\N	\N	5	\N	\N
1218	2026-07-05 01:32:15.611467	Audit démarré : AP-2026-044	\N	\N	AUDIT_DEMARRE	\N	\N	\N	\N	\N	5	\N	\N
1219	2026-07-05 01:34:06.842545	Audit démarré : AP-2026-046	\N	\N	AUDIT_DEMARRE	\N	\N	\N	\N	\N	5	\N	\N
1220	2026-07-05 01:37:57.892061	Audit démarré : AP-2026-039	\N	\N	AUDIT_DEMARRE	\N	\N	\N	\N	\N	5	\N	\N
1221	2026-07-07 00:28:44.451596	Connexion réussie — rôle: Chef de Service	\N	\N	CONNEXION	\N	\N	\N	\N	\N	83	\N	\N
1222	2026-07-07 00:28:51.577415	Connexion réussie — rôle: Auditeur	\N	\N	CONNEXION	\N	\N	\N	\N	\N	4	\N	\N
1223	2026-07-07 00:28:57.449711	Audit démarré : AP-2026-048	\N	\N	AUDIT_DEMARRE	\N	\N	\N	\N	\N	4	\N	\N
1224	2026-07-07 00:37:19.182583	Connexion réussie — rôle: Auditeur	\N	\N	CONNEXION	\N	\N	\N	\N	\N	2	\N	\N
1225	2026-07-07 00:38:34.13953	Connexion réussie — rôle: Auditeur	\N	\N	CONNEXION	\N	\N	\N	\N	\N	4	\N	\N
1226	2026-07-07 00:38:47.022663	Audit démarré : AP-2026-054	\N	\N	AUDIT_DEMARRE	\N	\N	\N	\N	\N	4	\N	\N
1227	2026-07-07 00:39:23.159385	Connexion réussie — rôle: Auditeur	\N	\N	CONNEXION	\N	\N	\N	\N	\N	2	\N	\N
1228	2026-07-07 00:39:30.45354	Connexion réussie — rôle: Auditeur	\N	\N	CONNEXION	\N	\N	\N	\N	\N	5	\N	\N
1229	2026-07-07 00:48:58.815018	Connexion réussie — rôle: Auditeur	\N	\N	CONNEXION	\N	\N	\N	\N	\N	4	\N	\N
1230	2026-07-07 12:41:30.315285	Connexion réussie — rôle: Auditeur	\N	\N	CONNEXION	\N	\N	\N	\N	\N	4	\N	8
1231	2026-07-07 12:45:00.158856	Connexion réussie — rôle: Auditeur	\N	\N	CONNEXION	\N	\N	\N	\N	\N	2	\N	7
1235	2026-07-07 13:11:33.136449	Audit modifié par l'auditeur (deadline) — Réf: AP-2026-094	\N	\N	AUDIT_MODIFIE	\N	\N	\N	\N	\N	2	149	7
1236	2026-07-07 13:11:52.623911	Connexion réussie — rôle: Expert Product Audit	\N	\N	CONNEXION	\N	\N	\N	\N	\N	1	\N	7
1237	2026-07-07 13:12:21.062071	Connexion réussie — rôle: Auditeur	\N	\N	CONNEXION	\N	\N	\N	\N	\N	4	\N	8
1238	2026-07-07 13:12:38.191054	Connexion réussie — rôle: Auditeur	\N	\N	CONNEXION	\N	\N	\N	\N	\N	5	\N	8
1239	2026-07-07 13:15:01.755376	Connexion réussie — rôle: Expert Product Audit	\N	\N	CONNEXION	\N	\N	\N	\N	\N	1	\N	7
1240	2026-07-07 13:15:59.378344	Connexion réussie — rôle: Auditeur	\N	\N	CONNEXION	\N	\N	\N	\N	\N	2	\N	7
1241	2026-07-07 13:17:41.488202	Connexion réussie — rôle: Expert Product Audit	\N	\N	CONNEXION	\N	\N	\N	\N	\N	1	\N	7
1242	2026-07-07 13:18:45.740268	Connexion réussie — rôle: Auditeur	\N	\N	CONNEXION	\N	\N	\N	\N	\N	4	\N	8
1243	2026-07-07 13:18:59.721805	Connexion réussie — rôle: Auditeur	\N	\N	CONNEXION	\N	\N	\N	\N	\N	7	\N	7
1244	2026-07-07 13:19:33.984961	Audit réassigné à Auditeur1_ BMW — Réf: AP-2026-038	\N	\N	AUDIT_REASSIGNE	\N	\N	\N	\N	\N	7	69	7
1245	2026-07-07 13:19:39.915156	Connexion réussie — rôle: Auditeur	\N	\N	CONNEXION	\N	\N	\N	\N	\N	2	\N	7
1246	2026-07-07 13:23:41.63514	Connexion réussie — rôle: Auditeur	\N	\N	CONNEXION	\N	\N	\N	\N	\N	7	\N	7
1247	2026-07-07 13:25:33.287373	Connexion réussie — rôle: Auditeur	\N	\N	CONNEXION	\N	\N	\N	\N	\N	2	\N	7
1248	2026-07-07 13:26:26.783707	Connexion réussie — rôle: Expert Product Audit	\N	\N	CONNEXION	\N	\N	\N	\N	\N	1	\N	7
1249	2026-07-07 13:27:21.752052	Connexion réussie — rôle: Chef de Service	\N	\N	CONNEXION	\N	\N	\N	\N	\N	6	\N	7
1250	2026-07-07 13:27:56.944113	Connexion réussie — rôle: Responsable Qualite Centrale	\N	\N	CONNEXION	\N	\N	\N	\N	\N	62	\N	7
1251	2026-07-07 13:29:28.237448	Connexion réussie — rôle: Chef de Service	\N	\N	CONNEXION	\N	\N	\N	\N	\N	6	\N	7
1252	2026-07-07 14:50:47.240073	Connexion réussie — rôle: Expert Product Audit	\N	\N	CONNEXION	\N	\N	\N	\N	\N	1	\N	7
1253	2026-07-07 14:51:14.548265	Connexion réussie — rôle: Auditeur	\N	\N	CONNEXION	\N	\N	\N	\N	\N	2	\N	7
1254	2026-07-07 14:51:51.260448	Connexion réussie — rôle: Chef de Service	\N	\N	CONNEXION	\N	\N	\N	\N	\N	6	\N	7
1255	2026-07-07 14:52:25.882662	Connexion réussie — rôle: Responsable Qualite Centrale	\N	\N	CONNEXION	\N	\N	\N	\N	\N	62	\N	7
1256	2026-07-07 15:25:30.858314	Connexion réussie — rôle: Chef de Service	\N	\N	CONNEXION	\N	\N	\N	\N	\N	6	\N	7
1257	2026-07-07 15:28:46.206183	Connexion réussie — rôle: Responsable Qualite Centrale	\N	\N	CONNEXION	\N	\N	\N	\N	\N	62	\N	7
1258	2026-07-07 15:49:04.628515	Connexion réussie — rôle: Auditeur	\N	\N	CONNEXION	\N	\N	\N	\N	\N	7	\N	7
1259	2026-07-08 01:04:45.748749	Connexion réussie — rôle: Auditeur	\N	\N	CONNEXION	\N	\N	\N	\N	\N	4	\N	8
1260	2026-07-08 01:05:35.820527	Connexion réussie — rôle: Auditeur	\N	\N	CONNEXION	\N	\N	\N	\N	\N	5	\N	8
1261	2026-07-08 01:05:42.68419	Connexion réussie — rôle: Auditeur	\N	\N	CONNEXION	\N	\N	\N	\N	\N	2	\N	7
1262	2026-07-08 01:09:30.147117	Connexion réussie — rôle: Auditeur	\N	\N	CONNEXION	\N	\N	\N	\N	\N	7	\N	7
1263	2026-07-08 01:09:52.416082	Connexion réussie — rôle: Auditeur	\N	\N	CONNEXION	\N	\N	\N	\N	\N	2	\N	7
1264	2026-07-08 12:55:18.536361	Connexion réussie — rôle: Auditeur	\N	\N	CONNEXION	\N	\N	\N	\N	\N	2	\N	7
1265	2026-07-08 12:55:52.591093	Connexion réussie — rôle: Expert Product Audit	\N	\N	CONNEXION	\N	\N	\N	\N	\N	1	\N	7
1266	2026-07-08 12:56:07.797134	Connexion réussie — rôle: Auditeur	\N	\N	CONNEXION	\N	\N	\N	\N	\N	2	\N	7
1267	2026-07-09 18:12:12.199321	Connexion réussie — rôle: Auditeur	\N	\N	CONNEXION	\N	\N	\N	\N	\N	2	\N	7
1268	2026-07-10 18:29:55.945538	Connexion réussie — rôle: Administrateur	\N	\N	CONNEXION	\N	\N	\N	\N	\N	56	\N	\N
1269	2026-07-10 18:32:19.207343	Connexion réussie — rôle: Administrateur	\N	\N	CONNEXION	\N	\N	\N	\N	\N	56	\N	\N
1270	2026-07-10 18:32:31.15899	Connexion réussie — rôle: Expert Product Audit	\N	\N	CONNEXION	\N	\N	\N	\N	\N	1	\N	7
1271	2026-07-11 02:57:33.100653	Connexion réussie — rôle: Auditeur	\N	\N	CONNEXION	\N	\N	\N	\N	\N	7	\N	7
1272	2026-07-11 03:02:16.920091	Connexion réussie — rôle: Auditeur	\N	\N	CONNEXION	\N	\N	\N	\N	\N	2	\N	7
1273	2026-07-11 03:02:24.720914	Audit démarré : AP-2026-095	\N	\N	AUDIT_DEMARRE	\N	\N	\N	\N	\N	2	\N	7
1274	2026-07-11 13:57:59.13172	Connexion réussie — rôle: Auditeur	\N	\N	CONNEXION	\N	\N	\N	\N	\N	2	\N	7
1275	2026-07-11 13:58:46.757693	Audit modifié par l'auditeur (deadline) — Réf: AP-2026-033	\N	\N	AUDIT_MODIFIE	\N	\N	\N	\N	\N	2	64	7
1276	2026-07-11 13:59:04.355602	Audit modifié par l'auditeur (deadline) — Réf: AP-2026-095	\N	\N	AUDIT_MODIFIE	\N	\N	\N	\N	\N	2	150	7
1277	2026-07-11 13:59:29.331813	Audit modifié par l'auditeur (deadline) — Réf: AP-2026-077	\N	\N	AUDIT_MODIFIE	\N	\N	\N	\N	\N	2	130	7
1278	2026-07-13 13:57:23.889442	Connexion réussie — rôle: Responsable Qualite Centrale	\N	\N	CONNEXION	\N	\N	\N	\N	\N	62	\N	7
1279	2026-07-13 15:34:57.175108	Connexion réussie — rôle: Administrateur	\N	\N	CONNEXION	\N	\N	\N	\N	\N	56	\N	\N
1280	2026-07-13 15:54:22.306497	Connexion réussie — rôle: Responsable Qualite Centrale	\N	\N	CONNEXION	\N	\N	\N	\N	\N	62	\N	7
1281	2026-07-13 23:50:24.975845	Connexion réussie — rôle: Responsable Qualite Centrale	\N	\N	CONNEXION	\N	\N	\N	\N	\N	62	\N	7
1282	2026-07-14 00:22:36.110798	Connexion réussie — rôle: Responsable Qualite Centrale	\N	\N	CONNEXION	\N	\N	\N	\N	\N	62	\N	7
1283	2026-07-14 01:36:58.024355	Connexion réussie — rôle: Auditeur	\N	\N	CONNEXION	\N	\N	\N	\N	\N	2	\N	7
1284	2026-07-14 01:41:23.958277	Connexion réussie — rôle: Responsable Qualite Centrale	\N	\N	CONNEXION	\N	\N	\N	\N	\N	62	\N	7
1285	2026-07-14 01:47:51.149653	Connexion réussie — rôle: Chef de Service	\N	\N	CONNEXION	\N	\N	\N	\N	\N	6	\N	7
1286	2026-07-14 10:36:33.013921	Connexion réussie — rôle: Auditeur	\N	\N	CONNEXION	\N	\N	\N	\N	\N	2	\N	7
1287	2026-07-14 10:37:25.878242	Connexion réussie — rôle: Expert Product Audit	\N	\N	CONNEXION	\N	\N	\N	\N	\N	1	\N	7
1288	2026-07-14 11:24:53.098038	Connexion réussie — rôle: Auditeur	\N	\N	CONNEXION	\N	\N	\N	\N	\N	2	\N	7
1289	2026-07-14 11:25:04.335058	Connexion réussie — rôle: Auditeur	\N	\N	CONNEXION	\N	\N	\N	\N	\N	4	\N	8
1290	2026-07-14 11:39:49.224469	Connexion réussie — rôle: Auditeur	\N	\N	CONNEXION	\N	\N	\N	\N	\N	4	\N	8
1291	2026-07-14 11:41:05.484504	Connexion réussie — rôle: Auditeur	\N	\N	CONNEXION	\N	\N	\N	\N	\N	2	\N	7
1292	2026-07-14 11:41:25.670026	Connexion réussie — rôle: Auditeur	\N	\N	CONNEXION	\N	\N	\N	\N	\N	4	\N	8
1293	2026-07-14 11:46:54.712493	Connexion réussie — rôle: Auditeur	\N	\N	CONNEXION	\N	\N	\N	\N	\N	7	\N	7
1294	2026-07-14 12:54:55.837454	Audit démarré : AP-2026-024	\N	\N	AUDIT_DEMARRE	\N	\N	\N	\N	\N	7	\N	7
1295	2026-07-14 12:55:22.537855	Rapport uploadé pour l'audit : AP-2026-024	\N	\N	AUDIT_RAPPORT_UPLOADE	\N	\N	\N	\N	\N	7	\N	7
\.


--
-- TOC entry 5336 (class 0 OID 49253)
-- Dependencies: 257
-- Data for Name: non_conformite_audit; Type: TABLE DATA; Schema: public; Owner: postgres
--

COPY public.non_conformite_audit (id, action_corrective, code_defaut, date_creation, description, photo_url, points, quantite, total_points, type_defaut, zone, audit_id) FROM stdin;
\.


--
-- TOC entry 5297 (class 0 OID 24693)
-- Dependencies: 218
-- Data for Name: notification; Type: TABLE DATA; Schema: public; Owner: postgres
--

COPY public.notification (id, date_envoye, lu, message, origine, type, utilisateur_id, lue, date_creation, date_lecture, lien_action, priorite, titre, certificat_id, certification_id, destinataire_id, expediteur_id, lien_navigation) FROM stdin;
3	\N	\N	Votre compte a ete desactive. Contactez l'administrateur.	\N	SYSTEME	\N	f	2026-04-10 01:28:52.585606	\N	\N	BASSE	Notification système	\N	\N	56	\N	\N
572	\N	\N	Votre Annexe 4 a été validée par BMW Auditeur2_.	\N	ANNEXE_VALIDEE_AUDITEUR	\N	t	2026-07-07 00:48:49.290903	2026-07-07 00:49:06.46484	/auditeur/audits/79	NORMALE	Annexe validée	\N	\N	4	\N	\N
5	\N	\N	Votre role a ete mis a jour : Auditeur -> Chef de Service. Reconnectez-vous pour acceder a votre nouvel espace.	\N	ROLE_CHANGE	\N	f	2026-04-10 01:29:57.074011	\N	\N	NORMALE	Changement de rôle	\N	\N	6	\N	\N
6	\N	\N	Votre compte a ete desactive. Contactez l'administrateur.	\N	SYSTEME	\N	f	2026-04-10 23:08:32.703973	\N	\N	BASSE	Notification système	\N	\N	5	\N	\N
7	\N	\N	Votre compte a ete active. Vous pouvez maintenant acceder a la plateforme.	\N	SYSTEME	\N	f	2026-04-10 23:10:10.245342	\N	\N	BASSE	Notification système	\N	\N	5	\N	\N
8	\N	\N	Un audit vous a été assigné (réf: AP-2026-001) — Deadline : 2026-04-12 — Planification : Planification_BMW_10/04/2026	\N	AUDIT_ASSIGNE	\N	f	2026-04-10 23:37:27.573581	\N	\N	NORMALE	Nouvel audit assigné	\N	\N	2	\N	\N
9	\N	\N	Un audit vous a été assigné (réf: AP-2026-002) — Deadline : 2026-04-11 — Planification : Planification_BMW_10/04/2026	\N	AUDIT_ASSIGNE	\N	f	2026-04-10 23:37:27.598579	\N	\N	NORMALE	Nouvel audit assigné	\N	\N	5	\N	\N
10	\N	\N	Un audit vous a été assigné (réf: AP-2026-003) — Deadline : 2026-04-11 — Planification : Planification_BMW_10/04/2026	\N	AUDIT_ASSIGNE	\N	f	2026-04-10 23:37:27.619833	\N	\N	NORMALE	Nouvel audit assigné	\N	\N	5	\N	\N
11	\N	\N	Un audit vous a été assigné (réf: AP-2026-004) — Deadline : 2026-04-11 — Planification : Planification_BMW_10/04/2026	\N	AUDIT_ASSIGNE	\N	f	2026-04-10 23:37:27.638745	\N	\N	NORMALE	Nouvel audit assigné	\N	\N	2	\N	\N
24	\N	\N	Les dates de votre audit ont ete mises a jour — Ref: AP-2026-002	\N	INFORMATION	\N	f	2026-04-13 13:40:23.36964	\N	\N	BASSE	Information	\N	\N	5	\N	\N
25	\N	\N	Les dates de votre audit ont ete mises a jour — Ref: AP-2026-002	\N	INFORMATION	\N	f	2026-04-13 13:40:42.619444	\N	\N	BASSE	Information	\N	\N	5	\N	\N
26	\N	\N	Un audit produit a ete modifie et vous a ete reassigne — Ref: AP-2026-003	\N	AUDIT_ASSIGNE	\N	f	2026-04-13 13:41:10.29604	\N	\N	NORMALE	Nouvel audit assigné	\N	\N	2	\N	\N
28	\N	\N	Les dates de votre audit ont ete mises a jour — Ref: AP-2026-002	\N	INFORMATION	\N	f	2026-04-14 01:38:39.766241	\N	\N	BASSE	Information	\N	\N	5	\N	\N
29	\N	\N	L'expert a modifie : deadline — Ref: AP-2026-002	\N	INFORMATION	\N	f	2026-04-14 01:38:39.786892	\N	/auditeur/audits/6	BASSE	Audit modifie	\N	\N	5	\N	\N
30	\N	\N	Les dates de votre audit ont ete mises a jour — Ref: AP-2026-003	\N	INFORMATION	\N	f	2026-04-14 01:52:47.353999	\N	\N	BASSE	Information	\N	\N	2	\N	\N
31	\N	\N	L'expert a modifie : deadline — Ref: AP-2026-003	\N	INFORMATION	\N	f	2026-04-14 01:52:47.376456	\N	/auditeur/audits/7	BASSE	Audit modifie	\N	\N	2	\N	\N
34	\N	\N	L'auditeur a soumis le rapport pour l'audit AP-2026-003 — QK=null (null)	\N	INFORMATION	\N	f	2026-04-14 16:20:06.126136	\N	\N	BASSE	Information	\N	\N	1	\N	\N
35	\N	\N	L'auditeur a soumis le rapport pour l'audit AP-2026-003 — QK=null (null)	\N	INFORMATION	\N	f	2026-04-14 16:23:32.060815	\N	\N	BASSE	Information	\N	\N	1	\N	\N
36	\N	\N	L'auditeur a soumis le rapport pour l'audit AP-2026-003 — QK=null (null)	\N	INFORMATION	\N	f	2026-04-14 16:58:25.194312	\N	\N	BASSE	Information	\N	\N	1	\N	\N
37	\N	\N	L'auditeur a soumis le rapport pour l'audit AP-2026-003 — QK=null (null)	\N	INFORMATION	\N	f	2026-04-14 16:59:14.121958	\N	\N	BASSE	Information	\N	\N	1	\N	\N
38	\N	\N	L'auditeur a soumis le rapport pour l'audit AP-2026-003 — QK=null (null)	\N	INFORMATION	\N	f	2026-04-14 16:59:28.515376	\N	\N	BASSE	Information	\N	\N	1	\N	\N
39	\N	\N	L'auditeur a soumis le rapport pour l'audit AP-2026-003 — QK=null (null)	\N	INFORMATION	\N	f	2026-04-14 17:09:34.494978	\N	\N	BASSE	Information	\N	\N	1	\N	\N
40	\N	\N	L'auditeur a soumis le rapport pour l'audit AP-2026-003 — QK=null (null)	\N	INFORMATION	\N	f	2026-04-14 17:09:50.616122	\N	\N	BASSE	Information	\N	\N	1	\N	\N
41	\N	\N	L'auditeur a soumis le rapport pour l'audit AP-2026-003 — QK=null (null)	\N	INFORMATION	\N	f	2026-04-14 17:10:53.693951	\N	\N	BASSE	Information	\N	\N	1	\N	\N
42	\N	\N	L'auditeur a soumis le rapport pour l'audit AP-2026-003 — QK=null (null)	\N	INFORMATION	\N	f	2026-04-14 17:12:03.195095	\N	\N	BASSE	Information	\N	\N	1	\N	\N
43	\N	\N	L'audit AP-2026-003 — QK = 0.5 (ORANGE). Action requise.	\N	INFORMATION	\N	f	2026-04-14 17:12:33.320648	\N	\N	BASSE	Information	\N	\N	1	\N	\N
44	\N	\N	L'auditeur a soumis le rapport pour l'audit AP-2026-003 — QK=0.5 (ORANGE)	\N	INFORMATION	\N	f	2026-04-14 17:19:34.332105	\N	\N	BASSE	Information	\N	\N	1	\N	\N
45	\N	\N	L'audit AP-2026-003 — QK = 0.5 (ORANGE). Action requise.	\N	INFORMATION	\N	f	2026-04-14 17:19:38.246842	\N	\N	BASSE	Information	\N	\N	1	\N	\N
46	\N	\N	L'auditeur a soumis le rapport pour l'audit AP-2026-003 — QK=0.5 (ORANGE)	\N	INFORMATION	\N	f	2026-04-14 17:19:52.752659	\N	\N	BASSE	Information	\N	\N	1	\N	\N
47	\N	\N	L'auditeur a soumis le rapport pour l'audit AP-2026-003 — QK=0.5 (ORANGE)	\N	INFORMATION	\N	f	2026-04-14 17:20:03.861775	\N	\N	BASSE	Information	\N	\N	1	\N	\N
48	\N	\N	L'auditeur a soumis le rapport pour l'audit AP-2026-003 — QK=0.0 (VERT)	\N	INFORMATION	\N	f	2026-04-14 17:39:00.061872	\N	\N	BASSE	Information	\N	\N	1	\N	\N
49	\N	\N	L'auditeur a soumis le rapport pour l'audit AP-2026-003 — QK=0.0 (VERT)	\N	INFORMATION	\N	f	2026-04-14 20:01:23.101144	\N	\N	BASSE	Information	\N	\N	1	\N	\N
50	\N	\N	L'auditeur a soumis le rapport pour l'audit AP-2026-003 — QK=0.0 (VERT)	\N	INFORMATION	\N	f	2026-04-14 20:13:23.758523	\N	\N	BASSE	Information	\N	\N	1	\N	\N
51	\N	\N	L'auditeur a soumis le rapport pour l'audit AP-2026-003 — QK=0.0 (VERT)	\N	INFORMATION	\N	f	2026-04-14 20:23:39.547654	\N	\N	BASSE	Information	\N	\N	1	\N	\N
52	\N	\N	L'auditeur a soumis le rapport pour l'audit AP-2026-003 — QK=0.0 (VERT)	\N	INFORMATION	\N	f	2026-04-14 20:32:54.871153	\N	\N	BASSE	Information	\N	\N	1	\N	\N
53	\N	\N	L'auditeur a soumis le rapport pour l'audit AP-2026-003 — QK=0.0 (VERT)	\N	INFORMATION	\N	f	2026-04-14 22:32:46.79292	\N	\N	BASSE	Information	\N	\N	1	\N	\N
54	\N	\N	L'auditeur a soumis le rapport pour l'audit AP-2026-003 — QK=0.0 (VERT)	\N	INFORMATION	\N	f	2026-04-14 22:39:21.171629	\N	\N	BASSE	Information	\N	\N	1	\N	\N
55	\N	\N	L'auditeur a soumis le rapport pour l'audit AP-2026-003 — QK=0.0 (VERT)	\N	INFORMATION	\N	f	2026-04-14 22:58:48.008251	\N	\N	BASSE	Information	\N	\N	1	\N	\N
56	\N	\N	L'auditeur a soumis le rapport pour l'audit AP-2026-003 — QK=0.0 (VERT)	\N	INFORMATION	\N	f	2026-04-14 22:58:53.676124	\N	\N	BASSE	Information	\N	\N	1	\N	\N
57	\N	\N	L'auditeur a soumis le rapport pour l'audit AP-2026-003 — QK=0.0 (VERT)	\N	INFORMATION	\N	f	2026-04-14 23:01:42.330121	\N	\N	BASSE	Information	\N	\N	1	\N	\N
58	\N	\N	L'auditeur a soumis le rapport pour l'audit AP-2026-003 — QK=0.0 (VERT)	\N	INFORMATION	\N	f	2026-04-14 23:02:13.505928	\N	\N	BASSE	Information	\N	\N	1	\N	\N
59	\N	\N	L'auditeur a soumis le rapport pour l'audit AP-2026-003 — QK=0.0 (VERT)	\N	INFORMATION	\N	f	2026-04-14 23:12:10.991764	\N	\N	BASSE	Information	\N	\N	1	\N	\N
60	\N	\N	L'auditeur a soumis le rapport pour l'audit AP-2026-003 — QK=0.0 (VERT)	\N	INFORMATION	\N	f	2026-04-14 23:32:36.274465	\N	\N	BASSE	Information	\N	\N	1	\N	\N
61	\N	\N	L'auditeur a soumis le rapport pour l'audit AP-2026-003 — QK=0.0 (VERT)	\N	INFORMATION	\N	f	2026-04-14 23:34:10.300015	\N	\N	BASSE	Information	\N	\N	1	\N	\N
62	\N	\N	L'auditeur a soumis le rapport pour l'audit AP-2026-003 — QK=0.0 (VERT)	\N	INFORMATION	\N	f	2026-04-14 23:36:49.428536	\N	\N	BASSE	Information	\N	\N	1	\N	\N
63	\N	\N	L'auditeur a soumis le rapport pour l'audit AP-2026-003 — QK=0.0 (VERT)	\N	INFORMATION	\N	f	2026-04-14 23:46:38.048388	\N	\N	BASSE	Information	\N	\N	1	\N	\N
64	\N	\N	L'audit AP-2026-003 — QK = 0.2 (ORANGE). Action requise.	\N	INFORMATION	\N	f	2026-04-14 23:52:26.42244	\N	\N	BASSE	Information	\N	\N	1	\N	\N
65	\N	\N	L'auditeur a soumis le rapport pour l'audit AP-2026-003 — QK=0.2 (ORANGE)	\N	INFORMATION	\N	f	2026-04-14 23:52:41.429407	\N	\N	BASSE	Information	\N	\N	1	\N	\N
66	\N	\N	L'auditeur a soumis le rapport pour l'audit AP-2026-003 — QK=0.2 (ORANGE)	\N	INFORMATION	\N	f	2026-04-14 23:59:58.404877	\N	\N	BASSE	Information	\N	\N	1	\N	\N
67	\N	\N	L'auditeur a soumis le rapport pour l'audit AP-2026-003 — QK=0.0 (VERT)	\N	INFORMATION	\N	f	2026-04-15 00:03:54.05939	\N	\N	BASSE	Information	\N	\N	1	\N	\N
68	\N	\N	L'auditeur a soumis le rapport pour l'audit AP-2026-003 — QK=0.0 (VERT)	\N	INFORMATION	\N	f	2026-04-15 00:05:10.14982	\N	\N	BASSE	Information	\N	\N	1	\N	\N
69	\N	\N	L'auditeur a soumis le rapport pour l'audit AP-2026-003 — QK=0.0 (VERT)	\N	INFORMATION	\N	f	2026-04-15 00:07:39.162661	\N	\N	BASSE	Information	\N	\N	1	\N	\N
70	\N	\N	L'auditeur a soumis le rapport pour l'audit AP-2026-003 — QK=0.0 (VERT)	\N	INFORMATION	\N	f	2026-04-15 00:09:21.925002	\N	\N	BASSE	Information	\N	\N	1	\N	\N
71	\N	\N	L'auditeur a soumis le rapport pour l'audit AP-2026-003 — QK=0.0 (VERT)	\N	INFORMATION	\N	f	2026-04-15 00:19:37.169485	\N	\N	BASSE	Information	\N	\N	1	\N	\N
72	\N	\N	L'auditeur a soumis le rapport pour l'audit AP-2026-003 — QK=0.0 (VERT)	\N	INFORMATION	\N	f	2026-04-15 00:27:16.195358	\N	\N	BASSE	Information	\N	\N	1	\N	\N
73	\N	\N	L'auditeur a soumis le rapport pour l'audit AP-2026-003 — QK=0.0 (VERT)	\N	INFORMATION	\N	f	2026-04-15 00:27:25.66981	\N	\N	BASSE	Information	\N	\N	1	\N	\N
74	\N	\N	L'audit AP-2026-003 — QK = 0.1 (ORANGE). Action requise.	\N	INFORMATION	\N	f	2026-04-15 00:27:32.297441	\N	\N	BASSE	Information	\N	\N	1	\N	\N
75	\N	\N	L'audit AP-2026-003 — QK = 0.1 (ORANGE). Action requise.	\N	INFORMATION	\N	f	2026-04-15 00:27:34.011747	\N	\N	BASSE	Information	\N	\N	1	\N	\N
76	\N	\N	L'auditeur a soumis le rapport pour l'audit AP-2026-003 — QK=0.1 (ORANGE)	\N	INFORMATION	\N	f	2026-04-15 00:31:18.339034	\N	\N	BASSE	Information	\N	\N	1	\N	\N
77	\N	\N	Les dates de votre audit ont ete mises a jour — Ref: AP-2026-002	\N	INFORMATION	\N	f	2026-04-15 00:41:53.388961	\N	\N	BASSE	Information	\N	\N	5	\N	\N
78	\N	\N	L'expert a modifie : deadline — Ref: AP-2026-002	\N	INFORMATION	\N	f	2026-04-15 00:41:53.391963	\N	/auditeur/audits/6	BASSE	Audit modifie	\N	\N	5	\N	\N
79	\N	\N	Les dates de votre audit ont ete mises a jour — Ref: AP-2026-004	\N	INFORMATION	\N	f	2026-04-15 00:42:00.709369	\N	\N	BASSE	Information	\N	\N	2	\N	\N
80	\N	\N	L'expert a modifie : deadline — Ref: AP-2026-004	\N	INFORMATION	\N	f	2026-04-15 00:42:00.711354	\N	/auditeur/audits/8	BASSE	Audit modifie	\N	\N	2	\N	\N
81	\N	\N	Les dates de votre audit ont ete mises a jour — Ref: AP-2026-005	\N	INFORMATION	\N	f	2026-04-15 00:42:09.214338	\N	\N	BASSE	Information	\N	\N	2	\N	\N
83	\N	\N	Un audit règle plate vous a été assigné : audit regle plat_HAMMOUDA zaineb_15-04-2026 (Plant : BMW Sousse). Date prévue : 15-04-2026	\N	AUDIT_ASSIGNE	\N	f	2026-04-15 03:38:50.740017	\N	\N	NORMALE	Nouvel audit assigné	\N	\N	2	\N	\N
84	\N	\N	L'auditeur a soumis le rapport pour l'audit AP-2026-005 — QK=null (null)	\N	INFORMATION	\N	f	2026-04-15 10:53:37.235833	\N	\N	BASSE	Information	\N	\N	1	\N	\N
85	\N	\N	L'auditeur a soumis le rapport pour l'audit AP-2026-005 — QK=null (null)	\N	INFORMATION	\N	f	2026-04-15 10:56:54.422848	\N	\N	BASSE	Information	\N	\N	1	\N	\N
86	\N	\N	L'auditeur a soumis le rapport pour l'audit AP-2026-005 — QK=null (null)	\N	INFORMATION	\N	f	2026-04-15 10:57:39.16915	\N	\N	BASSE	Information	\N	\N	1	\N	\N
88	\N	\N	L'auditeur a soumis le rapport pour l'audit AP-2026-005 — QK=null (null)	\N	INFORMATION	\N	f	2026-04-15 11:01:52.480636	\N	\N	BASSE	Information	\N	\N	1	\N	\N
89	\N	\N	L'auditeur a soumis le rapport pour l'audit AP-2026-005 — QK=null (null)	\N	INFORMATION	\N	f	2026-04-15 11:12:57.529651	\N	\N	BASSE	Information	\N	\N	1	\N	\N
90	\N	\N	L'auditeur a soumis le rapport pour l'audit AP-2026-005 — QK=null (null)	\N	INFORMATION	\N	f	2026-04-15 11:19:51.244964	\N	\N	BASSE	Information	\N	\N	1	\N	\N
91	\N	\N	L'auditeur a soumis le rapport pour l'audit AP-2026-005 — QK=null (null)	\N	INFORMATION	\N	f	2026-04-15 11:21:08.768448	\N	\N	BASSE	Information	\N	\N	1	\N	\N
92	\N	\N	L'auditeur a soumis le rapport pour l'audit AP-2026-005 — QK=null (null)	\N	INFORMATION	\N	f	2026-04-15 11:23:35.644144	\N	\N	BASSE	Information	\N	\N	1	\N	\N
93	\N	\N	L'auditeur a soumis le rapport pour l'audit AP-2026-005 — QK=null (null)	\N	INFORMATION	\N	f	2026-04-15 11:23:38.826774	\N	\N	BASSE	Information	\N	\N	1	\N	\N
94	\N	\N	L'auditeur a soumis le rapport pour l'audit AP-2026-005 — QK=null (null)	\N	INFORMATION	\N	f	2026-04-15 11:28:23.937845	\N	\N	BASSE	Information	\N	\N	1	\N	\N
95	\N	\N	L'auditeur a soumis le rapport pour l'audit AP-2026-005 — QK=null (null)	\N	INFORMATION	\N	f	2026-04-15 11:28:42.90483	\N	\N	BASSE	Information	\N	\N	1	\N	\N
96	\N	\N	L'auditeur a soumis le rapport pour l'audit AP-2026-005 — QK=null (null)	\N	INFORMATION	\N	f	2026-04-15 11:45:38.275314	\N	\N	BASSE	Information	\N	\N	1	\N	\N
97	\N	\N	L'auditeur a soumis le rapport pour l'audit AP-2026-005 — QK=null (null)	\N	INFORMATION	\N	f	2026-04-15 11:47:41.872561	\N	\N	BASSE	Information	\N	\N	1	\N	\N
98	\N	\N	L'auditeur a soumis le rapport pour l'audit AP-2026-005 — QK=null (null)	\N	INFORMATION	\N	f	2026-04-15 11:50:17.294651	\N	\N	BASSE	Information	\N	\N	1	\N	\N
99	\N	\N	L'auditeur a soumis le rapport pour l'audit AP-2026-005 — QK=null (null)	\N	INFORMATION	\N	f	2026-04-15 11:51:19.73513	\N	\N	BASSE	Information	\N	\N	1	\N	\N
100	\N	\N	L'auditeur a soumis le rapport pour l'audit AP-2026-005 — QK=null (null)	\N	INFORMATION	\N	f	2026-04-15 11:51:36.032994	\N	\N	BASSE	Information	\N	\N	1	\N	\N
101	\N	\N	L'auditeur a soumis le rapport pour l'audit AP-2026-005 — QK=null (null)	\N	INFORMATION	\N	f	2026-04-15 11:54:32.462234	\N	\N	BASSE	Information	\N	\N	1	\N	\N
102	\N	\N	L'auditeur a soumis le rapport pour l'audit AP-2026-005 — QK=null (null)	\N	INFORMATION	\N	f	2026-04-15 11:58:46.815778	\N	\N	BASSE	Information	\N	\N	1	\N	\N
103	\N	\N	L'auditeur a soumis le rapport pour l'audit AP-2026-005 — QK=null (null)	\N	INFORMATION	\N	f	2026-04-15 11:59:19.268306	\N	\N	BASSE	Information	\N	\N	1	\N	\N
104	\N	\N	L'auditeur a soumis le rapport pour l'audit AP-2026-005 — QK=null (null)	\N	INFORMATION	\N	f	2026-04-15 11:59:32.682827	\N	\N	BASSE	Information	\N	\N	1	\N	\N
105	\N	\N	L'auditeur a soumis le rapport pour l'audit AP-2026-005 — QK=null (null)	\N	INFORMATION	\N	f	2026-04-15 12:03:39.478505	\N	\N	BASSE	Information	\N	\N	1	\N	\N
106	\N	\N	L'auditeur a soumis le rapport pour l'audit AP-2026-005 — QK=null (null)	\N	INFORMATION	\N	f	2026-04-15 12:06:04.516332	\N	\N	BASSE	Information	\N	\N	1	\N	\N
107	\N	\N	L'auditeur a soumis le rapport pour l'audit AP-2026-005 — QK=null (null)	\N	INFORMATION	\N	f	2026-04-15 13:14:53.737549	\N	\N	BASSE	Information	\N	\N	1	\N	\N
108	\N	\N	L'auditeur a soumis le rapport pour l'audit AP-2026-005 — QK=null (null)	\N	INFORMATION	\N	f	2026-04-15 13:19:00.608244	\N	\N	BASSE	Information	\N	\N	1	\N	\N
109	\N	\N	L'auditeur a soumis le rapport pour l'audit AP-2026-005 — QK=null (null)	\N	INFORMATION	\N	f	2026-04-15 13:23:21.850824	\N	\N	BASSE	Information	\N	\N	1	\N	\N
110	\N	\N	L'auditeur a soumis le rapport pour l'audit AP-2026-005 — QK=null (null)	\N	INFORMATION	\N	f	2026-04-15 13:28:29.924396	\N	\N	BASSE	Information	\N	\N	1	\N	\N
111	\N	\N	L'auditeur a soumis le rapport pour l'audit AP-2026-005 — QK=null (null)	\N	INFORMATION	\N	f	2026-04-15 13:36:34.320584	\N	\N	BASSE	Information	\N	\N	1	\N	\N
112	\N	\N	L'auditeur a soumis le rapport pour l'audit AP-2026-005 — QK=null (null)	\N	INFORMATION	\N	f	2026-04-15 13:36:40.957253	\N	\N	BASSE	Information	\N	\N	1	\N	\N
113	\N	\N	L'auditeur a soumis le rapport pour l'audit AP-2026-005 — QK=null (null)	\N	INFORMATION	\N	f	2026-04-15 13:46:43.645339	\N	\N	BASSE	Information	\N	\N	1	\N	\N
114	\N	\N	L'auditeur a soumis le rapport pour l'audit AP-2026-005 — QK=null (null)	\N	INFORMATION	\N	f	2026-04-15 13:47:18.418537	\N	\N	BASSE	Information	\N	\N	1	\N	\N
115	\N	\N	L'auditeur a soumis le rapport pour l'audit AP-2026-005 — QK=null (null)	\N	INFORMATION	\N	f	2026-04-15 13:47:27.612074	\N	\N	BASSE	Information	\N	\N	1	\N	\N
116	\N	\N	L'auditeur a soumis le rapport pour l'audit AP-2026-005 — QK=null (null)	\N	INFORMATION	\N	f	2026-04-15 13:50:53.30855	\N	\N	BASSE	Information	\N	\N	1	\N	\N
117	\N	\N	L'auditeur a soumis le rapport pour l'audit AP-2026-005 — QK=null (null)	\N	INFORMATION	\N	f	2026-04-15 13:51:06.869125	\N	\N	BASSE	Information	\N	\N	1	\N	\N
118	\N	\N	L'auditeur a soumis le rapport pour l'audit AP-2026-005 — QK=null (null)	\N	INFORMATION	\N	f	2026-04-15 13:57:37.990917	\N	\N	BASSE	Information	\N	\N	1	\N	\N
119	\N	\N	L'auditeur a soumis le rapport pour l'audit AP-2026-004 — QK=null (null)	\N	INFORMATION	\N	f	2026-04-15 13:58:29.12756	\N	\N	BASSE	Information	\N	\N	1	\N	\N
120	\N	\N	L'auditeur a soumis le rapport pour l'audit AP-2026-004 — QK=null (null)	\N	INFORMATION	\N	f	2026-04-15 14:17:14.28709	\N	\N	BASSE	Information	\N	\N	1	\N	\N
121	\N	\N	L'auditeur a soumis le rapport pour l'audit AP-2026-004 — QK=null (null)	\N	INFORMATION	\N	f	2026-04-15 14:41:18.85915	\N	\N	BASSE	Information	\N	\N	1	\N	\N
122	\N	\N	L'auditeur a soumis le rapport pour l'audit AP-2026-004 — QK=null (null)	\N	INFORMATION	\N	f	2026-04-15 14:45:55.181357	\N	\N	BASSE	Information	\N	\N	1	\N	\N
123	\N	\N	L'auditeur a soumis le rapport pour l'audit AP-2026-004 — QK=null (null)	\N	INFORMATION	\N	f	2026-04-15 14:46:37.518358	\N	\N	BASSE	Information	\N	\N	1	\N	\N
124	\N	\N	L'auditeur a soumis le rapport pour l'audit AP-2026-004 — QK=null (null)	\N	INFORMATION	\N	f	2026-04-15 14:55:53.179239	\N	\N	BASSE	Information	\N	\N	1	\N	\N
125	\N	\N	Test théorique échoué (0/20 = 0%, seuil 75%). Accès bloqué 6 mois.	\N	CERTIF_BLOQUE	\N	f	2026-04-16 11:33:39.990903	\N	\N	HAUTE	Certification bloquée	\N	\N	4	\N	\N
126	\N	\N	Audit règle plate assigné : audit regle plat_HAMMOUDA zaineb_16-04-2026 | Plant : BMW Sousse | Prochain contrôle : 16-07-2026	\N	AUDIT_ASSIGNE	\N	f	2026-04-16 13:34:09.110116	\N	\N	NORMALE	Nouvel audit assigné	\N	\N	2	\N	\N
127	\N	\N	Audit magasin export assigné : audit export_HAMMOUDA zaineb_16-04-2026 | Salle : LTN01 | Semaine : 13	\N	AUDIT_ASSIGNE	\N	f	2026-04-16 14:22:01.784033	\N	\N	NORMALE	Nouvel audit assigné	\N	\N	2	\N	\N
128	\N	\N	HAMMOUDA zaineb a importé le rapport de : audit export_HAMMOUDA zaineb_16-04-2026	\N	AUDIT_TERMINE_NOTIF	\N	f	2026-04-16 14:23:37.922195	\N	\N	BASSE	Audit terminé	\N	\N	1	\N	\N
130	\N	\N	Une nouvelle qualification est disponible. Votre passage précédent (Qualification 16/04/2026) a été annulé. Commencez la nouvelle qualification.	\N	INFORMATION	\N	f	2026-04-16 14:58:39.473956	\N	\N	BASSE	Information	\N	\N	5	\N	\N
131	\N	\N	Une nouvelle qualification est disponible. Votre passage précédent (Qualification 16/04/2026) a été annulé. Commencez la nouvelle qualification.	\N	INFORMATION	\N	f	2026-04-16 14:58:39.495622	\N	\N	BASSE	Information	\N	\N	4	\N	\N
132	\N	\N	Test théorique réussi (20/20 = 100%, seuil 75%). Passez au test pratique.	\N	CERTIF_TEST_REUSSI	\N	f	2026-04-16 15:05:30.211019	\N	\N	NORMALE	Examen théorique réussi	\N	\N	2	\N	\N
138	\N	\N	HAMMOUDA zaineb a terminé : audit regle plat_HAMMOUDA zaineb_16-04-2026	\N	AUDIT_TERMINE_NOTIF	\N	f	2026-04-16 15:54:29.226026	\N	\N	BASSE	Audit terminé	\N	\N	1	\N	\N
141	\N	\N	HAMMOUDA zaineb a terminé : audit regle plat_HAMMOUDA zaineb_15-04-2026	\N	AUDIT_TERMINE_NOTIF	\N	f	2026-04-16 16:43:27.817889	\N	\N	BASSE	Audit terminé	\N	\N	1	\N	\N
142	\N	\N	Votre compte a ete desactive. Contactez l'administrateur.	\N	SYSTEME	\N	f	2026-04-19 15:35:19.662913	\N	\N	BASSE	Notification système	\N	\N	7	\N	\N
143	\N	\N	Qualification — Test théorique réussi (19/20 = 95%, seuil 75%). Passez au test pratique.	\N	CERTIF_TEST_REUSSI	\N	f	2026-04-23 12:31:39.464067	\N	\N	NORMALE	Examen théorique réussi	\N	\N	4	\N	\N
145	\N	\N	✅ Votre rapport pratique a été validé par l'expert ! Votre certificat est en cours de préparation.	\N	CERTIF_PRATIQUE_REUSSI	\N	f	2026-04-23 12:33:08.887139	\N	\N	NORMALE	Test pratique réussi	\N	\N	4	\N	\N
146	\N	\N	Un audit vous a été assigné (réf: AP-2026-006) — Deadline : 2026-04-30 — Planification : Planification_VW_27/04/2026	\N	AUDIT_ASSIGNE	\N	f	2026-04-27 19:18:11.529622	\N	\N	NORMALE	Nouvel audit assigné	\N	\N	4	\N	\N
147	\N	\N	Un audit vous a été assigné (réf: AP-2026-007) — Deadline : 2026-04-30 — Planification : Planification_VW_27/04/2026	\N	AUDIT_ASSIGNE	\N	f	2026-04-27 19:18:18.884904	\N	\N	NORMALE	Nouvel audit assigné	\N	\N	4	\N	\N
148	\N	\N	Un audit vous a été assigné (réf: AP-2026-008) — Deadline : 2026-04-30 — Planification : Planification_VW_27/04/2026	\N	AUDIT_ASSIGNE	\N	f	2026-04-27 19:18:20.693527	\N	\N	NORMALE	Nouvel audit assigné	\N	\N	4	\N	\N
149	\N	\N	Un audit vous a été assigné (réf: AP-2026-009) — Deadline : 2026-04-30 — Planification : Planification_VW_27/04/2026	\N	AUDIT_ASSIGNE	\N	f	2026-04-27 19:18:21.835392	\N	\N	NORMALE	Nouvel audit assigné	\N	\N	4	\N	\N
150	\N	\N	Un audit vous a été assigné (réf: AP-2026-010) — Deadline : 2026-04-30 — Planification : Planification_VW_27/04/2026	\N	AUDIT_ASSIGNE	\N	f	2026-04-27 19:18:23.489882	\N	\N	NORMALE	Nouvel audit assigné	\N	\N	4	\N	\N
151	\N	\N	Un audit vous a été assigné (réf: AP-2026-011) — Deadline : 2026-04-30 — Planification : Planification_VW_27/04/2026	\N	AUDIT_ASSIGNE	\N	f	2026-04-27 19:18:25.651072	\N	\N	NORMALE	Nouvel audit assigné	\N	\N	4	\N	\N
152	\N	\N	Audit magasin export assigné : audit export_HAMMOUDA zaineb_28-04-2026 | Salle : LTN01 | Semaine : KV13	\N	AUDIT_ASSIGNE	\N	f	2026-04-28 01:04:59.92838	\N	\N	NORMALE	Nouvel audit assigné	\N	\N	2	\N	\N
358	\N	\N	Rapport soumis — AP-2026-008 — QK=0.6 (VERT)	\N	INFORMATION	\N	f	2026-05-09 01:59:08.442844	\N	\N	BASSE	Information	\N	\N	1	\N	\N
153	\N	\N	Audit règle plate assigné : audit regle plat_HAMMOUDA zaineb_28-04-2026 | Plant : BMW  | Prochain contrôle : 28-07-2026	\N	AUDIT_ASSIGNE	\N	f	2026-04-28 01:05:15.835562	\N	\N	NORMALE	Nouvel audit assigné	\N	\N	2	\N	\N
154	\N	\N	Qualification — Test théorique réussi (19/20 = 95%, seuil 75%). Passez au test pratique.	\N	CERTIF_TEST_REUSSI	\N	f	2026-04-28 01:16:23.54759	\N	\N	NORMALE	Examen théorique réussi	\N	\N	2	\N	\N
156	\N	\N	✅ Votre rapport pratique a été validé par l'expert ! Votre certificat est en cours de préparation.	\N	CERTIF_PRATIQUE_REUSSI	\N	f	2026-04-28 01:25:36.370128	\N	\N	NORMALE	Test pratique réussi	\N	\N	2	\N	\N
157	\N	\N	Qualification — Test théorique réussi (20/20 = 100%, seuil 80%). Passez au test pratique.	\N	CERTIF_TEST_REUSSI	\N	f	2026-04-28 11:40:00.670662	\N	\N	NORMALE	Examen théorique réussi	\N	\N	2	\N	\N
158	\N	\N	Nouveau rapport pratique à noter : Hammouda zaineb (278002) · Qualification Audi 28/04/2026	\N	CERTIF_PRATIQUE_PRET	\N	f	2026-04-28 11:43:44.499563	\N	\N	NORMALE	Test pratique disponible	\N	\N	1	\N	\N
159	\N	\N	✅ Votre rapport pratique a été validé par l'expert ! Votre certificat est en cours de préparation.	\N	CERTIF_PRATIQUE_REUSSI	\N	f	2026-04-28 11:44:12.340165	\N	\N	NORMALE	Test pratique réussi	\N	\N	2	\N	\N
160	\N	\N	HAMMOUDA zaineb a importé le rapport de : audit export_HAMMOUDA zaineb_16-04-2026	\N	AUDIT_TERMINE_NOTIF	\N	f	2026-04-28 12:24:59.25099	\N	\N	BASSE	Audit terminé	\N	\N	1	\N	\N
161	\N	\N	Votre compte a ete active. Vous pouvez maintenant acceder a la plateforme.	\N	SYSTEME	\N	f	2026-04-28 12:44:02.466564	\N	\N	BASSE	Notification système	\N	\N	7	\N	\N
162	\N	\N	Test théorique échoué (9/20 = 45%, seuil 75%). Accès bloqué 6 mois.	\N	CERTIF_BLOQUE	\N	f	2026-04-28 12:44:46.163513	\N	\N	HAUTE	Certification bloquée	\N	\N	7	\N	\N
163	\N	\N	Votre blocage sur la qualification « Qualification 16/04/2026 » a été levé. Vous pouvez reprendre l'examen dès maintenant.	\N	CERTIF_DEBLOQUE	\N	f	2026-04-29 01:45:48.635644	\N	/auditeur/certification	NORMALE	Votre blocage a été levé	\N	5	7	\N	\N
164	\N	\N	Déblocage manuel — Mohamed  Mohamed (278007) · Qualification : Qualification 16/04/2026 · Date : 2026-04-29 · Cause : l'auditeur trvailler bien	\N	CERTIF_DEBLOQUE	\N	f	2026-04-29 01:45:48.655592	\N	\N	NORMALE	Certification débloquée	\N	\N	21	\N	\N
165	\N	\N	Déblocage manuel — Mohamed  Mohamed (278007) · Qualification : Qualification 16/04/2026 · Date : 2026-04-29 · Cause : l'auditeur trvailler bien	\N	CERTIF_DEBLOQUE	\N	f	2026-04-29 01:45:48.657768	\N	\N	NORMALE	Certification débloquée	\N	\N	22	\N	\N
167	\N	\N	Déblocage manuel — Mohamed  Mohamed (278007) · Qualification : Qualification 16/04/2026 · Date : 2026-04-29 · Cause : l'auditeur trvailler bien	\N	CERTIF_DEBLOQUE	\N	f	2026-04-29 01:45:48.662687	\N	\N	NORMALE	Certification débloquée	\N	\N	24	\N	\N
168	\N	\N	Déblocage manuel — Mohamed  Mohamed (278007) · Qualification : Qualification 16/04/2026 · Date : 2026-04-29 · Cause : l'auditeur trvailler bien	\N	CERTIF_DEBLOQUE	\N	f	2026-04-29 01:45:48.662687	\N	\N	NORMALE	Certification débloquée	\N	\N	25	\N	\N
169	\N	\N	Déblocage manuel — Mohamed  Mohamed (278007) · Qualification : Qualification 16/04/2026 · Date : 2026-04-29 · Cause : l'auditeur trvailler bien	\N	CERTIF_DEBLOQUE	\N	f	2026-04-29 01:45:48.667296	\N	\N	NORMALE	Certification débloquée	\N	\N	26	\N	\N
170	\N	\N	Déblocage manuel — Mohamed  Mohamed (278007) · Qualification : Qualification 16/04/2026 · Date : 2026-04-29 · Cause : l'auditeur trvailler bien	\N	CERTIF_DEBLOQUE	\N	f	2026-04-29 01:45:48.670648	\N	\N	NORMALE	Certification débloquée	\N	\N	27	\N	\N
171	\N	\N	Déblocage manuel — Mohamed  Mohamed (278007) · Qualification : Qualification 16/04/2026 · Date : 2026-04-29 · Cause : l'auditeur trvailler bien	\N	CERTIF_DEBLOQUE	\N	f	2026-04-29 01:45:48.672668	\N	\N	NORMALE	Certification débloquée	\N	\N	28	\N	\N
172	\N	\N	Déblocage manuel — Mohamed  Mohamed (278007) · Qualification : Qualification 16/04/2026 · Date : 2026-04-29 · Cause : l'auditeur trvailler bien	\N	CERTIF_DEBLOQUE	\N	f	2026-04-29 01:45:48.674677	\N	\N	NORMALE	Certification débloquée	\N	\N	29	\N	\N
173	\N	\N	Déblocage manuel — Mohamed  Mohamed (278007) · Qualification : Qualification 16/04/2026 · Date : 2026-04-29 · Cause : l'auditeur trvailler bien	\N	CERTIF_DEBLOQUE	\N	f	2026-04-29 01:45:48.678697	\N	\N	NORMALE	Certification débloquée	\N	\N	30	\N	\N
174	\N	\N	Déblocage manuel — Mohamed  Mohamed (278007) · Qualification : Qualification 16/04/2026 · Date : 2026-04-29 · Cause : l'auditeur trvailler bien	\N	CERTIF_DEBLOQUE	\N	f	2026-04-29 01:45:48.680708	\N	\N	NORMALE	Certification débloquée	\N	\N	31	\N	\N
175	\N	\N	Déblocage manuel — Mohamed  Mohamed (278007) · Qualification : Qualification 16/04/2026 · Date : 2026-04-29 · Cause : l'auditeur trvailler bien	\N	CERTIF_DEBLOQUE	\N	f	2026-04-29 01:45:48.682718	\N	\N	NORMALE	Certification débloquée	\N	\N	32	\N	\N
176	\N	\N	Déblocage manuel — Mohamed  Mohamed (278007) · Qualification : Qualification 16/04/2026 · Date : 2026-04-29 · Cause : l'auditeur trvailler bien	\N	CERTIF_DEBLOQUE	\N	f	2026-04-29 01:45:48.68473	\N	\N	NORMALE	Certification débloquée	\N	\N	33	\N	\N
177	\N	\N	Déblocage manuel — Mohamed  Mohamed (278007) · Qualification : Qualification 16/04/2026 · Date : 2026-04-29 · Cause : l'auditeur trvailler bien	\N	CERTIF_DEBLOQUE	\N	f	2026-04-29 01:45:48.685737	\N	\N	NORMALE	Certification débloquée	\N	\N	34	\N	\N
178	\N	\N	Déblocage manuel — Mohamed  Mohamed (278007) · Qualification : Qualification 16/04/2026 · Date : 2026-04-29 · Cause : l'auditeur trvailler bien	\N	CERTIF_DEBLOQUE	\N	f	2026-04-29 01:45:48.685737	\N	\N	NORMALE	Certification débloquée	\N	\N	35	\N	\N
179	\N	\N	Déblocage manuel — Mohamed  Mohamed (278007) · Qualification : Qualification 16/04/2026 · Date : 2026-04-29 · Cause : l'auditeur trvailler bien	\N	CERTIF_DEBLOQUE	\N	f	2026-04-29 01:45:48.687748	\N	\N	NORMALE	Certification débloquée	\N	\N	36	\N	\N
180	\N	\N	Déblocage manuel — Mohamed  Mohamed (278007) · Qualification : Qualification 16/04/2026 · Date : 2026-04-29 · Cause : l'auditeur trvailler bien	\N	CERTIF_DEBLOQUE	\N	f	2026-04-29 01:45:48.689756	\N	\N	NORMALE	Certification débloquée	\N	\N	37	\N	\N
181	\N	\N	Déblocage manuel — Mohamed  Mohamed (278007) · Qualification : Qualification 16/04/2026 · Date : 2026-04-29 · Cause : l'auditeur trvailler bien	\N	CERTIF_DEBLOQUE	\N	f	2026-04-29 01:45:48.689756	\N	\N	NORMALE	Certification débloquée	\N	\N	38	\N	\N
182	\N	\N	Déblocage manuel — Mohamed  Mohamed (278007) · Qualification : Qualification 16/04/2026 · Date : 2026-04-29 · Cause : l'auditeur trvailler bien	\N	CERTIF_DEBLOQUE	\N	f	2026-04-29 01:45:48.691763	\N	\N	NORMALE	Certification débloquée	\N	\N	39	\N	\N
183	\N	\N	Déblocage manuel — Mohamed  Mohamed (278007) · Qualification : Qualification 16/04/2026 · Date : 2026-04-29 · Cause : l'auditeur trvailler bien	\N	CERTIF_DEBLOQUE	\N	f	2026-04-29 01:45:48.693789	\N	\N	NORMALE	Certification débloquée	\N	\N	40	\N	\N
218	\N	\N	✅ Certificat validé — Hammouda zaineb est maintenant qualifié pour « Qualification Peugeot 02/05/2026 ».	\N	CERTIF_OBTENUE	\N	f	2026-05-02 19:54:59.507669	\N	\N	NORMALE	Certification obtenue	\N	\N	1	\N	\N
357	\N	\N	Le PDCA pour l'audit AP-2026-008 a été validé.	\N	INFORMATION	\N	f	2026-05-09 01:57:11.899902	\N	\N	BASSE	Information	\N	\N	2	\N	\N
579	\N	\N	L'auditeur Auditeur1_ BMW a modifié : deadline sur l'audit AP-2026-094	\N	INFORMATION	\N	f	2026-07-07 13:11:33.1316	\N	/auditeur/audits/149	BASSE	Audit modifié	\N	\N	7	\N	\N
185	\N	\N	Déblocage manuel — Mohamed  Mohamed (278007) · Qualification : Qualification 16/04/2026 · Date : 2026-04-29 · Cause : l'auditeur trvailler bien	\N	CERTIF_DEBLOQUE	\N	f	2026-04-29 01:45:48.697806	\N	\N	NORMALE	Certification débloquée	\N	\N	6	\N	\N
186	\N	\N	Déblocage manuel — Mohamed  Mohamed (278007) · Qualification : Qualification 16/04/2026 · Date : 2026-04-29 · Cause : l'auditeur trvailler bien	\N	CERTIF_DEBLOQUE	\N	f	2026-04-29 01:45:48.699814	\N	\N	NORMALE	Certification débloquée	\N	\N	59	\N	\N
580	\N	\N	L'auditeur Auditeur1_ BMW a modifié : deadline sur l'audit AP-2026-094	\N	INFORMATION	\N	f	2026-07-07 13:11:33.135472	\N	/auditeur/audits/149	BASSE	Audit modifié	\N	\N	1	\N	\N
188	\N	\N	Qualification — Test théorique réussi (20/20 = 100%, seuil 75%). Passez au test pratique.	\N	CERTIF_TEST_REUSSI	\N	f	2026-04-29 02:00:42.397307	\N	\N	NORMALE	Examen théorique réussi	\N	\N	4	\N	\N
189	\N	\N	Nouveau rapport pratique à noter : Ben salem Amel (278004) · Qualification 16/04/2026	\N	CERTIF_PRATIQUE_PRET	\N	f	2026-04-29 02:00:57.972277	\N	\N	NORMALE	Test pratique disponible	\N	\N	1	\N	\N
190	\N	\N	 Votre rapport pratique a été validé par l'expert ! Score pratique : 87%. Votre certificat est en cours de préparation.	\N	CERTIF_PRATIQUE_REUSSI	\N	f	2026-04-29 02:02:09.467001	\N	\N	NORMALE	Test pratique réussi	\N	\N	4	\N	\N
192	\N	\N	Qualification — Test théorique réussi (20/20 = 100%, seuil 75%). Passez au test pratique.	\N	CERTIF_TEST_REUSSI	\N	f	2026-04-29 15:32:30.273543	\N	\N	NORMALE	Examen théorique réussi	\N	\N	4	\N	\N
193	\N	\N	Nouveau rapport pratique à noter : Ben salem Amel (278004) · Qualification Citroën 28/04/2026	\N	CERTIF_PRATIQUE_PRET	\N	f	2026-04-29 15:33:11.984895	\N	\N	NORMALE	Test pratique disponible	\N	\N	1	\N	\N
194	\N	\N	 Votre rapport pratique a été invalidé par l'expert. Score : 50/100. Accès bloqué 6 mois. Déblocage auto le 2026-10-29.	\N	CERTIF_BLOQUE	\N	f	2026-04-29 15:34:04.226721	\N	\N	HAUTE	Certification bloquée	\N	\N	4	\N	\N
195	\N	\N	Qualification — Test théorique réussi (20/20 = 100%, seuil 90%). Passez au test pratique.	\N	CERTIF_TEST_REUSSI	\N	f	2026-04-30 13:14:53.414494	\N	\N	NORMALE	Examen théorique réussi	\N	\N	4	\N	\N
196	\N	\N	Nouveau rapport pratique à noter : Ben salem Amel (278004) · Qualification BMW 30/04/2026	\N	CERTIF_PRATIQUE_PRET	\N	f	2026-04-30 13:15:06.540752	\N	\N	NORMALE	Test pratique disponible	\N	\N	1	\N	\N
197	\N	\N	La qualification « Qualification BMW 28/04/2026 » a été désactivée par l'expert. Votre passage en cours a été annulé. Si la qualification est réactivée, elle réapparaîtra dans votre liste.	\N	CERTIF_BLOQUE	\N	f	2026-05-01 13:47:47.741256	\N	\N	HAUTE	Certification bloquée	\N	\N	5	\N	\N
198	\N	\N	La qualification « Qualification BMW 28/04/2026 » a été désactivée par l'expert. Votre passage en cours a été annulé. Si la qualification est réactivée, elle réapparaîtra dans votre liste.	\N	CERTIF_BLOQUE	\N	f	2026-05-01 13:47:47.755506	\N	\N	HAUTE	Certification bloquée	\N	\N	2	\N	\N
199	\N	\N	Test théorique réussi (20/20 = 100%, seuil 90%). Passez au test pratique.	\N	CERTIF_TEST_REUSSI	\N	f	2026-05-01 14:58:47.783659	\N	\N	NORMALE	Examen théorique réussi	\N	\N	2	\N	\N
200	\N	\N	Nouveau rapport pratique à noter : Hammouda zaineb (278002) · Qualification BMW 30/04/2026	\N	CERTIF_PRATIQUE_PRET	\N	f	2026-05-01 14:59:32.311275	\N	\N	NORMALE	Test pratique disponible	\N	\N	1	\N	\N
201	\N	\N	Votre rapport pratique a été validé ! Score : 100%. Votre certificat est en cours de préparation.	\N	CERTIF_PRATIQUE_REUSSI	\N	f	2026-05-01 15:18:53.963625	\N	\N	NORMALE	Test pratique réussi	\N	\N	2	\N	\N
202	\N	\N	Le certificat de Hammouda zaineb (278002) — Qualification : Qualification BMW 30/04/2026 — envoyé par l'expert Ben salem Ahmed attend votre validation.	\N	CERTIF_A_SIGNER_CHEF	\N	f	2026-05-01 18:15:45.853378	\N	/chef-service/qualifications	NORMALE	📋 Certificat d'auditeur à valider	\N	38	6	\N	\N
203	\N	\N	Félicitations ! Votre certificat « Qualification BMW 30/04/2026 » a été validé par youssef Ahmed. Vous pouvez télécharger votre certificat.	\N	CERTIF_PDF_DISPONIBLE	\N	f	2026-05-01 18:16:53.623646	\N	/auditeur/certif	NORMALE	🎓 Vous êtes qualifié !	\N	38	2	\N	\N
204	\N	\N	✅ Certificat validé — Hammouda zaineb est maintenant qualifié pour « Qualification BMW 30/04/2026 ».	\N	CERTIF_OBTENUE	\N	f	2026-05-01 18:16:53.627646	\N	\N	NORMALE	Certification obtenue	\N	\N	1	\N	\N
205	\N	\N	Le certificat de Hammouda zaineb (278002) — Qualification : Qualification Audi 28/04/2026 — envoyé par l'expert Ben salem Ahmed attend votre validation.	\N	CERTIF_A_SIGNER_CHEF	\N	f	2026-05-01 19:08:17.841375	\N	/chef-service/qualifications	NORMALE	📋 Certificat d'auditeur à valider	\N	16	6	\N	\N
206	\N	\N	Test théorique réussi (20/20 = 100%, seuil 90%). Passez au test pratique.	\N	CERTIF_TEST_REUSSI	\N	f	2026-05-01 20:21:18.565228	\N	\N	NORMALE	Examen théorique réussi	\N	\N	2	\N	\N
208	\N	\N	Votre rapport pratique a été validé par l'expert ! Score : 99%. Votre certificat est en cours de préparation.	\N	CERTIF_PRATIQUE_REUSSI	\N	f	2026-05-01 20:22:10.281424	\N	\N	NORMALE	Test pratique réussi	\N	\N	2	\N	\N
209	\N	\N	Votre rapport pratique a été validé par l'expert ! Score : 100%. Votre certificat est en cours de préparation.	\N	CERTIF_PRATIQUE_REUSSI	\N	f	2026-05-01 23:39:43.316718	\N	\N	NORMALE	Test pratique réussi	\N	\N	4	\N	\N
584	\N	\N	L'Annexe 4 de l'audit AP-2026-023, remplie par Mohamed  Mohamed, attend votre validation.	\N	ANNEXE_A_VALIDER_AUDITEUR	\N	t	2026-07-08 01:04:42.022271	2026-07-08 01:05:49.774637	/auditeur/validation-annexe/54/4	NORMALE	Annexe à valider	\N	\N	2	\N	\N
210	\N	\N	L'expert a modifie : deadline, segment — Ref: AP-2026-002	\N	INFORMATION	\N	f	2026-05-02 16:52:04.909624	\N	/auditeur/audits/6	BASSE	Audit modifie	\N	\N	5	\N	\N
211	\N	\N	Test théorique réussi (20/20 = 100%, seuil 90%). Passez au test pratique.	\N	CERTIF_TEST_REUSSI	\N	f	2026-05-02 19:39:20.817218	\N	\N	NORMALE	Examen théorique réussi	\N	\N	2	\N	\N
212	\N	\N	Nouveau rapport pratique à noter : Hammouda zaineb (278002) · Qualification Peugeot 02/05/2026	\N	CERTIF_PRATIQUE_PRET	\N	f	2026-05-02 19:39:39.523946	\N	\N	NORMALE	Test pratique disponible	\N	\N	1	\N	\N
213	\N	\N	Test théorique réussi (19/20 = 95%, seuil 90%). Passez au test pratique.	\N	CERTIF_TEST_REUSSI	\N	f	2026-05-02 19:52:23.882754	\N	\N	NORMALE	Examen théorique réussi	\N	\N	4	\N	\N
214	\N	\N	Nouveau rapport pratique à noter : Ben salem Amel (278004) · Qualification Forvia 02/05/2026	\N	CERTIF_PRATIQUE_PRET	\N	f	2026-05-02 19:52:32.025475	\N	\N	NORMALE	Test pratique disponible	\N	\N	1	\N	\N
215	\N	\N	Votre rapport pratique a été validé par l'expert ! Score : 100%. Votre certificat est en cours de préparation.	\N	CERTIF_PRATIQUE_REUSSI	\N	f	2026-05-02 19:53:58.360614	\N	\N	NORMALE	Test pratique réussi	\N	\N	2	\N	\N
216	\N	\N	Le certificat de Hammouda zaineb (278002) — Qualification : Qualification Peugeot 02/05/2026 — envoyé par l'expert Ben salem Ahmed attend votre validation.	\N	CERTIF_A_SIGNER_CHEF	\N	f	2026-05-02 19:54:30.079858	\N	/chef-service/qualifications	NORMALE	📋 Certificat d'auditeur à valider	\N	49	6	\N	\N
217	\N	\N	Félicitations ! Votre certificat « Qualification Peugeot 02/05/2026 » a été validé par youssef Ahmed. Vous pouvez télécharger votre certificat.	\N	CERTIF_PDF_DISPONIBLE	\N	f	2026-05-02 19:54:59.507669	\N	/auditeur/certif	NORMALE	🎓 Vous êtes qualifié !	\N	49	2	\N	\N
586	\N	\N	L'auditeur Auditeur1_ BMW a modifié : deadline sur l'audit AP-2026-033	\N	INFORMATION	\N	f	2026-07-11 13:58:46.723031	\N	/auditeur/audits/64	BASSE	Audit modifié	\N	\N	7	\N	\N
219	\N	\N	Votre rapport pratique a été validé par l'expert ! Score : 98%. Votre certificat est en cours de préparation.	\N	CERTIF_PRATIQUE_REUSSI	\N	f	2026-05-03 01:49:15.129746	\N	\N	NORMALE	Test pratique réussi	\N	\N	4	\N	\N
220	\N	\N	La qualification « Qualification 16/04/2026 » a été désactivée par l'expert. Votre passage en cours a été annulé. Si la qualification est réactivée, elle réapparaîtra dans votre liste.	\N	CERTIF_BLOQUE	\N	f	2026-05-03 02:04:35.742517	\N	\N	HAUTE	Certification bloquée	\N	\N	7	\N	\N
221	\N	\N	La qualification « Qualification 16/04/2026 » a été désactivée par l'expert. Votre passage en cours a été annulé. Si la qualification est réactivée, elle réapparaîtra dans votre liste.	\N	CERTIF_BLOQUE	\N	f	2026-05-03 02:04:35.756699	\N	\N	HAUTE	Certification bloquée	\N	\N	5	\N	\N
222	\N	\N	La qualification « Qualification Audi 28/04/2026 » a été désactivée par l'expert. Votre passage en cours a été annulé. Si la qualification est réactivée, elle réapparaîtra dans votre liste.	\N	CERTIF_BLOQUE	\N	f	2026-05-03 02:07:23.561246	\N	\N	HAUTE	Certification bloquée	\N	\N	7	\N	\N
223	\N	\N	Test théorique réussi (20/20 = 100%, seuil 90%). Passez au test pratique.	\N	CERTIF_TEST_REUSSI	\N	f	2026-05-03 02:09:31.873384	\N	\N	NORMALE	Examen théorique réussi	\N	\N	7	\N	\N
581	\N	\N	L'auditeur Mohamed Mohamed  a modifié : auditeur assigné sur l'audit AP-2026-038	\N	INFORMATION	\N	f	2026-07-07 13:19:33.979088	\N	/auditeur/audits/69	BASSE	Audit modifié	\N	\N	2	\N	\N
225	\N	\N	Votre rapport pratique a été validé par l'expert ! Score : 100%. Votre certificat est en cours de préparation.	\N	CERTIF_PRATIQUE_REUSSI	\N	f	2026-05-03 02:10:10.476472	\N	\N	NORMALE	Test pratique réussi	\N	\N	7	\N	\N
226	\N	\N	Test théorique réussi (20/20 = 100%, seuil 90%). Passez au test pratique.	\N	CERTIF_TEST_REUSSI	\N	f	2026-05-03 12:27:14.882086	\N	\N	NORMALE	Examen théorique réussi	\N	\N	7	\N	\N
227	\N	\N	Nouveau rapport pratique à noter : Mohamed  Mohamed (278007) · Qualification Skoda 03/05/2026	\N	CERTIF_PRATIQUE_PRET	\N	f	2026-05-03 12:27:27.710673	\N	\N	NORMALE	Test pratique disponible	\N	\N	1	\N	\N
228	\N	\N	Votre rapport pratique a été validé par l'expert ! Score : 100%. Votre certificat est en cours de préparation.	\N	CERTIF_PRATIQUE_REUSSI	\N	f	2026-05-03 12:38:33.067314	\N	\N	NORMALE	Test pratique réussi	\N	\N	7	\N	\N
229	\N	\N	La qualification « Qualification Lamborghini 01/05/2026 » a été désactivée par l'expert. Votre passage en cours a été annulé. Si la qualification est réactivée, elle réapparaîtra dans votre liste.	\N	CERTIF_BLOQUE	\N	f	2026-05-03 13:00:18.192737	\N	\N	HAUTE	Certification bloquée	\N	\N	5	\N	\N
230	\N	\N	Test théorique réussi (20/20 = 100%, seuil 90%). Passez au test pratique.	\N	CERTIF_TEST_REUSSI	\N	f	2026-05-03 13:01:54.07779	\N	\N	NORMALE	Examen théorique réussi	\N	\N	5	\N	\N
231	\N	\N	Nouveau rapport pratique à noter : Amel Amel (278005) · Qualification Skoda 03/05/2026	\N	CERTIF_PRATIQUE_PRET	\N	f	2026-05-03 13:02:00.857953	\N	\N	NORMALE	Test pratique disponible	\N	\N	1	\N	\N
232	\N	\N	Votre rapport pratique a été validé par l'expert ! Score : 100%. Votre certificat est en cours de préparation.	\N	CERTIF_PRATIQUE_REUSSI	\N	f	2026-05-03 13:02:18.30393	\N	\N	NORMALE	Test pratique réussi	\N	\N	5	\N	\N
233	\N	\N	Test théorique réussi (20/20 = 100%, seuil 90%). Passez au test pratique.	\N	CERTIF_TEST_REUSSI	\N	f	2026-05-03 13:09:39.221175	\N	\N	NORMALE	Examen théorique réussi	\N	\N	4	\N	\N
582	\N	\N	L'auditeur Mohamed Mohamed  a modifié : auditeur assigné sur l'audit AP-2026-038	\N	INFORMATION	\N	f	2026-07-07 13:19:33.981955	\N	/auditeur/audits/69	BASSE	Audit modifié	\N	\N	1	\N	\N
583	\N	\N	L'audit AP-2026-038 vous a été réassigné par Mohamed Mohamed 	\N	AUDIT_ASSIGNE	\N	t	2026-07-07 13:19:33.983979	2026-07-07 13:20:05.247914	\N	NORMALE	Nouvel audit assigné	\N	\N	2	\N	\N
235	\N	\N	Votre rapport pratique a été validé par l'expert ! Score : 100%. Votre certificat est en cours de préparation.	\N	CERTIF_PRATIQUE_REUSSI	\N	f	2026-05-03 13:10:40.111709	\N	\N	NORMALE	Test pratique réussi	\N	\N	4	\N	\N
236	\N	\N	Test théorique réussi (20/20 = 100%, seuil 90%). Passez au test pratique.	\N	CERTIF_TEST_REUSSI	\N	f	2026-05-03 13:42:12.528046	\N	\N	NORMALE	Examen théorique réussi	\N	\N	2	\N	\N
585	\N	\N	Votre Annexe 4 a été validée par BMW Auditeur1_.	\N	ANNEXE_VALIDEE_AUDITEUR	\N	f	2026-07-08 01:09:13.50527	\N	/auditeur/audits/54	NORMALE	Annexe validée	\N	\N	7	\N	\N
238	\N	\N	Votre rapport pratique a été validé par l'expert ! Score : 100%. Votre certificat est en cours de préparation.	\N	CERTIF_PRATIQUE_REUSSI	\N	f	2026-05-03 14:03:29.384048	\N	\N	NORMALE	Test pratique réussi	\N	\N	2	\N	\N
239	\N	\N	Test théorique réussi (20/20 = 100%, seuil 90%). Passez au test pratique.	\N	CERTIF_TEST_REUSSI	\N	f	2026-05-03 14:18:28.45836	\N	\N	NORMALE	Examen théorique réussi	\N	\N	2	\N	\N
587	\N	\N	L'auditeur Auditeur1_ BMW a modifié : deadline sur l'audit AP-2026-033	\N	INFORMATION	\N	f	2026-07-11 13:58:46.739449	\N	/auditeur/audits/64	BASSE	Audit modifié	\N	\N	1	\N	\N
241	\N	\N	Votre rapport pratique a été validé par l'expert ! Score : 100%. Votre certificat est en cours de préparation.	\N	CERTIF_PRATIQUE_REUSSI	\N	f	2026-05-03 14:19:02.933843	\N	\N	NORMALE	Test pratique réussi	\N	\N	2	\N	\N
242	\N	\N	Test théorique réussi (20/20 = 100%, seuil 90%). Passez au test pratique.	\N	CERTIF_TEST_REUSSI	\N	f	2026-05-03 14:28:09.512843	\N	\N	NORMALE	Examen théorique réussi	\N	\N	5	\N	\N
243	\N	\N	Nouveau rapport pratique à noter : Amel Amel (278005) · Qualification Mercedes 03/05/2026	\N	CERTIF_PRATIQUE_PRET	\N	f	2026-05-03 14:28:22.733869	\N	\N	NORMALE	Test pratique disponible	\N	\N	1	\N	\N
244	\N	\N	Votre rapport pratique a été validé par l'expert ! Score : 100%. Votre certificat est en cours de préparation.	\N	CERTIF_PRATIQUE_REUSSI	\N	f	2026-05-03 14:28:41.769688	\N	\N	NORMALE	Test pratique réussi	\N	\N	5	\N	\N
245	\N	\N	Test théorique réussi (19/20 = 95%, seuil 90%). Passez au test pratique.	\N	CERTIF_TEST_REUSSI	\N	f	2026-05-03 15:24:05.662881	\N	\N	NORMALE	Examen théorique réussi	\N	\N	4	\N	\N
246	\N	\N	Nouveau rapport pratique à noter : Ben salem Amel (278004) · Qualification Peugeot 02/05/2026	\N	CERTIF_PRATIQUE_PRET	\N	f	2026-05-03 15:24:13.356132	\N	\N	NORMALE	Test pratique disponible	\N	\N	1	\N	\N
247	\N	\N	Votre rapport pratique a été validé par l'expert ! Score : 100%. Votre certificat est en cours de préparation.	\N	CERTIF_PRATIQUE_REUSSI	\N	f	2026-05-03 15:24:29.832102	\N	\N	NORMALE	Test pratique réussi	\N	\N	4	\N	\N
249	\N	\N	Félicitations ! Votre certificat « Qualification Mercedes 03/05/2026 » a été validé par youssef Ahmed. Vous pouvez télécharger votre certificat.	\N	CERTIF_PDF_DISPONIBLE	\N	f	2026-05-04 00:54:13.518167	\N	/auditeur/certif	NORMALE	🎓 Vous êtes qualifié !	\N	66	2	\N	\N
250	\N	\N	✅ Certificat validé — Hammouda zaineb est maintenant qualifié pour « Qualification Mercedes 03/05/2026 ».	\N	CERTIF_OBTENUE	\N	f	2026-05-04 00:54:13.518167	\N	\N	NORMALE	Certification obtenue	\N	\N	1	\N	\N
251	\N	\N	Test théorique réussi (20/20 = 100%, seuil 90%). Passez au test pratique.	\N	CERTIF_TEST_REUSSI	\N	f	2026-05-04 11:41:44.665828	\N	\N	NORMALE	Examen théorique réussi	\N	\N	5	\N	\N
252	\N	\N	Nouveau rapport pratique à noter : Amel Amel (278005) · Qualification Volkswagen 04/05/2026	\N	CERTIF_PRATIQUE_PRET	\N	f	2026-05-04 11:42:04.180788	\N	\N	NORMALE	Test pratique disponible	\N	\N	1	\N	\N
253	\N	\N	Votre rapport pratique a été validé par l'expert ! Score : 100%. Votre certificat est en cours de préparation.	\N	CERTIF_PRATIQUE_REUSSI	\N	f	2026-05-04 11:42:24.997197	\N	\N	NORMALE	Test pratique réussi	\N	\N	5	\N	\N
254	\N	\N	Un audit vous a été assigné (réf: AP-2026-006) — Deadline : 2026-05-10 — Planification : Planification_BMW_Segment 32_05/05/2026	\N	AUDIT_ASSIGNE	\N	f	2026-05-05 19:35:45.109844	\N	\N	NORMALE	Nouvel audit assigné	\N	\N	5	\N	\N
255	\N	\N	Un audit vous a été assigné (réf: AP-2026-007) — Deadline : 2026-05-10 — Planification : Planification_BMW_Segment 32_05/05/2026	\N	AUDIT_ASSIGNE	\N	f	2026-05-05 19:35:47.657334	\N	\N	NORMALE	Nouvel audit assigné	\N	\N	7	\N	\N
256	\N	\N	Un audit vous a été assigné (réf: AP-2026-008) — Deadline : 2026-05-10 — Planification : Planification_BMW_Segment 32_05/05/2026	\N	AUDIT_ASSIGNE	\N	f	2026-05-05 19:35:49.170664	\N	\N	NORMALE	Nouvel audit assigné	\N	\N	2	\N	\N
257	\N	\N	Un audit vous a été assigné (réf: AP-2026-009) — Deadline : 2026-05-10 — Planification : Planification_BMW_Segment 32_05/05/2026	\N	AUDIT_ASSIGNE	\N	f	2026-05-05 19:35:50.657894	\N	\N	NORMALE	Nouvel audit assigné	\N	\N	5	\N	\N
258	\N	\N	Un audit vous a été assigné (réf: AP-2026-010) — Deadline : 2026-05-10 — Planification : Planification_BMW_Segment 32_05/05/2026	\N	AUDIT_ASSIGNE	\N	f	2026-05-05 19:35:52.133554	\N	\N	NORMALE	Nouvel audit assigné	\N	\N	2	\N	\N
588	\N	\N	L'auditeur Auditeur1_ BMW a modifié : deadline sur l'audit AP-2026-095	\N	INFORMATION	\N	f	2026-07-11 13:59:04.344333	\N	/auditeur/audits/150	BASSE	Audit modifié	\N	\N	7	\N	\N
589	\N	\N	L'auditeur Auditeur1_ BMW a modifié : deadline sur l'audit AP-2026-095	\N	INFORMATION	\N	f	2026-07-11 13:59:04.354099	\N	/auditeur/audits/150	BASSE	Audit modifié	\N	\N	1	\N	\N
261	\N	\N	Test théorique réussi (20/20 = 100%, seuil 90%). Passez au test pratique.	\N	CERTIF_TEST_REUSSI	\N	f	2026-05-06 15:19:48.895464	\N	\N	NORMALE	Examen théorique réussi	\N	\N	5	\N	\N
265	\N	\N	Le destinataire de la fiche de réparation (audit AP-2026-006) a signalé qu'il traite le problème.	\N	INFORMATION	\N	f	2026-05-07 02:34:23.528736	\N	\N	BASSE	Information	\N	\N	5	\N	\N
266	\N	\N	Un audit vous a été assigné (réf: AP-2026-011) — Deadline : 2026-06-07 — Planification : Planification_BMW_Segment 32_07/05/2026	\N	AUDIT_ASSIGNE	\N	f	2026-05-07 23:37:08.89068	\N	\N	NORMALE	Nouvel audit assigné	\N	\N	2	\N	\N
267	\N	\N	Un audit vous a été assigné (réf: AP-2026-012) — Deadline : 2026-06-07 — Planification : Planification_BMW_Segment 32_07/05/2026	\N	AUDIT_ASSIGNE	\N	f	2026-05-07 23:37:12.044901	\N	\N	NORMALE	Nouvel audit assigné	\N	\N	2	\N	\N
268	\N	\N	Un audit vous a été assigné (réf: AP-2026-013) — Deadline : 2026-06-07 — Planification : Planification_BMW_Segment 32_07/05/2026	\N	AUDIT_ASSIGNE	\N	f	2026-05-07 23:37:13.588807	\N	\N	NORMALE	Nouvel audit assigné	\N	\N	2	\N	\N
269	\N	\N	Un audit vous a été assigné (réf: AP-2026-014) — Deadline : 2026-06-07 — Planification : Planification_BMW_Segment 32_07/05/2026	\N	AUDIT_ASSIGNE	\N	f	2026-05-07 23:37:15.012176	\N	\N	NORMALE	Nouvel audit assigné	\N	\N	2	\N	\N
270	\N	\N	Un audit vous a été assigné (réf: AP-2026-015) — Deadline : 2026-06-07 — Planification : Planification_BMW_Segment 32_07/05/2026	\N	AUDIT_ASSIGNE	\N	f	2026-05-07 23:37:17.214574	\N	\N	NORMALE	Nouvel audit assigné	\N	\N	5	\N	\N
271	\N	\N	Un audit vous a été assigné (réf: AP-2026-016) — Deadline : 2026-06-07 — Planification : Planification_BMW_Segment 32_07/05/2026	\N	AUDIT_ASSIGNE	\N	f	2026-05-07 23:37:19.393806	\N	\N	NORMALE	Nouvel audit assigné	\N	\N	5	\N	\N
272	\N	\N	Un audit vous a été assigné (réf: AP-2026-017) — Deadline : 2026-06-07 — Planification : Planification_BMW_Segment 32_07/05/2026	\N	AUDIT_ASSIGNE	\N	f	2026-05-07 23:37:21.672783	\N	\N	NORMALE	Nouvel audit assigné	\N	\N	5	\N	\N
273	\N	\N	Un audit vous a été assigné (réf: AP-2026-018) — Deadline : 2026-06-07 — Planification : Planification_BMW_Segment 32_07/05/2026	\N	AUDIT_ASSIGNE	\N	f	2026-05-07 23:37:23.312038	\N	\N	NORMALE	Nouvel audit assigné	\N	\N	5	\N	\N
274	\N	\N	Un audit vous a été assigné (réf: AP-2026-019) — Deadline : 2026-12-12 — Planification : Planification_BMW_Segment 32_07/05/2026	\N	AUDIT_ASSIGNE	\N	f	2026-05-07 23:37:24.849709	\N	\N	NORMALE	Nouvel audit assigné	\N	\N	5	\N	\N
275	\N	\N	Un audit vous a été assigné (réf: AP-2026-020) — Deadline : 2026-06-07 — Planification : Planification_BMW_Segment 32_07/05/2026	\N	AUDIT_ASSIGNE	\N	f	2026-05-07 23:37:27.07283	\N	\N	NORMALE	Nouvel audit assigné	\N	\N	2	\N	\N
276	\N	\N	Un audit vous a été assigné (réf: AP-2026-021) — Deadline : 2026-06-07 — Planification : Planification_BMW_Segment 32_07/05/2026	\N	AUDIT_ASSIGNE	\N	f	2026-05-07 23:37:28.729068	\N	\N	NORMALE	Nouvel audit assigné	\N	\N	2	\N	\N
277	\N	\N	Un audit vous a été assigné (réf: AP-2026-022) — Deadline : 2026-06-07 — Planification : Planification_BMW_Segment 32_07/05/2026	\N	AUDIT_ASSIGNE	\N	f	2026-05-07 23:37:30.353419	\N	\N	NORMALE	Nouvel audit assigné	\N	\N	7	\N	\N
278	\N	\N	Un audit vous a été assigné (réf: AP-2026-023) — Deadline : 2026-06-07 — Planification : Planification_BMW_Segment 32_07/05/2026	\N	AUDIT_ASSIGNE	\N	f	2026-05-07 23:37:32.179476	\N	\N	NORMALE	Nouvel audit assigné	\N	\N	7	\N	\N
279	\N	\N	Un audit vous a été assigné (réf: AP-2026-024) — Deadline : 2026-06-07 — Planification : Planification_BMW_Segment 32_07/05/2026	\N	AUDIT_ASSIGNE	\N	f	2026-05-07 23:37:33.696318	\N	\N	NORMALE	Nouvel audit assigné	\N	\N	7	\N	\N
280	\N	\N	Un audit vous a été assigné (réf: AP-2026-025) — Deadline : 2026-06-07 — Planification : Planification_BMW_Segment 32_07/05/2026	\N	AUDIT_ASSIGNE	\N	f	2026-05-07 23:37:39.243073	\N	\N	NORMALE	Nouvel audit assigné	\N	\N	7	\N	\N
281	\N	\N	Un audit vous a été assigné (réf: AP-2026-026) — Deadline : 2026-06-07 — Planification : Planification_BMW_Segment 32_07/05/2026	\N	AUDIT_ASSIGNE	\N	f	2026-05-07 23:37:40.963131	\N	\N	NORMALE	Nouvel audit assigné	\N	\N	2	\N	\N
282	\N	\N	Un audit vous a été assigné (réf: AP-2026-027) — Deadline : 2026-06-07 — Planification : Planification_BMW_Segment 32_07/05/2026	\N	AUDIT_ASSIGNE	\N	f	2026-05-07 23:37:42.383028	\N	\N	NORMALE	Nouvel audit assigné	\N	\N	2	\N	\N
283	\N	\N	Un audit vous a été assigné (réf: AP-2026-028) — Deadline : 2026-06-07 — Planification : Planification_BMW_Segment 32_07/05/2026	\N	AUDIT_ASSIGNE	\N	f	2026-05-07 23:37:44.800812	\N	\N	NORMALE	Nouvel audit assigné	\N	\N	2	\N	\N
284	\N	\N	Un audit vous a été assigné (réf: AP-2026-029) — Deadline : 2026-06-07 — Planification : Planification_BMW_Segment 32_07/05/2026	\N	AUDIT_ASSIGNE	\N	f	2026-05-07 23:37:46.325658	\N	\N	NORMALE	Nouvel audit assigné	\N	\N	5	\N	\N
285	\N	\N	Un audit vous a été assigné (réf: AP-2026-030) — Deadline : 2026-06-07 — Planification : Planification_BMW_Segment 32_07/05/2026	\N	AUDIT_ASSIGNE	\N	f	2026-05-07 23:37:47.902264	\N	\N	NORMALE	Nouvel audit assigné	\N	\N	5	\N	\N
286	\N	\N	Un audit vous a été assigné (réf: AP-2026-031) — Deadline : 2026-06-07 — Planification : Planification_BMW_Segment 32_07/05/2026	\N	AUDIT_ASSIGNE	\N	f	2026-05-07 23:37:49.733284	\N	\N	NORMALE	Nouvel audit assigné	\N	\N	2	\N	\N
287	\N	\N	Un audit vous a été assigné (réf: AP-2026-032) — Deadline : 2026-06-07 — Planification : Planification_BMW_Segment 32_07/05/2026	\N	AUDIT_ASSIGNE	\N	f	2026-05-07 23:37:51.647794	\N	\N	NORMALE	Nouvel audit assigné	\N	\N	2	\N	\N
288	\N	\N	Un audit vous a été assigné (réf: AP-2026-033) — Deadline : 2026-06-07 — Planification : Planification_BMW_Segment 32_07/05/2026	\N	AUDIT_ASSIGNE	\N	f	2026-05-07 23:37:54.429922	\N	\N	NORMALE	Nouvel audit assigné	\N	\N	2	\N	\N
289	\N	\N	Un audit vous a été assigné (réf: AP-2026-034) — Deadline : 2026-06-07 — Planification : Planification_BMW_Segment 32_07/05/2026	\N	AUDIT_ASSIGNE	\N	f	2026-05-07 23:37:56.878945	\N	\N	NORMALE	Nouvel audit assigné	\N	\N	7	\N	\N
290	\N	\N	Un audit vous a été assigné (réf: AP-2026-035) — Deadline : 2026-06-07 — Planification : Planification_BMW_Segment 32_07/05/2026	\N	AUDIT_ASSIGNE	\N	f	2026-05-07 23:37:58.555906	\N	\N	NORMALE	Nouvel audit assigné	\N	\N	7	\N	\N
291	\N	\N	Un audit vous a été assigné (réf: AP-2026-036) — Deadline : 2026-06-07 — Planification : Planification_BMW_Segment 32_07/05/2026	\N	AUDIT_ASSIGNE	\N	f	2026-05-07 23:38:00.018109	\N	\N	NORMALE	Nouvel audit assigné	\N	\N	5	\N	\N
292	\N	\N	Un audit vous a été assigné (réf: AP-2026-037) — Deadline : 2026-06-07 — Planification : Planification_BMW_Segment 32_07/05/2026	\N	AUDIT_ASSIGNE	\N	f	2026-05-07 23:38:02.021467	\N	\N	NORMALE	Nouvel audit assigné	\N	\N	5	\N	\N
293	\N	\N	Un audit vous a été assigné (réf: AP-2026-038) — Deadline : 2026-06-07 — Planification : Planification_BMW_Segment 32_07/05/2026	\N	AUDIT_ASSIGNE	\N	f	2026-05-07 23:38:03.732037	\N	\N	NORMALE	Nouvel audit assigné	\N	\N	7	\N	\N
294	\N	\N	Un audit vous a été assigné (réf: AP-2026-039) — Deadline : 2026-06-07 — Planification : Planification_BMW_Segment 32_07/05/2026	\N	AUDIT_ASSIGNE	\N	f	2026-05-07 23:38:05.938735	\N	\N	NORMALE	Nouvel audit assigné	\N	\N	5	\N	\N
295	\N	\N	Un audit vous a été assigné (réf: AP-2026-040) — Deadline : 2026-06-07 — Planification : Planification_BMW_Segment 32_07/05/2026	\N	AUDIT_ASSIGNE	\N	f	2026-05-07 23:38:08.137159	\N	\N	NORMALE	Nouvel audit assigné	\N	\N	5	\N	\N
296	\N	\N	Un audit vous a été assigné (réf: AP-2026-041) — Deadline : 2026-06-07 — Planification : Planification_BMW_Segment 32_07/05/2026	\N	AUDIT_ASSIGNE	\N	f	2026-05-07 23:38:09.6568	\N	\N	NORMALE	Nouvel audit assigné	\N	\N	5	\N	\N
297	\N	\N	Un audit vous a été assigné (réf: AP-2026-042) — Deadline : 2026-06-07 — Planification : Planification_BMW_Segment 32_07/05/2026	\N	AUDIT_ASSIGNE	\N	f	2026-05-07 23:38:11.539748	\N	\N	NORMALE	Nouvel audit assigné	\N	\N	5	\N	\N
298	\N	\N	Un audit vous a été assigné (réf: AP-2026-043) — Deadline : 2026-08-09 — Planification : Planification_BMW_Segment 32_07/05/2026	\N	AUDIT_ASSIGNE	\N	f	2026-05-07 23:38:12.849331	\N	\N	NORMALE	Nouvel audit assigné	\N	\N	5	\N	\N
299	\N	\N	Un audit vous a été assigné (réf: AP-2026-044) — Deadline : 2026-07-19 — Planification : Planification_BMW_Segment 32_07/05/2026	\N	AUDIT_ASSIGNE	\N	f	2026-05-07 23:38:14.130978	\N	\N	NORMALE	Nouvel audit assigné	\N	\N	5	\N	\N
300	\N	\N	Un audit vous a été assigné (réf: AP-2026-045) — Deadline : 2026-05-30 — Planification : Planification_BMW_Segment 32_07/05/2026	\N	AUDIT_ASSIGNE	\N	f	2026-05-07 23:38:15.548738	\N	\N	NORMALE	Nouvel audit assigné	\N	\N	5	\N	\N
301	\N	\N	Un audit vous a été assigné (réf: AP-2026-046) — Deadline : 2026-06-21 — Planification : Planification_BMW_Segment 32_07/05/2026	\N	AUDIT_ASSIGNE	\N	f	2026-05-07 23:38:16.885781	\N	\N	NORMALE	Nouvel audit assigné	\N	\N	5	\N	\N
302	\N	\N	Un audit vous a été assigné (réf: AP-2026-047) — Deadline : 2026-07-07 — Planification : Planification_BMW_Segment 32_07/05/2026	\N	AUDIT_ASSIGNE	\N	f	2026-05-07 23:38:19.139796	\N	\N	NORMALE	Nouvel audit assigné	\N	\N	2	\N	\N
303	\N	\N	Un audit vous a été assigné (réf: AP-2026-048) — Deadline : 2026-06-18 — Planification : Planification_VW_Segment 32_07/05/2026	\N	AUDIT_ASSIGNE	\N	f	2026-05-07 23:51:05.970673	\N	\N	NORMALE	Nouvel audit assigné	\N	\N	4	\N	\N
304	\N	\N	Un audit vous a été assigné (réf: AP-2026-049) — Deadline : 2026-06-11 — Planification : Planification_VW_Segment 32_07/05/2026	\N	AUDIT_ASSIGNE	\N	f	2026-05-07 23:51:07.513999	\N	\N	NORMALE	Nouvel audit assigné	\N	\N	4	\N	\N
305	\N	\N	Un audit vous a été assigné (réf: AP-2026-050) — Deadline : 2026-05-14 — Planification : Planification_VW_Segment 32_07/05/2026	\N	AUDIT_ASSIGNE	\N	f	2026-05-07 23:51:09.030862	\N	\N	NORMALE	Nouvel audit assigné	\N	\N	4	\N	\N
306	\N	\N	Un audit vous a été assigné (réf: AP-2026-051) — Deadline : 2026-05-22 — Planification : Planification_VW_Segment 32_07/05/2026	\N	AUDIT_ASSIGNE	\N	f	2026-05-07 23:51:10.890729	\N	\N	NORMALE	Nouvel audit assigné	\N	\N	4	\N	\N
307	\N	\N	Un audit vous a été assigné (réf: AP-2026-052) — Deadline : 2026-05-30 — Planification : Planification_VW_Segment 32_07/05/2026	\N	AUDIT_ASSIGNE	\N	f	2026-05-07 23:51:12.478609	\N	\N	NORMALE	Nouvel audit assigné	\N	\N	4	\N	\N
308	\N	\N	Un audit vous a été assigné (réf: AP-2026-053) — Deadline : 2026-05-21 — Planification : Planification_VW_Segment 32_07/05/2026	\N	AUDIT_ASSIGNE	\N	f	2026-05-07 23:51:14.10671	\N	\N	NORMALE	Nouvel audit assigné	\N	\N	4	\N	\N
309	\N	\N	Un audit vous a été assigné (réf: AP-2026-054) — Deadline : 2026-05-31 — Planification : Planification_VW_Segment 32_07/05/2026	\N	AUDIT_ASSIGNE	\N	f	2026-05-07 23:51:15.63438	\N	\N	NORMALE	Nouvel audit assigné	\N	\N	4	\N	\N
310	\N	\N	Un audit vous a été assigné (réf: AP-2026-055) — Deadline : 2026-05-30 — Planification : Planification_VW_Segment 32_07/05/2026	\N	AUDIT_ASSIGNE	\N	f	2026-05-07 23:51:17.531199	\N	\N	NORMALE	Nouvel audit assigné	\N	\N	4	\N	\N
311	\N	\N	Un audit vous a été assigné (réf: AP-2026-056) — Deadline : 2026-05-28 — Planification : Planification_VW_Segment 32_07/05/2026	\N	AUDIT_ASSIGNE	\N	f	2026-05-07 23:51:19.433017	\N	\N	NORMALE	Nouvel audit assigné	\N	\N	4	\N	\N
312	\N	\N	Un audit vous a été assigné (réf: AP-2026-057) — Deadline : 2026-05-26 — Planification : Planification_VW_Segment 32_07/05/2026	\N	AUDIT_ASSIGNE	\N	f	2026-05-07 23:51:20.858014	\N	\N	NORMALE	Nouvel audit assigné	\N	\N	4	\N	\N
313	\N	\N	Un audit vous a été assigné (réf: AP-2026-058) — Deadline : 2026-05-25 — Planification : Planification_VW_Segment 32_07/05/2026	\N	AUDIT_ASSIGNE	\N	f	2026-05-07 23:51:22.515938	\N	\N	NORMALE	Nouvel audit assigné	\N	\N	4	\N	\N
314	\N	\N	Un audit vous a été assigné (réf: AP-2026-059) — Deadline : 2026-05-29 — Planification : Planification_VW_Segment 32_07/05/2026	\N	AUDIT_ASSIGNE	\N	f	2026-05-07 23:51:24.196826	\N	\N	NORMALE	Nouvel audit assigné	\N	\N	4	\N	\N
315	\N	\N	Un audit vous a été assigné (réf: AP-2026-060) — Deadline : 2026-05-27 — Planification : Planification_VW_Segment 32_07/05/2026	\N	AUDIT_ASSIGNE	\N	f	2026-05-07 23:51:25.56726	\N	\N	NORMALE	Nouvel audit assigné	\N	\N	4	\N	\N
316	\N	\N	Un audit vous a été assigné (réf: AP-2026-061) — Deadline : 2026-05-28 — Planification : Planification_VW_Segment 32_07/05/2026	\N	AUDIT_ASSIGNE	\N	f	2026-05-07 23:51:26.964722	\N	\N	NORMALE	Nouvel audit assigné	\N	\N	4	\N	\N
317	\N	\N	Un audit vous a été assigné (réf: AP-2026-062) — Deadline : 2026-05-29 — Planification : Planification_VW_Segment 32_07/05/2026	\N	AUDIT_ASSIGNE	\N	f	2026-05-07 23:51:28.325155	\N	\N	NORMALE	Nouvel audit assigné	\N	\N	4	\N	\N
318	\N	\N	Un audit vous a été assigné (réf: AP-2026-063) — Deadline : 2026-05-30 — Planification : Planification_VW_Segment 32_07/05/2026	\N	AUDIT_ASSIGNE	\N	f	2026-05-07 23:51:29.668208	\N	\N	NORMALE	Nouvel audit assigné	\N	\N	4	\N	\N
319	\N	\N	Un audit vous a été assigné (réf: AP-2026-064) — Deadline : 2026-05-31 — Planification : Planification_VW_Segment 32_07/05/2026	\N	AUDIT_ASSIGNE	\N	f	2026-05-07 23:51:31.11525	\N	\N	NORMALE	Nouvel audit assigné	\N	\N	4	\N	\N
320	\N	\N	Un audit vous a été assigné (réf: AP-2026-065) — Deadline : 2026-05-22 — Planification : Planification_VW_Segment 32_07/05/2026	\N	AUDIT_ASSIGNE	\N	f	2026-05-07 23:51:32.440824	\N	\N	NORMALE	Nouvel audit assigné	\N	\N	4	\N	\N
321	\N	\N	Un audit vous a été assigné (réf: AP-2026-066) — Deadline : 2026-05-31 — Planification : Planification_VW_Segment 32_07/05/2026	\N	AUDIT_ASSIGNE	\N	f	2026-05-07 23:51:34.091372	\N	\N	NORMALE	Nouvel audit assigné	\N	\N	4	\N	\N
322	\N	\N	Un audit vous a été assigné (réf: AP-2026-067) — Deadline : 2026-05-29 — Planification : Planification_VW_Segment 32_07/05/2026	\N	AUDIT_ASSIGNE	\N	f	2026-05-07 23:51:35.529705	\N	\N	NORMALE	Nouvel audit assigné	\N	\N	4	\N	\N
323	\N	\N	L'expert a modifie : nature — Ref: AP-2026-061	\N	INFORMATION	\N	f	2026-05-08 00:40:12.41202	\N	/auditeur/audits/92	BASSE	Audit modifie	\N	\N	4	\N	\N
324	\N	\N	L'expert a modifie : nature — Ref: AP-2026-061	\N	INFORMATION	\N	f	2026-05-08 00:40:25.30422	\N	/auditeur/audits/92	BASSE	Audit modifie	\N	\N	4	\N	\N
325	\N	\N	L'expert a modifie : deadline — Ref: AP-2026-034	\N	INFORMATION	\N	f	2026-05-08 00:47:21.458429	\N	/auditeur/audits/65	BASSE	Audit modifie	\N	\N	7	\N	\N
326	\N	\N	Un audit Produit vous a été assigné pour le 2026-05-01 — Réf: AP-20260508-A	\N	AUDIT_ASSIGNE	\N	f	2026-05-08 01:12:40.694158	\N	\N	NORMALE	Nouvel audit assigné	\N	\N	4	\N	\N
590	\N	\N	L'auditeur Auditeur1_ BMW a modifié : deadline sur l'audit AP-2026-077	\N	INFORMATION	\N	f	2026-07-11 13:59:29.319982	\N	/auditeur/audits/130	BASSE	Audit modifié	\N	\N	7	\N	\N
328	\N	\N	⚠️ La série "Golf 8 Porte FA" a été désactivée. L'audit AP-20260508-A (prévu 2026-05-01) doit être reprogrammé. Modifiez le mois depuis le planning.	\N	ALERTE	\N	f	2026-05-08 11:25:57.776452	\N	\N	HAUTE	Alerte	\N	\N	1	\N	\N
591	\N	\N	L'auditeur Auditeur1_ BMW a modifié : deadline sur l'audit AP-2026-077	\N	INFORMATION	\N	f	2026-07-11 13:59:29.328825	\N	/auditeur/audits/130	BASSE	Audit modifié	\N	\N	1	\N	\N
341	\N	\N	Un audit vous a été assigné (réf: AP-2026-068) — Deadline : 2026-05-23 — Planification : Planification_BMW_Segment 32_08/05/2026	\N	AUDIT_ASSIGNE	\N	f	2026-05-08 13:47:20.542388	\N	\N	NORMALE	Nouvel audit assigné	\N	\N	2	\N	\N
342	\N	\N	Un audit vous a été assigné (réf: AP-2026-069) — Deadline : 2026-05-23 — Planification : Planification_BMW_Segment 32_08/05/2026	\N	AUDIT_ASSIGNE	\N	f	2026-05-08 13:47:22.575679	\N	\N	NORMALE	Nouvel audit assigné	\N	\N	5	\N	\N
343	\N	\N	Un audit vous a été assigné (réf: AP-2026-070) — Deadline : 2026-05-23 — Planification : Planification_BMW_Segment 32_08/05/2026	\N	AUDIT_ASSIGNE	\N	f	2026-05-08 13:47:24.54841	\N	\N	NORMALE	Nouvel audit assigné	\N	\N	7	\N	\N
344	\N	\N	Un audit vous a été assigné (réf: AP-2026-071) — Deadline : 2026-05-17 — Planification : Planification_BMW_Segment 32_08/05/2026	\N	AUDIT_ASSIGNE	\N	f	2026-05-08 13:47:26.509575	\N	\N	NORMALE	Nouvel audit assigné	\N	\N	5	\N	\N
345	\N	\N	Un audit vous a été assigné (réf: AP-2026-072) — Deadline : 2026-05-22 — Planification : Planification_BMW_Segment 32_08/05/2026	\N	AUDIT_ASSIGNE	\N	f	2026-05-08 13:47:28.431184	\N	\N	NORMALE	Nouvel audit assigné	\N	\N	2	\N	\N
346	\N	\N	Audit AP-2026-031 — QK = 0.7 (ROSE). Action requise.	\N	INFORMATION	\N	f	2026-05-08 14:01:35.408976	\N	\N	BASSE	Information	\N	\N	1	\N	\N
347	\N	\N	Audit AP-2026-031 — QK = 0.7 (ROSE). Action requise.	\N	INFORMATION	\N	f	2026-05-08 14:02:56.735514	\N	\N	BASSE	Information	\N	\N	1	\N	\N
348	\N	\N	Audit AP-2026-031 — QK = 0.7 (ROSE). Action requise.	\N	INFORMATION	\N	f	2026-05-08 14:07:34.783513	\N	\N	BASSE	Information	\N	\N	1	\N	\N
349	\N	\N	Audit AP-2026-031 — QK = 0.7 (ROSE). Action requise.	\N	INFORMATION	\N	f	2026-05-08 14:08:39.263817	\N	\N	BASSE	Information	\N	\N	1	\N	\N
350	\N	\N	Audit AP-2026-032 — QK = 0.7 (ROSE). Action requise.	\N	INFORMATION	\N	f	2026-05-08 14:35:24.355623	\N	\N	BASSE	Information	\N	\N	1	\N	\N
353	\N	\N	La fiche de réparation pour l'audit AP-2026-008 a été validée par le destinataire externe.	\N	INFORMATION	\N	f	2026-05-08 23:32:01.20047	\N	\N	BASSE	Information	\N	\N	2	\N	\N
592	\N	\N	La fiche de réparation pour l'audit AP-2026-035 a été validée par le destinataire externe.	\N	INFORMATION	\N	f	2026-07-14 12:50:32.814253	\N	\N	BASSE	Information	\N	\N	7	\N	\N
361	\N	\N	Audit magasin export assigné : audit export_HAMMOUDA zaineb_11-05-2026 | Salle : hkdh:eb : | Semaine : hebh	\N	AUDIT_ASSIGNE	\N	f	2026-05-11 14:14:04.533983	\N	\N	NORMALE	Nouvel audit assigné	\N	\N	2	\N	\N
362	\N	\N	L'expert a modifie : deadline — Ref: AP-2026-009	\N	INFORMATION	\N	f	2026-05-11 14:30:09.228559	\N	/auditeur/audits/37	BASSE	Audit modifie	\N	\N	5	\N	\N
364	\N	\N	⚠️ La série "Golf 8 Porte FA" a été désactivée. L'audit AP-20260508-A (prévu 2026-05-01) doit être reprogrammé. Modifiez le mois depuis le planning.	\N	ALERTE	\N	f	2026-05-12 12:04:00.39784	\N	\N	HAUTE	Alerte	\N	\N	1	\N	\N
365	\N	\N	Audit AP-2026-028 — QK = 0.5 (ORANGE). Action requise.	\N	INFORMATION	\N	f	2026-05-12 13:23:54.520253	\N	\N	BASSE	Information	\N	\N	1	\N	\N
366	\N	\N	Audit AP-2026-028 — QK = 0.4 (ORANGE). Action requise.	\N	INFORMATION	\N	f	2026-05-12 13:27:53.84449	\N	\N	BASSE	Information	\N	\N	1	\N	\N
367	\N	\N	Audit AP-2026-028 — QK = 0.4 (ORANGE). Action requise.	\N	INFORMATION	\N	f	2026-05-12 13:28:30.227203	\N	\N	BASSE	Information	\N	\N	1	\N	\N
368	\N	\N	Audit AP-2026-028 — QK = 0.4 (ORANGE). Action requise.	\N	INFORMATION	\N	f	2026-05-12 13:34:09.987815	\N	\N	BASSE	Information	\N	\N	1	\N	\N
369	\N	\N	Audit AP-2026-028 — QK = 0.4 (ORANGE). Action requise.	\N	INFORMATION	\N	f	2026-05-12 14:15:54.89921	\N	\N	BASSE	Information	\N	\N	1	\N	\N
370	\N	\N	Audit AP-2026-028 — QK = 0.4 (ORANGE). Action requise.	\N	INFORMATION	\N	f	2026-05-12 14:16:26.352613	\N	\N	BASSE	Information	\N	\N	1	\N	\N
371	\N	\N	Audit AP-2026-028 — QK = 0.4 (ORANGE). Action requise.	\N	INFORMATION	\N	f	2026-05-12 14:20:10.661822	\N	\N	BASSE	Information	\N	\N	1	\N	\N
372	\N	\N	Audit AP-2026-028 — QK = 0.4 (ORANGE). Action requise.	\N	INFORMATION	\N	f	2026-05-12 14:21:41.655609	\N	\N	BASSE	Information	\N	\N	1	\N	\N
373	\N	\N	Audit AP-2026-028 — QK = 0.4 (ORANGE). Action requise.	\N	INFORMATION	\N	f	2026-05-12 14:22:53.278332	\N	\N	BASSE	Information	\N	\N	1	\N	\N
374	\N	\N	Audit AP-2026-028 — QK = 0.4 (ORANGE). Action requise.	\N	INFORMATION	\N	f	2026-05-12 14:30:53.568381	\N	\N	BASSE	Information	\N	\N	1	\N	\N
375	\N	\N	Audit AP-2026-028 — QK = 0.4 (ORANGE). Action requise.	\N	INFORMATION	\N	f	2026-05-12 14:31:37.598295	\N	\N	BASSE	Information	\N	\N	1	\N	\N
376	\N	\N	L'expert a modifie : deadline — Ref: AP-20260508-A	\N	INFORMATION	\N	f	2026-05-12 21:39:42.674036	\N	/auditeur/audits/101	BASSE	Audit modifie	\N	\N	4	\N	\N
377	\N	\N	Test théorique réussi (20/20 = 100%, seuil 90%). Passez au test pratique.	\N	CERTIF_TEST_REUSSI	\N	f	2026-05-12 22:05:42.102968	\N	\N	NORMALE	Examen théorique réussi	\N	\N	2	\N	\N
378	\N	\N	Une fiche de réparation vous a été assignée pour l'audit AP-2026-028 (QK=0.4).	\N	INFORMATION	\N	f	2026-05-13 00:14:07.477314	\N	\N	BASSE	Information	\N	\N	6	\N	\N
379	\N	\N	La fiche de réparation #13 (audit AP-2026-028) a été validée par Ahmed youssef.	\N	INFORMATION	\N	f	2026-05-13 00:15:23.830451	\N	\N	BASSE	Information	\N	\N	2	\N	\N
380	\N	\N	Audit AP-2026-072 — QK = 0.2 (ORANGE). Action requise.	\N	INFORMATION	\N	f	2026-05-13 01:25:24.797409	\N	\N	BASSE	Information	\N	\N	1	\N	\N
381	\N	\N	Audit AP-2026-072 — QK = 0.2 (ORANGE). Action requise.	\N	INFORMATION	\N	f	2026-05-13 01:25:41.374057	\N	\N	BASSE	Information	\N	\N	1	\N	\N
382	\N	\N	Audit AP-2026-072 — QK = 0.2 (ORANGE). Action requise.	\N	INFORMATION	\N	f	2026-05-13 01:27:08.593334	\N	\N	BASSE	Information	\N	\N	1	\N	\N
383	\N	\N	Audit AP-2026-072 — QK = 0.2 (ORANGE). Action requise.	\N	INFORMATION	\N	f	2026-05-13 01:27:43.162595	\N	\N	BASSE	Information	\N	\N	1	\N	\N
384	\N	\N	Audit AP-2026-072 — QK = 0.2 (ORANGE). Action requise.	\N	INFORMATION	\N	f	2026-05-13 01:31:35.067071	\N	\N	BASSE	Information	\N	\N	1	\N	\N
385	\N	\N	Audit AP-2026-072 — QK = 0.2 (ORANGE). Action requise.	\N	INFORMATION	\N	f	2026-05-13 01:33:38.297148	\N	\N	BASSE	Information	\N	\N	1	\N	\N
386	\N	\N	Audit AP-2026-072 — QK = 0.2 (ORANGE). Action requise.	\N	INFORMATION	\N	f	2026-05-13 01:34:07.335294	\N	\N	BASSE	Information	\N	\N	1	\N	\N
387	\N	\N	Audit AP-2026-072 — QK = 0.2 (ORANGE). Action requise.	\N	INFORMATION	\N	f	2026-05-13 01:36:44.418081	\N	\N	BASSE	Information	\N	\N	1	\N	\N
388	\N	\N	La fiche de réparation pour l'audit AP-2026-072 a été validée par le destinataire externe.	\N	INFORMATION	\N	f	2026-05-13 01:50:49.212047	\N	\N	BASSE	Information	\N	\N	2	\N	\N
389	\N	\N	La fiche de réparation pour l'audit AP-2026-072 a été validée par le destinataire externe.	\N	INFORMATION	\N	f	2026-05-13 01:57:46.440179	\N	\N	BASSE	Information	\N	\N	2	\N	\N
390	\N	\N	La fiche de réparation pour l'audit AP-2026-072 a été validée par le destinataire externe.	\N	INFORMATION	\N	f	2026-05-13 02:07:29.600405	\N	\N	BASSE	Information	\N	\N	2	\N	\N
391	\N	\N	Le destinataire de la fiche de réparation (audit AP-2026-072) a signalé qu'il traite le problème.	\N	INFORMATION	\N	f	2026-05-13 02:20:59.62293	\N	\N	BASSE	Information	\N	\N	2	\N	\N
392	\N	\N	La fiche de réparation pour l'audit AP-2026-072 a été validée par le destinataire externe.	\N	INFORMATION	\N	f	2026-05-13 02:22:09.809364	\N	\N	BASSE	Information	\N	\N	2	\N	\N
393	\N	\N	La fiche de réparation pour l'audit AP-2026-072 a été validée par le destinataire externe.	\N	INFORMATION	\N	f	2026-05-13 11:55:57.034725	\N	\N	BASSE	Information	\N	\N	2	\N	\N
394	\N	\N	La fiche de réparation pour l'audit AP-2026-009 a été validée par le destinataire externe.	\N	INFORMATION	\N	f	2026-05-13 11:57:51.330761	\N	\N	BASSE	Information	\N	\N	5	\N	\N
395	\N	\N	Le PDCA pour l'audit AP-2026-009 a été validé.	\N	INFORMATION	\N	f	2026-05-13 11:59:24.441356	\N	\N	BASSE	Information	\N	\N	5	\N	\N
397	\N	\N	⚠️ La série "Golf 8 Porte FA" a été désactivée. L'audit AP-20260508-A (prévu 2026-05-01) doit être reprogrammé. Modifiez le mois depuis le planning.	\N	ALERTE	\N	f	2026-05-13 12:07:50.034377	\N	\N	HAUTE	Alerte	\N	\N	1	\N	\N
398	\N	\N	La fiche de réparation pour l'audit AP-2026-072 a été validée par le destinataire externe.	\N	INFORMATION	\N	f	2026-05-13 12:32:00.115222	\N	\N	BASSE	Information	\N	\N	2	\N	\N
399	\N	\N	La fiche de réparation pour l'audit AP-2026-072 a été validée par le destinataire externe.	\N	INFORMATION	\N	f	2026-05-13 13:21:37.566277	\N	\N	BASSE	Information	\N	\N	2	\N	\N
400	\N	\N	La fiche de réparation pour l'audit AP-2026-072 a été validée par le destinataire externe.	\N	INFORMATION	\N	f	2026-05-13 13:37:23.891278	\N	\N	BASSE	Information	\N	\N	2	\N	\N
403	\N	\N	HAMMOUDA zaineb a terminé (100%%) : audit export_HAMMOUDA zaineb_11-05-2026	\N	AUDIT_TERMINE_NOTIF	\N	f	2026-05-13 20:41:33.158094	\N	\N	BASSE	Audit terminé	\N	\N	1	\N	\N
404	\N	\N	HAMMOUDA zaineb a terminé (100%%) : audit export_HAMMOUDA zaineb_28-04-2026	\N	AUDIT_TERMINE_NOTIF	\N	f	2026-05-13 21:22:12.272189	\N	\N	BASSE	Audit terminé	\N	\N	1	\N	\N
405	\N	\N	HAMMOUDA zaineb a terminé : audit export_HAMMOUDA zaineb_28-04-2026	\N	AUDIT_TERMINE_NOTIF	\N	f	2026-05-13 21:22:15.15206	\N	\N	BASSE	Audit terminé	\N	\N	1	\N	\N
406	\N	\N	HAMMOUDA zaineb a terminé : audit regle plat_HAMMOUDA zaineb_28-04-2026	\N	AUDIT_TERMINE_NOTIF	\N	f	2026-05-14 00:12:57.453033	\N	\N	BASSE	Audit terminé	\N	\N	1	\N	\N
407	\N	\N	HAMMOUDA zaineb a terminé : audit regle plat_HAMMOUDA zaineb_28-04-2026	\N	AUDIT_TERMINE_NOTIF	\N	f	2026-05-14 00:12:59.688337	\N	\N	BASSE	Audit terminé	\N	\N	1	\N	\N
410	\N	\N	HAMMOUDA zaineb a soumis le formulaire export (NC détectée) : audit export_HAMMOUDA zaineb_14-05-2026	\N	AUDIT_TERMINE_NOTIF	\N	f	2026-05-14 02:35:39.760985	\N	\N	BASSE	Audit terminé	\N	\N	1	\N	\N
411	\N	\N	HAMMOUDA zaineb a terminé : audit export_HAMMOUDA zaineb_14-05-2026	\N	AUDIT_TERMINE_NOTIF	\N	f	2026-05-14 03:06:40.708561	\N	\N	BASSE	Audit terminé	\N	\N	1	\N	\N
412	\N	\N	PDCA validé — Audit terminé : audit regle plat_HAMMOUDA zaineb_14-05-2026	\N	AUDIT_TERMINE_NOTIF	\N	f	2026-05-14 03:56:19.713541	\N	\N	BASSE	Audit terminé	\N	\N	2	\N	\N
414	\N	\N	Audit AP-2026-068 — QK = 0.7 (ROSE). Action requise.	\N	INFORMATION	\N	f	2026-05-15 02:22:51.747625	\N	\N	BASSE	Information	\N	\N	1	\N	\N
415	\N	\N	Une fiche de réparation vous a été assignée pour l'audit AP-2026-068 (QK=0.7).	\N	INFORMATION	\N	f	2026-05-15 02:44:27.118726	\N	\N	BASSE	Information	\N	\N	6	\N	\N
416	\N	\N	La fiche de réparation #24 (audit AP-2026-068) a été validée par Ahmed youssef.	\N	INFORMATION	\N	f	2026-05-15 02:45:27.364123	\N	\N	BASSE	Information	\N	\N	2	\N	\N
417	\N	\N	Le PDCA pour l'audit AP-2026-068 a été validé.	\N	INFORMATION	\N	f	2026-05-15 02:48:45.131127	\N	\N	BASSE	Information	\N	\N	2	\N	\N
418	\N	\N	⚠️ La série "Golf 8 Porte FA" a été désactivée. L'audit AP-20260508-A (prévu 2026-05-01) doit être reprogrammé. Modifiez le mois depuis le planning.	\N	ALERTE	\N	f	2026-05-15 14:42:38.699156	\N	\N	HAUTE	Alerte	\N	\N	1	\N	\N
420	\N	\N	Audit AP-2026-014 — QK = 0.2 (ORANGE). Action requise.	\N	INFORMATION	\N	f	2026-05-15 22:29:59.992136	\N	\N	BASSE	Information	\N	\N	1	\N	\N
421	\N	\N	Audit AP-2026-014 — QK = 0.2 (ORANGE). Action requise.	\N	INFORMATION	\N	f	2026-05-15 22:45:55.944069	\N	\N	BASSE	Information	\N	\N	1	\N	\N
422	\N	\N	Audit AP-2026-014 — QK = 0.2 (ORANGE). Action requise.	\N	INFORMATION	\N	f	2026-05-15 22:54:27.323276	\N	\N	BASSE	Information	\N	\N	1	\N	\N
423	\N	\N	Audit AP-2026-014 — QK = 0.2 (ORANGE). Action requise.	\N	INFORMATION	\N	f	2026-05-15 23:00:36.44082	\N	\N	BASSE	Information	\N	\N	1	\N	\N
424	\N	\N	Audit AP-2026-020 — QK = 0.7 (ROSE). Action requise.	\N	INFORMATION	\N	f	2026-05-15 23:23:37.626914	\N	\N	BASSE	Information	\N	\N	1	\N	\N
425	\N	\N	Audit AP-2026-020 — QK = 0.7 (ROSE). Action requise.	\N	INFORMATION	\N	f	2026-05-15 23:48:57.058581	\N	\N	BASSE	Information	\N	\N	1	\N	\N
426	\N	\N	La fiche de réparation pour l'audit AP-2026-014 a été validée par le destinataire externe.	\N	INFORMATION	\N	f	2026-05-16 00:20:28.715822	\N	\N	BASSE	Information	\N	\N	2	\N	\N
427	\N	\N	Audit AP-2026-020 — QK = 0.7 (ROSE). Action requise.	\N	INFORMATION	\N	f	2026-05-16 00:33:18.038819	\N	\N	BASSE	Information	\N	\N	1	\N	\N
428	\N	\N	Audit AP-2026-020 — QK = 0.7 (ROSE). Action requise.	\N	INFORMATION	\N	f	2026-05-16 00:33:31.867268	\N	\N	BASSE	Information	\N	\N	1	\N	\N
429	\N	\N	Audit AP-2026-020 — QK = 0.7 (ROSE). Action requise.	\N	INFORMATION	\N	f	2026-05-16 00:33:35.876735	\N	\N	BASSE	Information	\N	\N	1	\N	\N
430	\N	\N	Audit AP-2026-020 — QK = 0.7 (ROSE). Action requise.	\N	INFORMATION	\N	f	2026-05-16 00:33:41.766517	\N	\N	BASSE	Information	\N	\N	1	\N	\N
431	\N	\N	Audit AP-2026-020 — QK = 0.7 (ROSE). Action requise.	\N	INFORMATION	\N	f	2026-05-16 00:33:49.854547	\N	\N	BASSE	Information	\N	\N	1	\N	\N
432	\N	\N	Audit AP-2026-020 — QK = 0.7 (ROSE). Action requise.	\N	INFORMATION	\N	f	2026-05-16 00:34:49.401813	\N	\N	BASSE	Information	\N	\N	1	\N	\N
433	\N	\N	Audit AP-2026-020 — QK = 0.7 (ROSE). Action requise.	\N	INFORMATION	\N	f	2026-05-16 00:36:12.976146	\N	\N	BASSE	Information	\N	\N	1	\N	\N
434	\N	\N	Une fiche de réparation vous a été assignée pour l'audit AP-2026-020 (QK=0.7).	\N	INFORMATION	\N	f	2026-05-16 00:37:21.582053	\N	\N	BASSE	Information	\N	\N	6	\N	\N
444	\N	\N	Un audit vous a été assigné (réf: AP-2026-070) — Deadline : 2026-05-24 — Planification : Planification_BMW_Segment 32_20/05/2026	\N	AUDIT_ASSIGNE	\N	f	2026-05-20 02:11:03.979322	\N	\N	NORMALE	Nouvel audit assigné	\N	\N	2	\N	\N
555	\N	\N	BMW Auditeur1_ a terminé : audit export_BMW Auditeur1__03-07-2026	\N	AUDIT_TERMINE_NOTIF	\N	f	2026-07-03 19:53:08.716044	\N	\N	BASSE	Audit terminé	\N	\N	2	\N	\N
437	\N	\N	⚠️ La série "Golf 8 Porte FA" a été désactivée. L'audit AP-20260508-A (prévu 2026-05-01) doit être reprogrammé. Modifiez le mois depuis le planning.	\N	ALERTE	\N	f	2026-05-16 14:44:46.978131	\N	\N	HAUTE	Alerte	\N	\N	1	\N	\N
439	\N	\N	⚠️ La série "Golf 8 Porte FA" a été désactivée. L'audit AP-20260508-A (prévu 2026-05-01) doit être reprogrammé. Modifiez le mois depuis le planning.	\N	ALERTE	\N	f	2026-05-17 20:55:34.528762	\N	\N	HAUTE	Alerte	\N	\N	1	\N	\N
440	\N	\N	⚠️ La série "Golf 8 Porte FA" a été désactivée. L'audit AP-20260508-A (prévu 2026-05-01) doit être reprogrammé. Modifiez le mois depuis le planning.	\N	ALERTE	\N	f	2026-05-18 10:53:40.276879	\N	\N	HAUTE	Alerte	\N	\N	1	\N	\N
441	\N	\N	Votre rapport pratique a été validé par l'expert ! Score : 100%. Votre certificat est en cours de préparation.	\N	CERTIF_PRATIQUE_REUSSI	\N	f	2026-05-19 02:30:25.008114	\N	\N	NORMALE	Test pratique réussi	\N	\N	5	\N	\N
443	\N	\N	⚠️ La série "Golf 8 Porte FA" a été désactivée. L'audit AP-20260508-A (prévu 2026-05-01) doit être reprogrammé. Modifiez le mois depuis le planning.	\N	ALERTE	\N	f	2026-05-19 10:42:20.765991	\N	\N	HAUTE	Alerte	\N	\N	1	\N	\N
445	\N	\N	Un audit vous a été assigné (réf: AP-2026-073) — Deadline : 2026-05-31 — Planification : Planification_BMW_Segment 32_20/05/2026	\N	AUDIT_ASSIGNE	\N	f	2026-05-20 02:11:08.243871	\N	\N	NORMALE	Nouvel audit assigné	\N	\N	2	\N	\N
446	\N	\N	Un audit vous a été assigné (réf: AP-2026-074) — Deadline : 2026-05-31 — Planification : Planification_BMW_Segment 32_20/05/2026	\N	AUDIT_ASSIGNE	\N	f	2026-05-20 02:11:09.8592	\N	\N	NORMALE	Nouvel audit assigné	\N	\N	2	\N	\N
447	\N	\N	Un audit vous a été assigné (réf: AP-2026-075) — Deadline : 2026-05-31 — Planification : Planification_BMW_Segment 32_20/05/2026	\N	AUDIT_ASSIGNE	\N	f	2026-05-20 02:11:11.5758	\N	\N	NORMALE	Nouvel audit assigné	\N	\N	2	\N	\N
449	\N	\N	Audit AP-2026-029 — QK = 0.2 (ORANGE). Action requise.	\N	INFORMATION	\N	f	2026-05-20 09:28:19.281812	\N	\N	BASSE	Information	\N	\N	1	\N	\N
489	\N	\N	La fiche de réparation pour l'audit AP-2026-012 a été validée par le destinataire externe.	\N	INFORMATION	\N	f	2026-06-02 01:16:43.353411	\N	\N	BASSE	Information	\N	\N	2	\N	\N
450	\N	\N	⚠️ La série "Golf 8 Porte FA" a été désactivée. L'audit AP-20260508-A (prévu 2026-05-01) doit être reprogrammé. Modifiez le mois depuis le planning.	\N	ALERTE	\N	f	2026-05-20 09:43:22.908345	\N	\N	HAUTE	Alerte	\N	\N	1	\N	\N
451	\N	\N	Audit AP-2026-075 — QK = 0.2 (ORANGE). Action requise.	\N	INFORMATION	\N	f	2026-05-20 10:38:03.661969	\N	\N	BASSE	Information	\N	\N	1	\N	\N
452	\N	\N	Une fiche de réparation vous a été assignée pour l'audit AP-2026-075 (QK=0.2).	\N	INFORMATION	\N	f	2026-05-20 10:42:21.487163	\N	\N	BASSE	Information	\N	\N	6	\N	\N
454	\N	\N	La fiche de réparation pour l'audit AP-2026-029 a été validée par le destinataire externe.	\N	INFORMATION	\N	f	2026-05-20 19:07:50.332936	\N	\N	BASSE	Information	\N	\N	5	\N	\N
455	\N	\N	⚠️ La série "Golf 8 Porte FA" a été désactivée. L'audit AP-20260508-A (prévu 2026-05-01) doit être reprogrammé. Modifiez le mois depuis le planning.	\N	ALERTE	\N	f	2026-05-21 18:37:13.7166	\N	\N	HAUTE	Alerte	\N	\N	1	\N	\N
456	\N	\N	Un audit vous a été assigné (réf: AP-2026-077) — Deadline : 2026-05-24 — Planification : Planification_BMW_Segment 32_22/05/2026	\N	AUDIT_ASSIGNE	\N	f	2026-05-22 11:15:21.454615	\N	\N	NORMALE	Nouvel audit assigné	\N	\N	2	\N	\N
457	\N	\N	Un audit vous a été assigné (réf: AP-2026-078) — Deadline : 2026-05-24 — Planification : Planification_BMW_Segment 32_22/05/2026	\N	AUDIT_ASSIGNE	\N	f	2026-05-22 11:15:23.939866	\N	\N	NORMALE	Nouvel audit assigné	\N	\N	2	\N	\N
458	\N	\N	Un audit vous a été assigné (réf: AP-2026-079) — Deadline : 2026-05-31 — Planification : Planification_BMW_Segment 32_22/05/2026	\N	AUDIT_ASSIGNE	\N	f	2026-05-22 11:15:25.755302	\N	\N	NORMALE	Nouvel audit assigné	\N	\N	2	\N	\N
459	\N	\N	Un audit vous a été assigné (réf: AP-2026-080) — Deadline : 2026-05-31 — Planification : Planification_BMW_Segment 32_22/05/2026	\N	AUDIT_ASSIGNE	\N	f	2026-05-22 11:15:27.530167	\N	\N	NORMALE	Nouvel audit assigné	\N	\N	2	\N	\N
460	\N	\N	Un audit vous a été assigné (réf: AP-2026-081) — Deadline : 2026-05-31 — Planification : Planification_BMW_Segment 32_22/05/2026	\N	AUDIT_ASSIGNE	\N	f	2026-05-22 11:15:29.286222	\N	\N	NORMALE	Nouvel audit assigné	\N	\N	2	\N	\N
461	\N	\N	Audit AP-2026-078 — QK = 0.2 (ORANGE). Action requise.	\N	INFORMATION	\N	f	2026-05-22 11:20:40.220687	\N	\N	BASSE	Information	\N	\N	1	\N	\N
465	\N	\N	⚠️ La série "Golf 8 Porte FA" a été désactivée. L'audit AP-20260508-A (prévu 2026-05-01) doit être reprogrammé. Modifiez le mois depuis le planning.	\N	ALERTE	\N	f	2026-05-24 00:08:18.542764	\N	\N	HAUTE	Alerte	\N	\N	1	\N	\N
468	\N	\N	Votre role a ete mis a jour : Auditeur -> Expert Product Audit. Reconnectez-vous pour acceder a votre nouvel espace.	\N	ROLE_CHANGE	\N	f	2026-05-24 22:50:47.236025	\N	\N	NORMALE	Changement de rôle	\N	\N	71	\N	\N
469	\N	\N	⚠️ La série "Golf 8 Porte FA" a été désactivée. L'audit AP-20260508-A (prévu 2026-05-01) doit être reprogrammé. Modifiez le mois depuis le planning.	\N	ALERTE	\N	f	2026-05-25 15:26:54.804729	\N	\N	HAUTE	Alerte	\N	\N	1	\N	\N
471	\N	\N	Le certificat de BMW Auditeur1_ (278002) — Qualification : Qualification Bentley 01/05/2026 — envoye par l'expert Ben salem Ahmed attend votre validation.	\N	CERTIF_A_SIGNER_CHEF	\N	f	2026-05-26 02:15:11.535091	\N	/chef-service/qualifications	NORMALE	Certificat d'auditeur a valider	\N	47	6	\N	\N
472	\N	\N	Felicitations ! Votre certificat « Qualification Bentley 01/05/2026 » a ete valide par youssef Ahmed. Vous pouvez telecharger votre certificat.	\N	CERTIF_PDF_DISPONIBLE	\N	f	2026-05-26 02:16:21.196566	\N	/auditeur/certif	NORMALE	Vous etes qualifie !	\N	47	2	\N	\N
473	\N	\N	Certificat valide — BMW Auditeur1_ est maintenant qualifie pour « Qualification Bentley 01/05/2026 ».	\N	CERTIF_OBTENUE	\N	f	2026-05-26 02:16:21.199146	\N	\N	NORMALE	Certification obtenue	\N	\N	1	\N	\N
474	\N	\N	⚠️ La série "Golf 8 Porte FA" a été désactivée. L'audit AP-20260508-A (prévu 2026-05-01) doit être reprogrammé. Modifiez le mois depuis le planning.	\N	ALERTE	\N	f	2026-05-26 13:07:08.090295	\N	\N	HAUTE	Alerte	\N	\N	1	\N	\N
477	\N	\N	⚠️ La série "Golf 8 Porte FA" a été désactivée. L'audit AP-20260508-A (prévu 2026-05-01) doit être reprogrammé. Modifiez le mois depuis le planning.	\N	ALERTE	\N	f	2026-05-28 15:54:58.813123	\N	\N	HAUTE	Alerte	\N	\N	1	\N	\N
478	\N	\N	Un audit vous a été assigné (réf: AP-2026-082) — Deadline : 2026-02-01 — Planification : Planification_BMW_28/05/2026	\N	AUDIT_ASSIGNE	\N	f	2026-05-28 16:57:42.571142	\N	\N	NORMALE	Nouvel audit assigné	\N	\N	2	\N	\N
479	\N	\N	Un audit vous a été assigné (réf: AP-2026-083) — Deadline : 2026-02-03 — Planification : Planification_BMW_28/05/2026	\N	AUDIT_ASSIGNE	\N	f	2026-05-28 16:57:45.677036	\N	\N	NORMALE	Nouvel audit assigné	\N	\N	2	\N	\N
480	\N	\N	Un audit vous a été assigné (réf: AP-2026-084) — Deadline : 2026-02-05 — Planification : Planification_BMW_28/05/2026	\N	AUDIT_ASSIGNE	\N	f	2026-05-28 16:57:47.503246	\N	\N	NORMALE	Nouvel audit assigné	\N	\N	2	\N	\N
481	\N	\N	Un audit vous a été assigné (réf: AP-2026-085) — Deadline : 2026-02-08 — Planification : Planification_BMW_28/05/2026	\N	AUDIT_ASSIGNE	\N	f	2026-05-28 16:57:50.496971	\N	\N	NORMALE	Nouvel audit assigné	\N	\N	2	\N	\N
482	\N	\N	Un audit vous a été assigné (réf: AP-2026-086) — Deadline : 2026-02-10 — Planification : Planification_BMW_28/05/2026	\N	AUDIT_ASSIGNE	\N	f	2026-05-28 16:57:52.580758	\N	\N	NORMALE	Nouvel audit assigné	\N	\N	2	\N	\N
483	\N	\N	⚠️ La série "Golf 8 Porte FA" a été désactivée. L'audit AP-20260508-A (prévu 2026-05-01) doit être reprogrammé. Modifiez le mois depuis le planning.	\N	ALERTE	\N	f	2026-05-29 14:49:39.659032	\N	\N	HAUTE	Alerte	\N	\N	1	\N	\N
486	\N	\N	⚠️ La série "Golf 8 Porte FA" a été désactivée. L'audit AP-20260508-A (prévu 2026-05-01) doit être reprogrammé. Modifiez le mois depuis le planning.	\N	ALERTE	\N	f	2026-05-30 15:27:10.48371	\N	\N	HAUTE	Alerte	\N	\N	1	\N	\N
488	\N	\N	⚠️ La série "Golf 8 Porte FA" a été désactivée. L'audit AP-20260508-A (prévu 2026-05-01) doit être reprogrammé. Modifiez le mois depuis le planning.	\N	ALERTE	\N	f	2026-05-31 13:18:30.561542	\N	\N	HAUTE	Alerte	\N	\N	1	\N	\N
491	\N	\N	Le certificat de BMW Auditeur2_ (278005) — Qualification : Qualification Volkswagen 04/05/2026 — envoye par l'expert Ben salem Ahmed attend votre validation.	\N	CERTIF_A_SIGNER_CHEF	\N	f	2026-06-06 20:46:30.653771	\N	/chef-service/qualifications	NORMALE	Certificat d'auditeur a valider	\N	68	6	\N	\N
492	\N	\N	Votre rapport pratique a été validé par l'expert ! Score : 100%. Commentaire : Rapport conforme Votre certificat est en cours de préparation.	\N	CERTIF_PRATIQUE_REUSSI	\N	f	2026-06-06 22:09:47.69912	\N	\N	NORMALE	Test pratique réussi	\N	\N	2	\N	\N
493	\N	\N	Felicitations ! Votre certificat « Qualification Audi 28/04/2026 » a ete valide par youssef Ahmed. Vous pouvez telecharger votre certificat.	\N	CERTIF_PDF_DISPONIBLE	\N	f	2026-06-06 22:34:16.476319	\N	/auditeur/certif	NORMALE	Vous etes qualifie !	\N	16	2	\N	\N
494	\N	\N	Certificat valide — BMW Auditeur1_ est maintenant qualifie pour « Qualification Audi 28/04/2026 ». Commentaire : Certificat validé et conforme	\N	CERTIF_OBTENUE	\N	f	2026-06-06 22:34:16.48213	\N	\N	NORMALE	Certification obtenue	\N	\N	1	\N	\N
496	\N	\N	⚠️ La série "Golf 8 Porte FA" a été désactivée. L'audit AP-20260508-A (prévu 2026-05-01) doit être reprogrammé. Modifiez le mois depuis le planning.	\N	ALERTE	\N	f	2026-06-10 15:05:23.543654	\N	\N	HAUTE	Alerte	\N	\N	1	\N	\N
497	\N	\N	Audit règle plate assigné : audit regle plat_BEN SALEM Amel_10-06-2026 | Plant : BMW  | Prochain contrôle : 01-09-2026	\N	AUDIT_ASSIGNE	\N	f	2026-06-10 17:23:09.898914	\N	\N	NORMALE	Nouvel audit assigné	\N	\N	4	\N	\N
498	\N	\N	Test théorique échoué (15/20 = 75%, seuil 90%). Accès bloqué 6 mois.	\N	CERTIF_BLOQUE	\N	f	2026-06-16 02:17:38.124463	\N	\N	HAUTE	Certification bloquée	\N	\N	7	\N	\N
499	\N	\N	Test théorique réussi (20/20 = 100%, seuil 90%). Passez au test pratique.	\N	CERTIF_TEST_REUSSI	\N	f	2026-06-16 02:20:17.381889	\N	\N	NORMALE	Examen théorique réussi	\N	\N	4	\N	\N
500	\N	\N	Nouveau rapport pratique à noter : Ben salem Amel (278004) · Qualification Mercedes 03/05/2026	\N	CERTIF_PRATIQUE_PRET	\N	f	2026-06-16 02:27:24.599254	\N	\N	NORMALE	Test pratique disponible	\N	\N	1	\N	\N
501	\N	\N	L'expert a modifie : deadline — Ref: AP-2026-080	\N	INFORMATION	\N	f	2026-06-24 18:07:31.705932	\N	/auditeur/audits/133	BASSE	Audit modifie	\N	\N	2	\N	\N
502	\N	\N	La fiche de réparation pour l'audit AP-2026-026 a été validée par le destinataire externe.	\N	INFORMATION	\N	f	2026-06-25 16:18:48.101217	\N	\N	BASSE	Information	\N	\N	2	\N	\N
503	\N	\N	La fiche de réparation pour l'audit AP-2026-016 a été validée par le destinataire externe.	\N	INFORMATION	\N	f	2026-06-25 18:39:35.856348	\N	\N	BASSE	Information	\N	\N	5	\N	\N
504	\N	\N	Test théorique échoué (0/20 = 0%, seuil 80%). Accès bloqué 6 mois.	\N	CERTIF_BLOQUE	\N	f	2026-06-25 22:29:32.510648	\N	\N	HAUTE	Certification bloquée	\N	\N	5	\N	\N
505	\N	\N	Test théorique réussi (20/20 = 100%, seuil 90%). Passez au test pratique.	\N	CERTIF_TEST_REUSSI	\N	f	2026-06-25 22:32:36.184934	\N	\N	NORMALE	Examen théorique réussi	\N	\N	5	\N	\N
506	\N	\N	Nouveau rapport pratique à noter : BMW Auditeur2_ (278005) · Qualification Peugeot 02/05/2026	\N	CERTIF_PRATIQUE_PRET	\N	t	2026-06-25 22:32:54.083636	2026-06-25 22:33:08.551335	\N	NORMALE	Test pratique disponible	\N	\N	1	\N	\N
507	\N	\N	Votre rapport pratique a été validé par l'expert ! Score : 100%. Votre certificat est en cours de préparation.	\N	CERTIF_PRATIQUE_REUSSI	\N	f	2026-06-25 22:33:32.51407	\N	\N	NORMALE	Test pratique réussi	\N	\N	5	\N	\N
508	\N	\N	Le certificat de BMW Auditeur2_ (278005) — Qualification : Qualification Peugeot 02/05/2026 — envoye par l'expert Ben salem Ahmed attend votre validation. Remarque : noter	\N	CERTIF_A_SIGNER_CHEF	\N	t	2026-06-25 22:33:56.577663	2026-06-25 22:34:10.321102	/chef-service/qualifications	NORMALE	Certificat d'auditeur a valider	\N	49	6	\N	\N
510	\N	\N	Certificat valide — BMW Auditeur2_ est maintenant qualifie pour « Qualification Peugeot 02/05/2026 ».	\N	CERTIF_OBTENUE	\N	f	2026-06-25 22:34:45.560519	\N	\N	NORMALE	Certification obtenue	\N	\N	1	\N	\N
509	\N	\N	Felicitations ! Votre certificat « Qualification Peugeot 02/05/2026 » a ete valide par youssef Ahmed. Vous pouvez telecharger votre certificat.	\N	CERTIF_PDF_DISPONIBLE	\N	t	2026-06-25 22:34:45.557403	2026-06-25 22:35:17.975887	/auditeur/certif	NORMALE	Vous etes qualifie !	\N	49	5	\N	\N
511	\N	\N	Un audit vous a été assigné (réf: AP-2026-087) — Deadline : 2026-06-28 — Planification : Planification_BMW_Segment 32_25/06/2026	\N	AUDIT_ASSIGNE	\N	f	2026-06-25 22:38:43.255055	\N	\N	NORMALE	Nouvel audit assigné	\N	\N	2	\N	\N
512	\N	\N	Un audit vous a été assigné (réf: AP-2026-088) — Deadline : 2026-06-28 — Planification : Planification_BMW_Segment 32_25/06/2026	\N	AUDIT_ASSIGNE	\N	f	2026-06-25 22:38:45.938637	\N	\N	NORMALE	Nouvel audit assigné	\N	\N	2	\N	\N
513	\N	\N	Un audit vous a été assigné (réf: AP-2026-089) — Deadline : 2026-06-28 — Planification : Planification_BMW_Segment 32_25/06/2026	\N	AUDIT_ASSIGNE	\N	f	2026-06-25 22:38:49.062405	\N	\N	NORMALE	Nouvel audit assigné	\N	\N	2	\N	\N
514	\N	\N	Un audit vous a été assigné (réf: AP-2026-090) — Deadline : 2026-06-28 — Planification : Planification_BMW_Segment 32_25/06/2026	\N	AUDIT_ASSIGNE	\N	f	2026-06-25 22:38:51.544523	\N	\N	NORMALE	Nouvel audit assigné	\N	\N	2	\N	\N
516	\N	\N	La fiche de réparation pour l'audit AP-2026-087 a été validée par le destinataire externe.	\N	INFORMATION	\N	f	2026-06-25 22:41:16.844082	\N	\N	BASSE	Information	\N	\N	2	\N	\N
518	\N	\N	La fiche de réparation pour l'audit AP-2026-089 a été validée par le destinataire externe.	\N	INFORMATION	\N	f	2026-06-25 22:45:25.034965	\N	\N	BASSE	Information	\N	\N	2	\N	\N
515	\N	\N	Un audit vous a été assigné (réf: AP-2026-091) — Deadline : 2026-06-28 — Planification : Planification_BMW_Segment 32_25/06/2026	\N	AUDIT_ASSIGNE	\N	t	2026-06-25 22:38:53.860279	2026-06-25 22:39:43.663068	\N	NORMALE	Nouvel audit assigné	\N	\N	2	\N	\N
517	\N	\N	Audit AP-2026-089 — QK = 0.4 (ORANGE). Action requise.	\N	INFORMATION	\N	f	2026-06-25 22:44:08.570388	\N	\N	BASSE	Information	\N	\N	1	\N	\N
519	\N	\N	Test théorique réussi (19/20 = 95%, seuil 90%). Passez au test pratique.	\N	CERTIF_TEST_REUSSI	\N	f	2026-06-25 23:28:09.270089	\N	\N	NORMALE	Examen théorique réussi	\N	\N	2	\N	\N
520	\N	\N	Nouveau rapport pratique à noter : BMW Auditeur1_ (278002) · Qualification Fiat 06/05/2026	\N	CERTIF_PRATIQUE_PRET	\N	t	2026-06-25 23:28:19.641426	2026-06-25 23:28:34.597917	\N	NORMALE	Test pratique disponible	\N	\N	1	\N	\N
521	\N	\N	Votre rapport pratique a été validé par l'expert ! Score : 100%. Votre certificat est en cours de préparation.	\N	CERTIF_PRATIQUE_REUSSI	\N	f	2026-06-25 23:28:47.795409	\N	\N	NORMALE	Test pratique réussi	\N	\N	2	\N	\N
522	\N	\N	Test théorique réussi (19/20 = 95%, seuil 90%). Passez au test pratique.	\N	CERTIF_TEST_REUSSI	\N	f	2026-06-25 23:37:18.838103	\N	\N	NORMALE	Examen théorique réussi	\N	\N	5	\N	\N
523	\N	\N	Nouveau rapport pratique à noter : BMW Auditeur2_ (278005) · Qualification MB 25/06/2026	\N	CERTIF_PRATIQUE_PRET	\N	t	2026-06-25 23:37:33.343831	2026-06-25 23:37:55.65927	\N	NORMALE	Test pratique disponible	\N	\N	1	\N	\N
524	\N	\N	Votre rapport pratique a été validé par l'expert ! Score : 100%. Votre certificat est en cours de préparation.	\N	CERTIF_PRATIQUE_REUSSI	\N	f	2026-06-25 23:38:10.897865	\N	\N	NORMALE	Test pratique réussi	\N	\N	5	\N	\N
525	\N	\N	Test théorique réussi (18/20 = 90%, seuil 90%). Passez au test pratique.	\N	CERTIF_TEST_REUSSI	\N	f	2026-06-26 00:49:55.691222	\N	\N	NORMALE	Examen théorique réussi	\N	\N	2	\N	\N
526	\N	\N	Nouveau rapport pratique à noter : BMW Auditeur1_ (278002) · Qualification OEM Supplier 26/06/2026	\N	CERTIF_PRATIQUE_PRET	\N	t	2026-06-26 00:50:06.099911	2026-06-26 00:50:23.65471	\N	NORMALE	Test pratique disponible	\N	\N	1	\N	\N
527	\N	\N	Votre rapport pratique a été validé par l'expert ! Score : 100%. Votre certificat est en cours de préparation.	\N	CERTIF_PRATIQUE_REUSSI	\N	f	2026-06-26 00:50:36.955569	\N	\N	NORMALE	Test pratique réussi	\N	\N	2	\N	\N
528	\N	\N	Le certificat de BMW Auditeur1_ (278002) — Qualification : Qualification OEM Supplier 26/06/2026 — envoye par l'expert Ben salem Ahmed attend votre validation. Remarque : bravoo	\N	CERTIF_A_SIGNER_CHEF	\N	t	2026-06-26 00:51:03.160012	2026-06-26 00:51:17.856506	/chef-service/qualifications	NORMALE	Certificat d'auditeur a valider	\N	99	6	\N	\N
530	\N	\N	Certificat valide — BMW Auditeur1_ est maintenant qualifie pour « Qualification OEM Supplier 26/06/2026 ».	\N	CERTIF_OBTENUE	\N	f	2026-06-26 00:51:44.089808	\N	\N	NORMALE	Certification obtenue	\N	\N	1	\N	\N
529	\N	\N	Felicitations ! Votre certificat « Qualification OEM Supplier 26/06/2026 » a ete valide par youssef Ahmed. Vous pouvez telecharger votre certificat.	\N	CERTIF_PDF_DISPONIBLE	\N	t	2026-06-26 00:51:44.079972	2026-06-26 00:52:00.096473	/auditeur/certif	NORMALE	Vous etes qualifie !	\N	99	2	\N	\N
531	\N	\N	Un audit vous a été assigné (réf: AP-2026-092) — Deadline : 2026-06-28 — Planification : Planification_BMW_Segment 32_26/06/2026	\N	AUDIT_ASSIGNE	\N	f	2026-06-26 00:52:59.813751	\N	\N	NORMALE	Nouvel audit assigné	\N	\N	2	\N	\N
532	\N	\N	Un audit vous a été assigné (réf: AP-2026-093) — Deadline : 2026-06-28 — Planification : Planification_BMW_Segment 32_26/06/2026	\N	AUDIT_ASSIGNE	\N	f	2026-06-26 00:53:01.738043	\N	\N	NORMALE	Nouvel audit assigné	\N	\N	2	\N	\N
533	\N	\N	Un audit vous a été assigné (réf: AP-2026-094) — Deadline : 2026-06-28 — Planification : Planification_BMW_Segment 32_26/06/2026	\N	AUDIT_ASSIGNE	\N	f	2026-06-26 00:53:03.670043	\N	\N	NORMALE	Nouvel audit assigné	\N	\N	2	\N	\N
534	\N	\N	Un audit vous a été assigné (réf: AP-2026-095) — Deadline : 2026-06-28 — Planification : Planification_BMW_Segment 32_26/06/2026	\N	AUDIT_ASSIGNE	\N	f	2026-06-26 00:53:05.494086	\N	\N	NORMALE	Nouvel audit assigné	\N	\N	2	\N	\N
535	\N	\N	Un audit vous a été assigné (réf: AP-2026-096) — Deadline : 2026-06-28 — Planification : Planification_BMW_Segment 32_26/06/2026	\N	AUDIT_ASSIGNE	\N	t	2026-06-26 00:53:07.494275	2026-06-26 00:53:30.863662	\N	NORMALE	Nouvel audit assigné	\N	\N	2	\N	\N
536	\N	\N	Audit AP-2026-088 — QK = 0.2 (ORANGE). Action requise.	\N	INFORMATION	\N	f	2026-06-26 00:55:11.395861	\N	\N	BASSE	Information	\N	\N	1	\N	\N
537	\N	\N	La fiche de réparation pour l'audit AP-2026-088 a été validée par le destinataire externe.	\N	INFORMATION	\N	f	2026-06-26 00:55:48.049488	\N	\N	BASSE	Information	\N	\N	2	\N	\N
538	\N	\N	Audit règle plate assigné : audit regle plat_BMW Auditeur1__26-06-2026 | Plant : BMW  | Prochain contrôle : 26-09-2026	\N	AUDIT_ASSIGNE	\N	t	2026-06-26 00:57:44.150128	2026-06-26 00:57:56.455492	\N	NORMALE	Nouvel audit assigné	\N	\N	2	\N	\N
539	\N	\N	BMW Auditeur1_ a terminé : audit regle plat_BMW Auditeur1__26-06-2026	\N	AUDIT_TERMINE_NOTIF	\N	f	2026-06-26 00:58:20.327476	\N	\N	BASSE	Audit terminé	\N	\N	1	\N	\N
540	\N	\N	BMW Auditeur1_ a terminé : audit regle plat_BMW Auditeur1__26-06-2026	\N	AUDIT_TERMINE_NOTIF	\N	f	2026-06-26 00:58:22.050978	\N	\N	BASSE	Audit terminé	\N	\N	1	\N	\N
541	\N	\N	Audit magasin export assigné : audit export_BMW Auditeur1__26-06-2026 | Salle : zona1 | Semaine : s22	\N	AUDIT_ASSIGNE	\N	t	2026-06-26 00:58:51.713009	2026-06-26 00:59:03.962006	\N	NORMALE	Nouvel audit assigné	\N	\N	2	\N	\N
542	\N	\N	Audit règle plate assigné : audit regle plat_BMW Auditeur1__30-06-2026 | Plant : BMW  | Prochain contrôle : 30-09-2026	\N	AUDIT_ASSIGNE	\N	f	2026-06-30 12:20:22.398838	\N	\N	NORMALE	Nouvel audit assigné	\N	\N	2	\N	\N
543	\N	\N	L'auditeur Auditeur1_ BMW a modifié : deadline sur l'audit AP-2026-090	\N	INFORMATION	\N	f	2026-07-01 20:53:47.550522	\N	/auditeur/audits/145	BASSE	Audit modifié	\N	\N	7	\N	\N
544	\N	\N	L'auditeur Auditeur1_ BMW a modifié : deadline sur l'audit AP-2026-090	\N	INFORMATION	\N	f	2026-07-01 20:53:47.655689	\N	/auditeur/audits/145	BASSE	Audit modifié	\N	\N	1	\N	\N
545	\N	\N	L'auditeur Auditeur1_ BMW a modifié : deadline sur l'audit AP-2026-091	\N	INFORMATION	\N	f	2026-07-01 21:03:36.297959	\N	/auditeur/audits/146	BASSE	Audit modifié	\N	\N	7	\N	\N
546	\N	\N	L'auditeur Auditeur1_ BMW a modifié : deadline sur l'audit AP-2026-091	\N	INFORMATION	\N	f	2026-07-01 21:03:36.312187	\N	/auditeur/audits/146	BASSE	Audit modifié	\N	\N	1	\N	\N
547	\N	\N	BMW Auditeur1_ a terminé : audit export_BMW Auditeur1__26-06-2026	\N	AUDIT_TERMINE_NOTIF	\N	f	2026-07-03 18:43:07.411169	\N	\N	BASSE	Audit terminé	\N	\N	1	\N	\N
548	\N	\N	BMW Auditeur1_ a terminé : audit export_BMW Auditeur1__26-06-2026	\N	AUDIT_TERMINE_NOTIF	\N	f	2026-07-03 19:19:33.339276	\N	\N	BASSE	Audit terminé	\N	\N	1	\N	\N
549	\N	\N	BMW Auditeur1_ a terminé : audit export_HAMMOUDA zaineb_16-04-2026	\N	AUDIT_TERMINE_NOTIF	\N	f	2026-07-03 19:21:15.482911	\N	\N	BASSE	Audit terminé	\N	\N	1	\N	\N
550	\N	\N	BMW Auditeur1_ a terminé : audit regle plat_BMW Auditeur1__30-06-2026	\N	AUDIT_TERMINE_NOTIF	\N	f	2026-07-03 19:26:39.654549	\N	\N	BASSE	Audit terminé	\N	\N	2	\N	\N
551	\N	\N	BMW Auditeur1_ a terminé : audit regle plat_BMW Auditeur1__30-06-2026	\N	AUDIT_TERMINE_NOTIF	\N	f	2026-07-03 19:44:04.092865	\N	\N	BASSE	Audit terminé	\N	\N	2	\N	\N
552	\N	\N	Audit règle plate assigné : audit regle plat_BMW Auditeur1__03-07-2026 | Plant : BMW  | Prochain contrôle : 03-10-2026	\N	AUDIT_ASSIGNE	\N	f	2026-07-03 19:44:35.196432	\N	\N	NORMALE	Nouvel audit assigné	\N	\N	2	\N	\N
553	\N	\N	BMW Auditeur1_ a terminé : audit regle plat_BMW Auditeur1__03-07-2026	\N	AUDIT_TERMINE_NOTIF	\N	f	2026-07-03 19:45:30.832305	\N	\N	BASSE	Audit terminé	\N	\N	2	\N	\N
554	\N	\N	Audit magasin export assigné : audit export_BMW Auditeur1__03-07-2026 | Salle : 12 | Semaine : 4	\N	AUDIT_ASSIGNE	\N	f	2026-07-03 19:52:55.634469	\N	\N	NORMALE	Nouvel audit assigné	\N	\N	2	\N	\N
556	\N	\N	BMW Auditeur1_ a terminé : audit export_BMW Auditeur1__03-07-2026	\N	AUDIT_TERMINE_NOTIF	\N	f	2026-07-03 19:55:15.602256	\N	\N	BASSE	Audit terminé	\N	\N	2	\N	\N
557	\N	\N	L'auditeur Auditeur1_ BMW a modifié : deadline sur l'audit AP-2026-092	\N	INFORMATION	\N	f	2026-07-03 19:59:28.70745	\N	/auditeur/audits/147	BASSE	Audit modifié	\N	\N	7	\N	\N
558	\N	\N	L'auditeur Auditeur1_ BMW a modifié : deadline sur l'audit AP-2026-092	\N	INFORMATION	\N	f	2026-07-03 19:59:28.752166	\N	/auditeur/audits/147	BASSE	Audit modifié	\N	\N	1	\N	\N
559	\N	\N	L'auditeur Auditeur1_ BMW a modifié : deadline sur l'audit AP-2026-093	\N	INFORMATION	\N	f	2026-07-03 19:59:38.054269	\N	/auditeur/audits/148	BASSE	Audit modifié	\N	\N	7	\N	\N
560	\N	\N	L'auditeur Auditeur1_ BMW a modifié : deadline sur l'audit AP-2026-093	\N	INFORMATION	\N	f	2026-07-03 19:59:38.05786	\N	/auditeur/audits/148	BASSE	Audit modifié	\N	\N	1	\N	\N
561	\N	\N	L'auditeur Auditeur1_ BMW a modifié : deadline sur l'audit AP-2026-073	\N	INFORMATION	\N	f	2026-07-03 19:59:48.805761	\N	/auditeur/audits/126	BASSE	Audit modifié	\N	\N	7	\N	\N
562	\N	\N	L'auditeur Auditeur1_ BMW a modifié : deadline sur l'audit AP-2026-073	\N	INFORMATION	\N	f	2026-07-03 19:59:48.808913	\N	/auditeur/audits/126	BASSE	Audit modifié	\N	\N	1	\N	\N
563	\N	\N	L'auditeur Auditeur1_ BMW a modifié : deadline sur l'audit AP-2026-096	\N	INFORMATION	\N	f	2026-07-03 19:59:59.421942	\N	/auditeur/audits/151	BASSE	Audit modifié	\N	\N	7	\N	\N
564	\N	\N	L'auditeur Auditeur1_ BMW a modifié : deadline sur l'audit AP-2026-096	\N	INFORMATION	\N	f	2026-07-03 19:59:59.424989	\N	/auditeur/audits/151	BASSE	Audit modifié	\N	\N	1	\N	\N
565	\N	\N	Audit règle plate assigné : audit regle plat_MOHAMED  Mohamed_03-07-2026 | Plant : BMW  | Prochain contrôle : 03-10-2026	\N	AUDIT_ASSIGNE	\N	f	2026-07-03 20:05:23.621754	\N	\N	NORMALE	Nouvel audit assigné	\N	\N	7	\N	\N
566	\N	\N	MOHAMED  Mohamed a terminé : audit regle plat_MOHAMED  Mohamed_03-07-2026	\N	AUDIT_TERMINE_NOTIF	\N	f	2026-07-03 20:09:29.261207	\N	\N	BASSE	Audit terminé	\N	\N	1	\N	\N
567	\N	\N	Audit règle plate assigné : audit regle plat_BMW Auditeur2__03-07-2026 | Plant : BMW  | Prochain contrôle : 03-10-2026	\N	AUDIT_ASSIGNE	\N	f	2026-07-03 21:04:25.368611	\N	\N	NORMALE	Nouvel audit assigné	\N	\N	5	\N	\N
568	\N	\N	BMW Auditeur2_ a terminé : audit regle plat_BMW Auditeur2__03-07-2026	\N	AUDIT_TERMINE_NOTIF	\N	f	2026-07-03 21:06:39.564598	\N	\N	BASSE	Audit terminé	\N	\N	1	\N	\N
569	\N	\N	Audit AP-2026-018 — QK = 0.2 (ORANGE). Action requise.	\N	INFORMATION	\N	f	2026-07-05 00:23:10.924589	\N	\N	BASSE	Information	\N	\N	1	\N	\N
571	\N	\N	L'Annexe 4 de l'audit AP-2026-048, remplie par Ben salem Amel, attend votre validation.	\N	ANNEXE_A_VALIDER_AUDITEUR	\N	t	2026-07-07 00:37:08.11844	2026-07-07 00:48:39.84366	/auditeur/validation-annexe/79/4	NORMALE	Annexe à valider	\N	\N	5	\N	\N
\.


--
-- TOC entry 5324 (class 0 OID 25013)
-- Dependencies: 245
-- Data for Name: passage_certification; Type: TABLE DATA; Schema: public; Owner: postgres
--

COPY public.passage_certification (id, date_deblocage, date_debut, date_fin, date_pratique, date_theorique, nb_defauts_identifies, nb_defauts_total, pratique_reussi, rapport_pratique_json, score_theorique, statut, theorique_reussi, auditeur_id, certificat_id, certification_id, session_test_id, nb_tentatives_pratique, nb_tentatives_theorique, score_expert_saisi, cause_deblocage, date_deblocage_manuel, certificat_envoye_chef, certificat_pdf_path, commentaire_chef, date_generation_certif, date_validation_chef, remarque_expert, statut_certificat, chef_validateur_id, expert_generateur_id) FROM stdin;
19	\N	2026-05-02 19:37:51.902338	2026-05-02 19:53:58.354459	2026-05-02 19:53:58.354459	2026-05-02 19:39:20.812386	100	100	t	1777747179514_rapport_19.pdf	20	CERTIFIE	t	2	\N	49	16	1	1	100	\N	\N	t	QUALIFICATION_PEUGEOT_02_05_2026_HAMMOUDA_ZAINEB_2026-05-02.pdf		2026-05-02 19:54:03.172463	2026-05-02 19:54:59.507669		VALIDE_CHEF	6	1
26	\N	2026-05-03 14:16:44.410619	2026-05-03 14:19:02.933843	2026-05-03 14:19:02.933843	2026-05-03 14:18:28.454954	100	100	t	1777814322355_rapport_26.pdf	20	CERTIFIE	t	2	\N	66	23	1	1	100	\N	\N	t	QUALIFICATION_MERCEDES_03_05_2026_HAMMOUDA_ZAINEB_2026-05-04.pdf		2026-05-03 23:21:51.32806	2026-05-04 00:54:13.518167		VALIDE_CHEF	6	1
17	\N	2026-05-01 13:48:43.930998	2026-05-01 15:18:53.961624	2026-05-01 15:18:53.960626	2026-05-01 14:58:47.760755	100	100	t	1777643972281_rapport_17.pdf	20	CERTIFIE	t	2	\N	38	14	1	1	100	\N	\N	t	QUALIFICATION_BMW_30_04_2026_HAMMOUDA_ZAINEB_2026-05-01.pdf		2026-05-01 16:48:48.905465	2026-05-01 18:16:53.620645		VALIDE_CHEF	6	1
5	\N	2026-04-29 01:45:48.635644	2026-05-03 02:04:35.738942	\N	\N	\N	\N	\N	\N	\N	ANNULE	\N	7	\N	5	13	0	1	\N	l'auditeur trvailler bien	\N	\N	\N	\N	\N	\N	\N	\N	\N	\N
3	\N	2026-04-16 15:01:56.873421	2026-05-03 02:04:35.756699	\N	\N	\N	\N	\N	\N	\N	ANNULE	\N	5	\N	5	\N	0	0	\N	\N	\N	\N	\N	\N	\N	\N	\N	\N	\N	\N
11	\N	2026-04-28 12:45:02.662069	2026-05-03 02:07:23.561246	\N	\N	\N	\N	\N	\N	\N	ANNULE	\N	7	\N	16	\N	0	0	\N	\N	\N	\N	\N	\N	\N	\N	\N	\N	\N	\N
4	\N	2026-04-16 15:02:26.243376	2026-04-16 15:07:46.667505	2026-04-16 15:07:46.667505	2026-04-16 15:05:30.20242	100	100	t	1776348397560_rapport_4.pdf	20	RAPPORT_VALIDE	t	2	\N	5	3	1	1	\N	\N	\N	\N	\N	\N	\N	\N	\N	\N	\N	\N
35	2026-12-25 22:29:32.505452	2026-06-25 22:28:01.299942	2026-06-25 22:29:32.505452	\N	2026-06-25 22:29:32.505452	\N	\N	\N	\N	0	BLOQUE	f	5	\N	85	32	0	1	\N	\N	\N	\N	\N	\N	\N	\N	\N	\N	\N	\N
29	\N	2026-05-04 00:36:41.590808	2026-05-04 11:42:24.997197	2026-05-04 11:42:24.997197	2026-05-04 11:41:44.654392	100	100	t	1777891324154_rapport_29.pdf	20	RAPPORT_VALIDE	t	5	\N	68	26	1	1	100	\N	\N	t	QUALIFICATION_VOLKSWAGEN_04_05_2026_BMW_AUDITEUR2__2026-05-22.pdf	\N	2026-05-22 11:04:42.166985	\N		EN_ATTENTE_CHEF	6	1
8	\N	2026-04-23 12:28:58.419576	2026-04-23 12:33:08.887139	2026-04-23 12:33:08.887139	2026-04-23 12:31:39.456556	100	100	t	1776943925540_rapport_8.pdf	19	RAPPORT_VALIDE	t	4	\N	5	7	1	1	\N	\N	\N	\N	\N	\N	\N	\N	\N	\N	\N	\N
7	\N	2026-04-22 12:28:01.324229	2026-04-28 01:25:36.370128	2026-04-28 01:25:36.370128	2026-04-28 01:16:23.545582	100	100	t	1777335844747_rapport_7.pdf	19	RAPPORT_VALIDE	t	2	\N	5	6	1	1	\N	\N	\N	\N	\N	\N	\N	\N	\N	\N	\N	\N
14	2026-10-29 15:34:04.208006	2026-04-29 02:03:01.218941	2026-04-29 15:34:04.208006	2026-04-29 15:34:04.208006	2026-04-29 15:32:30.271519	50	100	f	1777473191928_rapport_14.pdf	20	BLOQUE	t	4	\N	30	11	1	1	50	\N	\N	\N	\N	\N	\N	\N	\N	\N	\N	\N
31	\N	2026-05-06 03:45:28.488658	2026-06-06 22:09:47.697107	2026-06-06 22:09:47.697107	2026-05-12 22:05:42.088215	100	100	t	1780370000857_rapport_31.pdf	20	RAPPORT_VALIDE	t	2	\N	68	28	1	1	100	\N	\N	\N	\N	\N	\N	\N	\N	NON_GENERE	\N	\N
32	\N	2026-05-06 15:18:07.625639	2026-05-19 02:30:25.004391	2026-05-19 02:30:25.004391	2026-05-06 15:19:48.875251	100	100	t	1778077203113_rapport_32.pdf	20	RAPPORT_VALIDE	t	5	\N	70	29	1	1	100	\N	\N	\N	QUALIFICATION_FIAT_06_05_2026_AMEL_AMEL_2026-05-19.pdf	\N	2026-05-19 12:20:07.493484	\N	\N	GENERE	\N	1
13	\N	2026-04-29 01:33:56.642449	2026-05-01 13:47:47.734582	\N	\N	\N	\N	\N	\N	\N	ANNULE	\N	5	\N	27	\N	0	0	\N	\N	\N	\N	\N	\N	\N	\N	\N	\N	\N	\N
12	\N	2026-04-28 12:59:32.126622	2026-05-01 13:47:47.755506	\N	\N	\N	\N	\N	\N	\N	ANNULE	\N	2	\N	27	9	0	1	\N	\N	\N	\N	\N	\N	\N	\N	\N	\N	\N	\N
10	\N	2026-04-28 01:49:16.130186	2026-04-28 11:44:12.340165	2026-04-28 11:44:12.340165	2026-04-28 11:40:00.667028	100	100	t	1777373024483_rapport_10.pdf	20	CERTIFIE	t	2	\N	16	8	1	1	\N	\N	\N	t	QUALIFICATION_AUDI_28_04_2026_BMW_AUDITEUR1__2026-06-06.pdf	Certificat validé et conforme	2026-05-01 19:07:59.58909	2026-06-06 22:34:16.462467		VALIDE_CHEF	6	1
28	\N	2026-05-03 15:22:15.41793	2026-05-03 15:24:29.830978	2026-05-03 15:24:29.830978	2026-05-03 15:24:05.660885	100	100	t	1777818253345_rapport_28.pdf	19	RAPPORT_VALIDE	t	4	\N	49	25	1	1	100	\N	\N	\N	QUALIFICATION_PEUGEOT_02_05_2026_BEN_SALEM_AMEL_2026-05-18.pdf	\N	2026-05-18 12:05:36.803497	\N	\N	GENERE	\N	1
23	\N	2026-05-03 13:00:45.105824	2026-05-03 13:02:18.30393	2026-05-03 13:02:18.30393	2026-05-03 13:01:54.075783	100	100	t	1777809720843_rapport_23.pdf	20	RAPPORT_VALIDE	t	5	\N	64	20	1	1	100	\N	\N	\N	QUALIFICATION_SKODA_03_05_2026_AMEL_AMEL_2026-05-03.pdf	\N	2026-05-03 13:02:20.229287	\N	\N	GENERE	\N	1
18	\N	2026-05-01 20:19:24.361275	2026-05-01 20:22:10.281424	2026-05-01 20:22:10.281424	2026-05-01 20:21:18.561762	99	100	t	1777663287100_rapport_18.pdf	20	CERTIFIE	t	2	\N	47	15	1	1	99	\N	\N	t	QUALIFICATION_BENTLEY_01_05_2026_BMW_AUDITEUR1__2026-05-26.pdf		2026-05-26 02:14:17.680449	2026-05-26 02:16:21.194501		VALIDE_CHEF	6	1
27	\N	2026-05-03 14:26:33.547869	2026-05-03 14:28:41.769384	2026-05-03 14:28:41.769384	2026-05-03 14:28:09.502493	100	100	t	1777814902687_rapport_27.pdf	20	RAPPORT_VALIDE	t	5	\N	66	24	1	1	100	\N	\N	\N	QUALIFICATION_MERCEDES_03_05_2026_AMEL_AMEL_2026-05-19.pdf	\N	2026-05-19 12:20:30.284086	\N	\N	GENERE	\N	1
15	\N	2026-04-30 13:13:17.378343	2026-05-01 23:39:43.311028	2026-05-01 23:39:43.311028	2026-04-30 13:14:53.411278	100	100	t	1777551306530_rapport_15.pdf	20	RAPPORT_VALIDE	t	4	\N	38	12	1	1	100	\N	\N	\N	QUALIFICATION_BMW_30_04_2026_BEN_SALEM_AMEL_2026-05-01.pdf	\N	2026-05-01 23:39:48.529169	\N	\N	GENERE	\N	1
30	2026-12-16 02:17:38.12145	2026-05-04 11:49:51.896152	2026-06-16 02:17:38.12145	\N	2026-06-16 02:17:38.12145	\N	\N	\N	\N	15	BLOQUE	f	7	\N	68	27	0	1	\N	\N	\N	\N	\N	\N	\N	\N	\N	\N	\N	\N
33	\N	2026-06-02 04:02:55.164382	\N	\N	2026-06-16 02:20:17.380869	\N	\N	\N	1781573244576_rapport_33.pdf	20	PRATIQUE_EN_COURS	t	4	\N	66	30	0	1	\N	\N	\N	\N	\N	\N	\N	\N	\N	\N	\N	\N
34	\N	2026-06-24 17:56:47.206456	\N	\N	\N	\N	\N	\N	\N	\N	THEORIQUE_EN_COURS	\N	7	\N	66	31	0	1	\N	\N	\N	\N	\N	\N	\N	\N	\N	\N	\N	\N
21	\N	2026-05-03 02:07:55.12006	2026-05-03 02:10:10.476472	2026-05-03 02:10:10.476472	2026-05-03 02:09:31.865839	100	100	t	1777770585814_rapport_21.pdf	20	RAPPORT_VALIDE	t	7	\N	49	18	1	1	100	\N	\N	\N	QUALIFICATION_PEUGEOT_02_05_2026_MOHAMED_MOHAMED_2026-05-03.pdf	\N	2026-05-03 02:10:24.112668	\N	\N	GENERE	\N	1
36	\N	2026-06-25 22:31:19.065118	2026-06-25 22:33:32.513564	2026-06-25 22:33:32.513564	2026-06-25 22:32:36.18341	100	100	t	1782423174069_rapport_36.pdf	20	CERTIFIE	t	5	\N	49	33	1	1	100	\N	\N	t	QUALIFICATION_PEUGEOT_02_05_2026_BMW_AUDITEUR2__2026-06-25.pdf		2026-06-25 22:33:35.256987	2026-06-25 22:34:45.552179	noter	VALIDE_CHEF	6	1
37	\N	2026-06-25 23:26:53.759084	2026-06-25 23:28:47.795409	2026-06-25 23:28:47.795409	2026-06-25 23:28:09.270089	100	100	t	1782426499633_rapport_37.pdf	19	RAPPORT_VALIDE	t	2	\N	70	34	1	1	100	\N	\N	\N	QUALIFICATION_FIAT_06_05_2026_BMW_AUDITEUR1__2026-06-25.pdf	\N	2026-06-25 23:28:49.498432	\N	\N	GENERE	\N	1
22	\N	2026-05-03 12:20:23.155061	2026-05-03 12:38:33.067314	2026-05-03 12:38:33.067314	2026-05-03 12:27:14.879072	100	100	t	1777807647700_rapport_22.pdf	20	RAPPORT_VALIDE	t	7	\N	64	19	1	1	100	\N	\N	\N	QUALIFICATION_SKODA_03_05_2026_MOHAMED_MOHAMED_2026-05-03.pdf	\N	2026-05-03 12:47:47.319517	\N	\N	GENERE	\N	1
16	\N	2026-05-01 04:20:13.644389	2026-05-03 13:00:18.190394	\N	\N	\N	\N	\N	\N	\N	ANNULE	\N	5	\N	44	\N	0	0	\N	\N	\N	\N	\N	\N	\N	\N	\N	\N	\N	\N
24	\N	2026-05-03 13:08:24.335795	2026-05-03 13:10:40.111709	2026-05-03 13:10:40.111709	2026-05-03 13:09:39.217204	100	100	t	1777810184979_rapport_24.pdf	20	RAPPORT_VALIDE	t	4	\N	64	21	1	1	100	\N	\N	\N	QUALIFICATION_SKODA_03_05_2026_BEN_SALEM_AMEL_2026-05-03.pdf	\N	2026-05-03 13:10:54.453397	\N	\N	GENERE	\N	1
38	\N	2026-06-25 23:35:50.259036	2026-06-25 23:38:10.897865	2026-06-25 23:38:10.897865	2026-06-25 23:37:18.83735	100	100	t	1782427053331_rapport_38.pdf	19	RAPPORT_VALIDE	t	5	\N	95	35	1	1	100	\N	\N	\N	QUALIFICATION_MB_25_06_2026_BMW_AUDITEUR2__2026-06-25.pdf	\N	2026-06-25 23:38:15.601158	\N	\N	GENERE	\N	1
25	\N	2026-05-03 13:40:53.643496	2026-05-03 14:03:29.382351	2026-05-03 14:03:29.382351	2026-05-03 13:42:12.526038	100	100	t	1777812141782_rapport_25.pdf	20	RAPPORT_VALIDE	t	2	\N	64	22	1	1	100	\N	\N	\N	QUALIFICATION_SKODA_03_05_2026_HAMMOUDA_ZAINEB_2026-05-03.pdf	\N	2026-05-03 14:03:33.478125	\N	\N	GENERE	\N	1
39	\N	2026-06-26 00:48:39.207974	2026-06-26 00:50:36.955569	2026-06-26 00:50:36.955569	2026-06-26 00:49:55.687109	100	100	t	1782431406083_rapport_39.pdf	18	CERTIFIE	t	2	\N	99	36	1	1	100	\N	\N	t	QUALIFICATION_OEM_SUPPLIER_26_06_2026_BMW_AUDITEUR1__2026-06-26.pdf		2026-06-26 00:50:40.020048	2026-06-26 00:51:44.079972	bravoo	VALIDE_CHEF	6	1
\.


--
-- TOC entry 5338 (class 0 OID 57410)
-- Dependencies: 259
-- Data for Name: plan_action; Type: TABLE DATA; Schema: public; Owner: postgres
--

COPY public.plan_action (id, action_corrective, cause_racine, commentaire_efficacite, date_cloture, date_creation, date_echeance, date_modification, description, efficace, statut, titre, audit_id, non_conformite_id, responsable_id, act, check_, date_dernier_envoi, do_, email_externe, planifier, token_en_cours, token_valider) FROM stdin;
11	\N	\N	\N	2026-05-09	2026-05-08 22:39:07.299076	2026-05-15	2026-05-09 01:57:12.081839	PDCA créé depuis l'interface auditeur	\N	RESOLU	PDCA - Audit 36	36	\N	\N	act	check	2026-05-08 22:39:07.299076	do	zaineb.hamouda09@gmail.com	plan	dce30d6f-2a71-407d-aec9-a4bb3b1595e5	52351ac3-e881-4b64-8164-ed0a8dbd4536
12	\N	\N	\N	\N	2026-05-11 10:51:20.883125	2026-05-15	\N	PDCA créé depuis l'interface auditeur	\N	OUVERT	PDCA - Audit 36	36	\N	\N	act	check	2026-05-11 10:51:20.883125	do	zaineb.hamouda09@gmail.com	plan	3d11e7d3-0ada-4f97-a559-9fab073c1f18	59ec281b-c2b5-4cae-86c0-a3c76e6d6594
14	\N	\N	\N	2026-05-13	2026-05-13 13:43:12.540278	2026-05-15	2026-05-13 13:43:30.347566	PDCA créé depuis l'interface auditeur	\N	RESOLU	PDCA - Audit 36	36	\N	\N	act	check	2026-05-13 13:43:12.540278	do	zaineb.hamouda09@gmail.com	plan	3e1609b7-213e-49a6-b7cf-bb87f9e3a59b	12450052-62d8-4c7c-9a67-0845b49c396e
17	\N	\N	\N	\N	2026-05-14 02:35:37.200192	2026-05-17	\N	Score : 88% — 	\N	OUVERT	Audit export — non-conformité	124	\N	\N	\N	\N	2026-05-14 02:35:37.200192	\N	zaineb.hamouda09@gmail.com	\N	a4397fbb-3951-4cae-bbd3-3acc4d7aa56d	a7c85cf9-da08-4848-b347-dbfed610695a
18	\N	\N	\N	2026-05-14	2026-05-14 03:33:47.090421	2026-05-17	2026-05-14 03:56:19.915088	\N	\N	RESOLU	PDCA règle plate — audit regle plat_HAMMOUDA zaineb_14-05-2026	123	\N	\N	\N	\N	2026-05-14 03:33:47.090421	\N	zaineb.hamouda09@gmail.com	\N	d36bb4a9-8d0d-4894-b8c7-17e44898c69d	3bd445fa-6042-470c-af94-662237a68e13
19	\N	\N	\N	2026-05-15	2026-05-15 02:48:35.237743	2026-05-24	2026-05-15 02:48:45.131127	PDCA créé depuis l'interface auditeur	\N	RESOLU	PDCA - Audit 117	117	\N	\N	act	check	2026-05-15 02:48:35.237743	do	zaineb.hamouda09@gmail.com	faire plan	1a933caf-3a04-4b86-9f3b-5a0b6fbe08ea	b16b0b36-d99f-4ec7-ab7e-f106b84bd71c
21	\N	\N	\N	2026-05-16	2026-05-16 00:42:34.209396	2026-05-19	2026-05-16 02:28:32.042036	PDCA créé depuis l'interface auditeur	\N	FERME	PDCA - Audit 51	51	\N	62	act	ch	2026-05-16 00:42:34.209396	do	\N	b	4d2b4866-582c-44f0-800a-36ef0f460da2	23f6f9f6-67be-451b-8391-560e4ee5f4b1
\.


--
-- TOC entry 5340 (class 0 OID 57419)
-- Dependencies: 261
-- Data for Name: planification_audit; Type: TABLE DATA; Schema: public; Owner: postgres
--

COPY public.planification_audit (id, date_creation, date_debut, date_fin, date_lancement, date_modification, description, fichier_changements_techniques_nom, fichier_planification_nom, fichier_reclamations_nom, mode, nom, nombre_audits_en_retard, nombre_audits_termines, nombre_audits_total, statut, createur_id, segment_id) FROM stdin;
25	2026-04-10 23:06:12.434457	2026-04-10	2026-10-10	2026-04-10 23:37:27.661278	2026-04-10 23:37:27.673617	\N	\N	PI3010_BMW_TEST_5audits__2_-2026-04-10_to_2026-10-10.xlsx	\N	IMPORT_EXCEL	Planification_BMW_10/04/2026	0	0	5	LANCE	1	\N
40	2026-05-08 13:41:23.010219	2026-05-08	2027-05-08	\N	2026-05-08 13:41:23.289733	\N	\N	PI3010_BMW_TEST_5audits__1_-2026-1.xlsx	\N	IMPORT_EXCEL	Planification_BMW_Segment 32_08/05/2026	0	0	5	BROUILLON	1	3
41	2026-05-08 13:41:48.229521	2026-05-08	2027-05-08	\N	2026-05-08 13:41:48.467358	\N	\N	PI3010_BMW_TEST_5audits__2_-2026.xlsx	\N	IMPORT_EXCEL	Planification_BMW_Segment 32_08/05/2026	0	0	5	BROUILLON	1	3
61	2026-06-16 02:36:31.161401	2026-06-16	2027-06-16	\N	2026-06-16 02:36:31.289964	\N	\N	PI3010_BMW_TEST_5audits__2_-2026-6.xlsx	\N	IMPORT_EXCEL	Planification_BMW_Segment 32_16/06/2026	0	0	5	BROUILLON	1	3
31	2026-04-24 14:41:03.2598	2026-04-24	2026-10-24	\N	2026-04-24 14:41:04.179138	\N	\N	PI3010_BMW_TEST_5audits-2026-04-24_to_2026-10-24.xlsx	\N	IMPORT_EXCEL	Planification_BMW_24/04/2026	0	0	5	BROUILLON	1	\N
42	2026-05-08 13:42:20.115408	2026-05-08	2027-05-08	2026-05-08 13:47:30.373963	2026-05-08 13:47:30.405484	\N	\N	PI3010_BMW_TEST_5audits-2026-1.xlsx	\N	IMPORT_EXCEL	Planification_BMW_Segment 32_08/05/2026	0	0	5	LANCE	1	3
43	2026-05-18 12:30:32.741648	2026-05-18	2026-11-18	\N	2026-05-18 12:30:32.842181	\N	\N	planification_SEG33_VW_test-2026-05-18_to_2026-11-18.xlsx	\N	IMPORT_EXCEL	Planification_VW_Segment 32_18/05/2026	0	0	6	BROUILLON	1	6
34	2026-04-27 20:33:39.352983	2026-04-27	2026-10-27	\N	2026-04-27 20:33:44.369284	\N	\N	planification_SEG33_VW_test-2026-04-27_to_2026-10-27-1.xlsx	\N	IMPORT_EXCEL	Planification_VW_27/04/2026	0	0	6	BROUILLON	1	\N
35	2026-05-05 01:46:28.047548	2026-05-05	2026-11-05	\N	2026-05-05 01:46:38.543421	\N	\N	PI3010en4_Segment_32-2026-05-05_to_2026-11-05.xlsx	\N	IMPORT_EXCEL	Planification_BMW_05/05/2026	0	0	37	BROUILLON	1	\N
36	2026-05-05 19:26:19.844155	2026-05-05	2027-05-05	2026-05-05 19:35:53.626906	2026-05-05 19:35:53.628911	\N	\N	PI3010_BMW_TEST_5audits__1_-2026.xlsx	\N	IMPORT_EXCEL	Planification_BMW_Segment 32_05/05/2026	0	0	5	LANCE	1	3
45	2026-05-20 02:05:34.188165	2026-05-20	2027-05-20	\N	2026-05-20 02:05:34.634676	\N	\N	PI3010_BMW_TEST_5audits__2_-2026-1.xlsx	\N	IMPORT_EXCEL	Planification_BMW_20/05/2026	0	0	5	BROUILLON	1	\N
37	2026-05-07 23:30:32.949307	2026-05-07	2027-05-07	2026-05-07 23:38:20.53955	2026-05-07 23:38:20.547063	\N	\N	PI3010en4_Segment_32-2026.xlsx	\N	IMPORT_EXCEL	Planification_BMW_Segment 32_07/05/2026	0	0	37	LANCE	1	3
38	2026-05-07 23:46:39.524163	2026-05-07	2026-11-07	2026-05-07 23:51:36.916388	2026-05-07 23:51:36.918395	\N	\N	PI3010_VW_Segment_32_6mois-2026-05-07_to_2026-11-07.xlsx	\N	IMPORT_EXCEL	Planification_VW_Segment 32_07/05/2026	0	0	20	LANCE	1	6
54	2026-05-23 18:00:17.707664	2026-05-23	2027-05-23	\N	2026-05-23 18:00:18.836547	\N	\N	PI3010en4_Segment_32-2026-3.xlsx	\N	IMPORT_EXCEL	Planification_BMW_Segment 32_23/05/2026	0	0	37	BROUILLON	1	3
46	2026-05-20 02:07:56.804558	2026-05-20	2027-05-20	2026-05-20 02:11:14.740459	2026-05-20 02:11:14.752839	\N	\N	PI3010_BMW_TEST_5audits-2026-2.xlsx	\N	IMPORT_EXCEL	Planification_BMW_Segment 32_20/05/2026	0	0	5	LANCE	1	3
62	2026-06-25 13:16:35.419197	2026-06-25	2027-06-25	\N	2026-06-25 13:16:35.551133	\N	\N	PI3010_BMW_TEST_5audits__2_-2026-7.xlsx	\N	IMPORT_EXCEL	Planification_BMW_Segment 32_25/06/2026	0	0	5	BROUILLON	1	3
48	2026-05-21 12:12:06.126747	2026-05-21	2026-11-21	\N	2026-05-21 12:12:06.702649	\N	\N	planif_SEG32_format_reel-2026-05-21_to_2026-11-21.xlsx	\N	IMPORT_EXCEL	Planification_VW_Seg 75_21/05/2026	0	0	7	BROUILLON	1	59
49	2026-05-22 11:14:10.424693	2026-05-22	2027-05-22	2026-05-22 11:15:31.111812	2026-05-22 11:15:31.115812	\N	\N	PI3010_BMW_TEST_5audits__2_-2026-3.xlsx	\N	IMPORT_EXCEL	Planification_BMW_Segment 32_22/05/2026	0	0	5	LANCE	1	3
50	2026-05-22 11:42:23.56553	2026-05-22	2027-05-22	\N	2026-05-22 11:42:24.450416	\N	\N	PI3010en4_Segment_32-2026-2.xlsx	\N	IMPORT_EXCEL	Planification_BMW_Segment 32_22/05/2026	0	0	37	BROUILLON	1	3
51	2026-05-22 23:09:05.21659	2026-05-22	2027-05-22	\N	2026-05-22 23:09:05.648998	\N	\N	PI3010_BMW_Segment_33_12mois-2026.xlsx	\N	IMPORT_EXCEL	Planification_BMW_Segment 32_22/05/2026	0	0	20	BROUILLON	2	3
55	2026-05-24 23:58:16.454368	2026-05-24	2027-05-24	\N	2026-05-24 23:58:16.826364	\N	\N	planification_SEG33_VW_test-2026.xlsx	\N	IMPORT_EXCEL	Planification_BMW_Segment 31_24/05/2026	0	0	6	BROUILLON	1	2
56	2026-05-26 02:37:25.760317	2026-05-26	2027-05-26	\N	2026-05-26 02:37:25.882406	\N	\N	PI3010_BMW_TEST_5audits__2_-2026-4.xlsx	\N	IMPORT_EXCEL	Planification_BMW_Segment 33_26/05/2026	0	0	5	BROUILLON	1	4
63	2026-06-25 19:52:41.659796	2026-06-25	2027-06-25	\N	2026-06-25 19:52:41.786836	\N	\N	PI3010_BMW_TEST_5audits-2026-5.xlsx	\N	IMPORT_EXCEL	Planification_BMW_Segment 33_25/06/2026	0	0	5	BROUILLON	1	4
57	2026-05-28 16:57:39.177965	2026-05-28	2027-05-28	2026-05-28 16:57:54.705244	2026-05-28 16:57:54.712741	\N	\N	PI3010_BMW_TEST_5audits__2_-2026-5.xlsx	\N	IMPORT_EXCEL	Planification_BMW_28/05/2026	0	0	5	LANCE	2	\N
58	2026-06-01 13:38:48.844191	2026-06-01	2027-06-01	\N	2026-06-01 13:38:51.762476	\N	\N	PI3010en4_Segment_32-2026-4.xlsx	\N	IMPORT_EXCEL	Planification_BMW_Segment 32_01/06/2026	0	0	37	BROUILLON	1	3
59	2026-06-01 14:28:29.144421	2026-06-01	2027-06-01	\N	2026-06-01 14:28:29.240525	\N	\N	PI3010_BMW_TEST_5audits__1_-2026-2.xlsx	\N	IMPORT_EXCEL	Planification_BMW_Segment 31_01/06/2026	0	0	5	BROUILLON	1	2
60	2026-06-09 01:47:53.101791	2026-06-09	2027-06-09	\N	2026-06-09 01:47:53.267272	\N	\N	PI3010_BMW_TEST_5audits-2026-4.xlsx	\N	IMPORT_EXCEL	Planification_BMW_Segment 32_09/06/2026	0	0	5	BROUILLON	1	3
64	2026-06-25 19:58:30.021042	2026-06-25	2027-06-25	\N	2026-06-25 19:58:30.108011	\N	\N	PI3010_BMW_TEST_5audits-2026-6.xlsx	\N	IMPORT_EXCEL	Planification_BMW_Segment 33_25/06/2026	0	0	5	BROUILLON	1	4
65	2026-06-25 21:00:13.765754	2026-06-25	2027-06-25	\N	2026-06-25 21:00:13.97283	\N	\N	PI3010_BMW_TEST_5audits__2_-2026-8.xlsx	\N	IMPORT_EXCEL	Planification_BMW_Segment 32_25/06/2026	0	0	5	BROUILLON	1	3
66	2026-06-25 21:07:42.027683	2026-06-25	2027-06-25	\N	2026-06-25 21:07:42.252711	\N	\N	PI3010_BMW_TEST_5audits-2026-7.xlsx	\N	IMPORT_EXCEL	Planification_BMW_Segment 31_25/06/2026	0	0	5	BROUILLON	1	2
67	2026-06-25 21:10:16.362976	2026-06-25	2027-06-25	\N	2026-06-25 21:10:16.58702	\N	\N	PI3010_BMW_TEST_5audits-2026-8.xlsx	\N	IMPORT_EXCEL	Planification_BMW_Segment 31_25/06/2026	0	0	5	BROUILLON	1	2
69	2026-06-26 00:52:34.992628	2026-06-26	2027-06-26	2026-06-26 00:53:09.400214	2026-06-26 00:53:09.408164	\N	\N	PI3010_BMW_TEST_5audits__2_-2026-10.xlsx	\N	IMPORT_EXCEL	Planification_BMW_Segment 32_26/06/2026	0	0	5	LANCE	1	3
68	2026-06-25 22:38:00.887791	2026-06-25	2027-06-25	2026-06-25 22:38:56.26462	2026-06-25 22:38:56.280096	\N	\N	PI3010_BMW_TEST_5audits__2_-2026-9.xlsx	\N	IMPORT_EXCEL	Planification_BMW_Segment 32_25/06/2026	0	0	5	LANCE	1	3
\.


--
-- TOC entry 5299 (class 0 OID 24701)
-- Dependencies: 220
-- Data for Name: plant; Type: TABLE DATA; Schema: public; Owner: postgres
--

COPY public.plant (id, nom, site_id, client_nom, code, description, actif) FROM stdin;
7	BMW 	8	BMW	BMW-SOU	\N	t
8	VW	8	Volkswagen	VW-SOU	\N	t
17	MEB-AUTARK	7	\N	\N	\N	t
18	RBA	7	\N	\N	\N	t
20	MH	9	\N	\N	\N	t
21	Cutting  central WTNMH	9	\N	\N	\N	t
19	Cutting central WTNSB	7	\N	\N	\N	t
13	MN	6	Ford	FORD-MN	\N	t
10	MB	8	Mercedes	MB-SOU	\N	t
9	Cutting central WTNSO	8	Audi	AUDI-SOU	\N	t
22	BMW U11	10	\N	\N	\N	t
23	OEM SUPP	10	\N	\N	\N	t
24	Cutting central WTNST	10	\N	\N	\N	t
12	MS	5	Stellantis	STEL-MS	\N	t
\.


--
-- TOC entry 5328 (class 0 OID 32834)
-- Dependencies: 249
-- Data for Name: projet; Type: TABLE DATA; Schema: public; Owner: postgres
--

COPY public.projet (id, description, nom, segment_id) FROM stdin;
1	Projet BMW Série 3/4 (G20 G21 G22 G23 G26 G28 G29 G80 G82 G83) — Seg 32	BMW G2X	3
2	Projet BMW Série X (G05 G06 G07) — Seg 31	BMW G0X	2
3	Projet BMW Série M (M3 M4 M5) — Seg 33	BMW G4X	4
4	Projet VW Plateforme MQB (Golf Passat Tiguan) — Seg 32	VW MQB	6
5	Projet VW Plateforme Premium Electric (ID.4 ID.7) — Seg 31	VW PPE	5
6	Projet Audi MLB (A4 A5 A6 Q5 Q7) — Seg 32	Audi MLB	9
7	Projet Audi MEB (e-tron Q4) — Seg 31	Audi MEB	8
8	Projet Mercedes MFA2 (Classe A B CLA GLB) — Seg 32	Mercedes MFA2	11
10	Projet Stellantis STLA Medium (308 C5X) — Seg 32	Stellantis STLA Medium	15
11	Projet Ford C2 (Focus Kuga) — Seg 32	Ford C2	17
15		BMW G12	3
\.


--
-- TOC entry 5313 (class 0 OID 24836)
-- Dependencies: 234
-- Data for Name: question_test; Type: TABLE DATA; Schema: public; Owner: postgres
--

COPY public.question_test (id, bonne_reponse_image, bonne_reponse_index, chrono_secondes, dans_pool, defauts_disponibles_json, enonce, image_url, ordre, points, type, test_theorique_id, type_reponse_image) FROM stdin;
1	1	\N	120	f	[]	\N	/uploads/defauts/1776310482815_Capture d'écran 2026-04-16 043119.png	1	1	IMAGE_DEFAUT	2	\N
2	1	\N	120	f	[]	\N	/uploads/defauts/1776310520821_Capture d'écran 2026-04-16 043055.png	2	1	IMAGE_DEFAUT	2	\N
3	1	\N	120	f	[]	\N	/uploads/defauts/1776310552529_Capture d'écran 2026-04-16 043039.png	3	1	IMAGE_DEFAUT	2	\N
4	1	\N	120	f	[]	\N	/uploads/defauts/1776310591353_Capture d'écran 2026-04-16 043024.png	4	1	IMAGE_DEFAUT	2	\N
5	1	\N	120	f	[]	\N	/uploads/defauts/1776310633955_Capture d'écran 2026-04-16 042948.png	5	1	IMAGE_DEFAUT	2	\N
6	1	\N	120	f	[]	\N	/uploads/defauts/1776310693369_Capture d'écran 2026-04-16 042935.png	6	1	IMAGE_DEFAUT	2	\N
7	1	\N	120	f	[]	\N	/uploads/defauts/1776310728540_Capture d'écran 2026-04-16 042915.png	7	1	IMAGE_DEFAUT	2	\N
8	1	\N	120	f	[]	\N	/uploads/defauts/1776310763706_Capture d'écran 2026-04-16 042858.png	8	1	IMAGE_DEFAUT	2	\N
9	1	\N	120	f	[]	\N	/uploads/defauts/1776310981966_Capture d'écran 2026-04-16 042815.png	9	1	IMAGE_DEFAUT	2	\N
10	1	\N	120	f	[]	\N	/uploads/defauts/1776311024750_Capture d'écran 2026-04-16 042751.png	10	1	IMAGE_DEFAUT	2	\N
11	\N	0	120	t	\N	1	\N	0	1	QCM	2	\N
12	\N	0	120	t	\N	1	\N	0	1	QCM	2	\N
13	\N	0	120	t	\N	1	\N	0	1	QCM	2	\N
14	\N	0	120	t	\N	1	\N	0	1	QCM	2	\N
15	\N	0	120	t	\N	1	\N	0	1	QCM	2	\N
16	\N	0	120	t	\N	1	\N	0	1	QCM	2	\N
17	\N	0	120	t	\N	1	\N	0	1	QCM	2	\N
18	\N	0	120	t	\N	1	\N	0	1	QCM	2	\N
19	\N	0	120	t	\N	1	\N	0	1	QCM	2	\N
20	\N	0	120	t	\N	1	\N	0	1	QCM	2	\N
21	a	\N	120	f	[]	\N	/uploads/defauts/1777336793286_Capture d'écran 2026-04-16 042424.png	1	1	IMAGE_DEFAUT	1	\N
22	a	\N	120	f	[]	\N	/uploads/defauts/1777336809520_Capture d'écran 2026-04-16 042642.png	2	1	IMAGE_DEFAUT	1	\N
23	a	\N	120	f	[]	\N	/uploads/defauts/1777336821010_Capture d'écran 2026-04-16 042703.png	3	1	IMAGE_DEFAUT	1	\N
24	a	\N	120	f	[]	\N	/uploads/defauts/1777336832519_Capture d'écran 2026-04-16 042724.png	4	1	IMAGE_DEFAUT	1	\N
25	a	\N	120	f	[]	\N	/uploads/defauts/1777336844102_Capture d'écran 2026-04-16 042751.png	5	1	IMAGE_DEFAUT	1	\N
26	a	\N	120	f	[]	\N	/uploads/defauts/1777336855296_Capture d'écran 2026-04-16 042815.png	6	1	IMAGE_DEFAUT	1	\N
27	a	\N	120	f	[]	\N	/uploads/defauts/1777336876078_Capture d'écran 2026-04-16 042642.png	7	1	IMAGE_DEFAUT	1	\N
28	a	\N	120	f	[]	\N	/uploads/defauts/1777336890268_Capture d'écran 2026-04-16 042915.png	8	1	IMAGE_DEFAUT	1	\N
29	a	\N	120	f	[]	\N	/uploads/defauts/1777336900306_Capture d'écran 2026-04-16 043119.png	9	1	IMAGE_DEFAUT	1	\N
30	a	\N	120	f	[]	\N	/uploads/defauts/1777336914588_Capture d'écran 2026-04-16 042935.png	10	1	IMAGE_DEFAUT	1	\N
31	a	\N	120	f	[]	\N	/uploads/defauts/1777336929583_Capture d'écran 2026-04-16 042948.png	11	1	IMAGE_DEFAUT	1	\N
32	\N	0	120	t	\N	a	\N	0	1	QCM	1	\N
33	\N	0	120	t	\N	a	\N	0	1	QCM	1	\N
34	\N	0	120	t	\N	a	\N	0	1	QCM	1	\N
35	\N	0	120	t	\N	a	\N	0	1	QCM	1	\N
36	\N	0	120	t	\N	a	\N	0	1	QCM	1	\N
37	\N	0	120	t	\N	a	\N	0	1	QCM	1	\N
38	\N	0	120	t	\N	a	\N	0	1	QCM	1	\N
39	\N	0	120	t	\N	a	\N	0	1	QCM	1	\N
40	\N	0	120	t	\N	a	\N	0	1	QCM	1	\N
41	\N	0	120	t	\N	a	\N	0	1	QCM	1	\N
56	1	\N	120	f	[]	\N	/uploads/defauts/1777550874989_Capture d'écran 2026-04-16 043055.png	1	1	IMAGE_DEFAUT	4	\N
57	1	\N	120	f	[]	\N	/uploads/defauts/1777550896181_Capture d'écran 2026-04-16 043024.png	2	1	IMAGE_DEFAUT	4	\N
58	1	\N	120	f	[]	\N	/uploads/defauts/1777550919628_Capture d'écran 2026-04-16 042948.png	3	1	IMAGE_DEFAUT	4	\N
59	1	\N	120	f	[]	\N	/uploads/defauts/1777550934662_Capture d'écran 2026-03-27 225041.png	4	1	IMAGE_DEFAUT	4	\N
60	1	\N	120	f	[]	\N	/uploads/defauts/1777550944348_Capture d'écran 2026-04-16 042500.png	5	1	IMAGE_DEFAUT	4	\N
61	1	\N	120	f	[]	\N	/uploads/defauts/1777550952730_Capture d'écran 2026-04-16 042521.png	6	1	IMAGE_DEFAUT	4	\N
62	1	\N	120	f	[]	\N	/uploads/defauts/1777550961687_Capture d'écran 2026-04-16 042424.png	7	1	IMAGE_DEFAUT	4	\N
67	\N	\N	120	t	\N	1	\N	0	1	QCM	4	\N
63	1	\N	120	f	[]	\N	/uploads/defauts/1777550971275_Capture d'écran 2026-04-16 042642.png	8	1	IMAGE_DEFAUT	4	\N
65	1	\N	120	f	[]	\N	/uploads/defauts/1777550993776_Capture d'écran 2026-03-27 225102.png	10	1	IMAGE_DEFAUT	4	\N
68	\N	\N	120	t	\N	1	\N	0	1	QCM	4	\N
75	\N	\N	120	t	\N	1	\N	0	1	QCM	4	\N
64	1	\N	120	f	[]	\N	/uploads/defauts/1777550980112_Capture d'écran 2026-04-16 042442.png	9	1	IMAGE_DEFAUT	4	\N
66	\N	\N	120	t	\N	1	\N	0	1	QCM	4	\N
69	\N	\N	120	t	\N	1	\N	0	1	QCM	4	\N
73	\N	\N	120	t	\N	1	\N	0	1	QCM	4	\N
76	\N	\N	120	t	\N	1	\N	0	1	QCM	4	\N
70	\N	\N	120	t	\N	1	\N	0	1	QCM	4	\N
71	\N	\N	120	t	\N	1	\N	0	1	QCM	4	\N
72	\N	\N	120	t	\N	1	\N	0	1	QCM	4	\N
74	\N	\N	120	t	\N	1	\N	0	1	QCM	4	\N
77	1	\N	120	f	[]	\N	/uploads/defauts/1777552993052_wiring.jpg	1	1	IMAGE_DEFAUT	5	\N
78	2	\N	120	f	[]	\N	/uploads/defauts/1777586671451_Capture d'écran 2026-04-16 042935.png	2	1	IMAGE_DEFAUT	5	\N
79	2	\N	120	f	[]	\N	/uploads/defauts/1777586691923_Capture d'écran 2026-04-16 043024.png	3	1	IMAGE_DEFAUT	5	\N
80	2	\N	120	f	[]	\N	/uploads/defauts/1777586720131_Capture d'écran 2026-04-16 042948.png	4	1	IMAGE_DEFAUT	5	\N
81	2	\N	120	f	[]	\N	/uploads/defauts/1777586742480_Capture d'écran 2026-04-16 042915.png	5	1	IMAGE_DEFAUT	5	\N
82	2	\N	120	f	[]	\N	/uploads/defauts/1777586768650_Capture d'écran 2026-04-16 042858.png	6	1	IMAGE_DEFAUT	5	\N
83	2	\N	120	f	[]	\N	/uploads/defauts/1777586800042_Capture d'écran 2026-04-16 042602.png	7	1	IMAGE_DEFAUT	5	\N
84	1	\N	120	f	[]	\N	/uploads/defauts/1777586823820_Capture d'écran 2026-04-16 043055.png	8	1	IMAGE_DEFAUT	5	\N
85	2	\N	120	f	[]	\N	/uploads/defauts/1777586844061_Capture d'écran 2026-04-16 042546.png	9	1	IMAGE_DEFAUT	5	\N
86	2	\N	120	f	[]	\N	/uploads/defauts/1777586869083_Capture d'écran 2026-04-16 042935.png	10	1	IMAGE_DEFAUT	5	\N
87	Inversion de polarité	\N	30	f	[]	\N	/uploads/defauts/1780367698052_Capture d'écran 2026-04-16 042948.png	1	1	IMAGE_DEFAUT	10	\N
88	Incorrect mesure	\N	30	f	[]	\N	/uploads/defauts/1780367808140_Capture d'écran 2026-04-16 042815.png	2	1	IMAGE_DEFAUT	10	\N
89	audit default	\N	30	f	[]	\N	/uploads/defauts/1782421767105_Capture d'écran 2026-04-16 042915.png	1	1	IMAGE_DEFAUT	12	\N
90	\N	\N	30	t	\N	quelle est ...	\N	0	1	QCM	12	\N
\.


--
-- TOC entry 5353 (class 0 OID 98369)
-- Dependencies: 274
-- Data for Name: question_test_bonnes_reponses; Type: TABLE DATA; Schema: public; Owner: postgres
--

COPY public.question_test_bonnes_reponses (question_id, reponse_index) FROM stdin;
11	0
12	0
13	0
14	0
15	0
16	0
17	0
18	0
19	0
20	0
32	0
33	0
34	0
35	0
36	0
37	0
38	0
39	0
40	0
41	0
66	0
66	1
67	0
67	1
68	0
68	1
69	0
69	1
70	0
70	1
71	0
71	1
72	0
72	1
73	0
73	1
74	0
74	1
75	0
75	1
76	1
76	0
90	0
90	1
\.


--
-- TOC entry 5314 (class 0 OID 24844)
-- Dependencies: 235
-- Data for Name: question_test_options; Type: TABLE DATA; Schema: public; Owner: postgres
--

COPY public.question_test_options (question_id, option_texte) FROM stdin;
11	1
11	2
11	3
11	4
12	1
12	2
12	3
12	4
13	1
13	1
13	1
13	1
14	1
14	1
14	1
14	1
15	1
15	2
15	3
15	4
16	1
16	2
16	3
16	4
17	1
17	2
17	3
17	4
18	1
18	2
18	3
18	4
19	1
19	2
19	3
19	4
20	1
20	2
20	3
20	4
32	a
32	b
32	3
32	4
33	a
33	b
33	c
33	d
34	a
34	b
34	c
34	d
35	a
35	b
35	c
35	d
36	a
36	b
36	c
36	d
37	a
37	b
37	c
37	d
38	a
38	b
38	c
38	d
39	a
39	b
39	c
39	d
40	a
40	b
40	c
40	d
41	a
41	b
41	c
41	d
66	1
66	1
66	1
66	1
67	1
67	1
67	1
67	1
68	1
68	1
68	1
68	1
69	1
69	1
69	1
69	1
70	1
70	1
70	1
70	1
71	1
71	1
71	1
71	1
72	1
72	1
72	1
72	1
73	1
73	1
73	1
73	1
74	1
74	1
74	1
74	1
75	1
75	1
75	1
75	1
76	1
76	1
76	1
76	1
90	A
90	B
90	C
90	D
\.


--
-- TOC entry 5361 (class 0 OID 131140)
-- Dependencies: 282
-- Data for Name: rapport_mensuel; Type: TABLE DATA; Schema: public; Owner: postgres
--

COPY public.rapport_mensuel (id, annee, date_generation, excel_url, mois, nombre_audits, pdf_url, genere_par_id, plant_id) FROM stdin;
2	2026	2026-07-14 13:14:43.588129	.\\uploads\\rapports-mensuels\\Rapport_1A_BMW_2026-01.xlsx	1	0	.\\uploads\\rapports-mensuels\\Rapport_1A_BMW_2026-01.pdf	7	7
3	2026	2026-07-14 13:14:44.64343	.\\uploads\\rapports-mensuels\\Rapport_1A_BMW_2026-02.xlsx	2	0	.\\uploads\\rapports-mensuels\\Rapport_1A_BMW_2026-02.pdf	7	7
4	2026	2026-07-14 13:14:45.520281	.\\uploads\\rapports-mensuels\\Rapport_1A_BMW_2026-03.xlsx	3	0	.\\uploads\\rapports-mensuels\\Rapport_1A_BMW_2026-03.pdf	7	7
5	2026	2026-07-14 13:14:46.323744	.\\uploads\\rapports-mensuels\\Rapport_1A_BMW_2026-04.xlsx	4	1	.\\uploads\\rapports-mensuels\\Rapport_1A_BMW_2026-04.pdf	7	7
1	2026	2026-07-14 13:14:47.330233	.\\uploads\\rapports-mensuels\\Rapport_1A_BMW_2026-05.xlsx	5	11	.\\uploads\\rapports-mensuels\\Rapport_1A_BMW_2026-05.pdf	7	7
6	2026	2026-07-14 13:14:48.185459	.\\uploads\\rapports-mensuels\\Rapport_1A_BMW_2026-06.xlsx	6	7	.\\uploads\\rapports-mensuels\\Rapport_1A_BMW_2026-06.pdf	7	7
7	2026	2026-07-14 13:14:48.98282	.\\uploads\\rapports-mensuels\\Rapport_1A_BMW_2026-07.xlsx	7	6	.\\uploads\\rapports-mensuels\\Rapport_1A_BMW_2026-07.pdf	7	7
8	2026	2026-07-14 11:27:31.03501	.\\uploads\\rapports-mensuels\\Rapport_1A_VW_2026-01.xlsx	1	0	.\\uploads\\rapports-mensuels\\Rapport_1A_VW_2026-01.pdf	4	8
9	2026	2026-07-14 11:27:31.560276	.\\uploads\\rapports-mensuels\\Rapport_1A_VW_2026-02.xlsx	2	0	.\\uploads\\rapports-mensuels\\Rapport_1A_VW_2026-02.pdf	4	8
10	2026	2026-07-14 11:27:32.096055	.\\uploads\\rapports-mensuels\\Rapport_1A_VW_2026-03.xlsx	3	0	.\\uploads\\rapports-mensuels\\Rapport_1A_VW_2026-03.pdf	4	8
11	2026	2026-07-14 11:27:32.69178	.\\uploads\\rapports-mensuels\\Rapport_1A_VW_2026-04.xlsx	4	0	.\\uploads\\rapports-mensuels\\Rapport_1A_VW_2026-04.pdf	4	8
13	2026	2026-07-14 11:27:33.952364	.\\uploads\\rapports-mensuels\\Rapport_1A_VW_2026-06.xlsx	6	0	.\\uploads\\rapports-mensuels\\Rapport_1A_VW_2026-06.pdf	4	8
14	2026	2026-07-14 11:27:34.624457	.\\uploads\\rapports-mensuels\\Rapport_1A_VW_2026-07.xlsx	7	0	.\\uploads\\rapports-mensuels\\Rapport_1A_VW_2026-07.pdf	4	8
12	2026	2026-07-14 11:46:47.978792	.\\uploads\\rapports-mensuels\\Rapport_1A_VW_2026-05.xlsx	5	0	.\\uploads\\rapports-mensuels\\Rapport_1A_VW_2026-05.pdf	4	8
\.


--
-- TOC entry 5316 (class 0 OID 24848)
-- Dependencies: 237
-- Data for Name: rapport_pratique; Type: TABLE DATA; Schema: public; Owner: postgres
--

COPY public.rapport_pratique (id, date_soumission, defauts_correctement_identifies, lignes_json, score, soumis, total_defauts, certification_id) FROM stdin;
\.


--
-- TOC entry 5318 (class 0 OID 24856)
-- Dependencies: 239
-- Data for Name: reponse_session; Type: TABLE DATA; Schema: public; Owner: postgres
--

COPY public.reponse_session (id, correcte, date_reponse, expiree, numero_question, points_obtenus, reponse_index, reponse_texte, temps_utilise, question_id, session_id) FROM stdin;
1	t	2026-04-16 10:55:13.822413	f	1	1	\N	1	16	7	1
2	t	2026-04-16 10:55:25.43746	f	2	1	\N	1	7	9	1
3	t	2026-04-16 10:55:34.93224	f	3	1	\N	1	6	10	1
4	t	2026-04-16 10:55:41.539114	f	4	1	\N	1	3	1	1
5	t	2026-04-16 10:55:47.538781	f	5	1	\N	1	3	5	1
6	t	2026-04-16 10:55:53.508352	f	6	1	\N	1	3	4	1
7	t	2026-04-16 10:56:00.171755	f	7	1	\N	1	3	3	1
8	t	2026-04-16 10:56:24.631373	f	8	1	\N	1	21	6	1
9	t	2026-04-16 10:56:35.614732	f	9	1	\N	1	3	2	1
10	t	2026-04-16 10:56:41.143902	f	10	1	\N	1	3	8	1
11	t	2026-04-16 11:28:34.981119	f	11	1	0	\N	15	17	1
12	t	2026-04-16 11:31:55.132985	f	12	1	0	\N	6	14	1
13	t	2026-04-16 11:32:57.158078	f	13	1	0	\N	2	15	1
14	t	2026-04-16 11:33:01.452194	f	14	1	0	\N	2	13	1
15	t	2026-04-16 11:33:05.380542	f	15	1	0	\N	2	18	1
16	t	2026-04-16 11:33:10.335879	f	16	1	0	\N	2	12	1
17	t	2026-04-16 11:33:14.517028	f	17	1	0	\N	2	16	1
18	t	2026-04-16 11:33:19.696278	f	18	1	0	\N	2	20	1
19	t	2026-04-16 11:33:33.339761	f	19	1	0	\N	11	11	1
20	t	2026-04-16 11:33:39.957579	f	20	1	0	\N	4	19	1
21	t	2026-04-16 14:44:41.860344	f	1	1	\N	1	13	2	2
22	t	2026-04-16 15:02:42.571084	f	1	1	\N	1	14	4	3
23	t	2026-04-16 15:02:50.62952	f	2	1	\N	1	5	7	3
24	t	2026-04-16 15:03:06.885117	f	3	1	\N	1	12	1	3
25	t	2026-04-16 15:03:14.664948	f	4	1	\N	1	3	10	3
26	t	2026-04-16 15:03:20.174501	f	5	1	\N	1	3	6	3
27	t	2026-04-16 15:03:44.137674	f	6	1	\N	1	21	5	3
28	t	2026-04-16 15:03:59.46439	f	7	1	\N	1	12	2	3
29	t	2026-04-16 15:04:07.425274	f	8	1	\N	1	4	8	3
30	t	2026-04-16 15:04:21.351153	f	9	1	\N	1	4	3	3
31	t	2026-04-16 15:04:26.950985	f	10	1	\N	1	3	9	3
32	t	2026-04-16 15:04:45.48318	f	11	1	0	\N	3	19	3
33	t	2026-04-16 15:04:49.534459	f	12	1	0	\N	2	20	3
34	t	2026-04-16 15:04:54.054597	f	13	1	0	\N	2	18	3
35	t	2026-04-16 15:05:03.591239	f	14	1	0	\N	7	17	3
36	t	2026-04-16 15:05:07.870565	f	15	1	0	\N	2	15	3
37	t	2026-04-16 15:05:12.64231	f	16	1	0	\N	2	16	3
38	t	2026-04-16 15:05:16.321858	f	17	1	0	\N	2	11	3
39	t	2026-04-16 15:05:20.85962	f	18	1	0	\N	2	12	3
40	t	2026-04-16 15:05:25.693607	f	19	1	0	\N	3	14	3
41	t	2026-04-16 15:05:30.03133	f	20	1	0	\N	2	13	3
42	f	2026-04-16 15:13:25.803426	f	1	0	\N	2	10	6	4
43	f	2026-04-16 15:13:32.710486	f	2	0	\N	2	4	5	4
44	f	2026-04-16 15:13:39.6853	f	3	0	\N	3	4	8	4
45	f	2026-04-16 15:13:44.988037	f	4	0	\N	3	3	2	4
46	f	2026-04-16 15:13:50.536856	f	5	0	\N	3	3	10	4
47	f	2026-04-16 15:13:55.938905	f	6	0	\N	3	3	1	4
48	f	2026-04-16 15:14:00.467509	f	7	0	\N	3	2	9	4
49	f	2026-04-16 15:14:04.881772	f	8	0	\N	3	2	3	4
50	f	2026-04-16 15:14:09.466737	f	9	0	\N	3	2	4	4
51	f	2026-04-16 15:14:13.91417	f	10	0	\N	3	2	7	4
52	f	2026-04-16 15:14:21.1536	f	11	0	1	\N	2	19	4
53	t	2026-04-16 15:23:15.879308	f	12	1	0	\N	11	17	4
74	f	2026-04-22 13:20:28.192077	t	1	0	\N	\N	120	1	6
75	f	2026-04-22 13:20:28.192077	t	1	0	\N	\N	120	1	6
76	f	2026-04-23 12:29:28.731481	f	1	0	\N	Masse non connectée	23	3	7
77	t	2026-04-23 12:29:43.545512	f	2	1	\N	1	11	4	7
78	t	2026-04-23 12:29:49.054959	f	3	1	\N	1	3	1	7
79	t	2026-04-23 12:29:53.666233	f	4	1	\N	1	3	7	7
80	t	2026-04-23 12:29:58.917405	f	5	1	\N	1	3	5	7
81	t	2026-04-23 12:30:05.025119	f	6	1	\N	1	3	8	7
82	t	2026-04-23 12:30:09.655825	f	7	1	\N	1	3	2	7
83	t	2026-04-23 12:30:36.173084	f	8	1	\N	1	24	6	7
84	t	2026-04-23 12:30:41.092717	f	9	1	\N	1	3	10	7
85	t	2026-04-23 12:30:46.770925	f	10	1	\N	1	4	9	7
86	t	2026-04-23 12:30:53.94844	f	11	1	0	\N	2	15	7
87	t	2026-04-23 12:31:00.518754	f	12	1	0	\N	5	16	7
88	t	2026-04-23 12:31:04.293677	f	13	1	0	\N	2	14	7
89	t	2026-04-23 12:31:14.883059	f	14	1	0	\N	3	20	7
90	t	2026-04-23 12:31:19.115387	f	15	1	0	\N	2	13	7
91	t	2026-04-23 12:31:22.649487	f	16	1	0	\N	2	11	7
92	t	2026-04-23 12:31:26.756611	f	17	1	0	\N	2	18	7
93	t	2026-04-23 12:31:32.13723	f	18	1	0	\N	2	19	7
94	t	2026-04-23 12:31:35.969336	f	19	1	0	\N	2	12	7
95	t	2026-04-23 12:31:39.341342	f	20	1	0	\N	2	17	7
96	t	2026-04-28 01:14:36.816398	f	2	1	\N	1	4	6	6
97	t	2026-04-28 01:14:44.031683	f	3	1	\N	1	4	8	6
98	t	2026-04-28 01:14:50.599069	f	4	1	\N	1	4	10	6
99	t	2026-04-28 01:14:57.844108	f	5	1	\N	1	4	3	6
100	t	2026-04-28 01:15:12.877425	f	6	1	\N	1	12	4	6
101	t	2026-04-28 01:15:19.177088	f	7	1	\N	1	4	9	6
105	t	2026-04-28 01:15:40.322125	f	11	1	0	\N	2	18	6
106	t	2026-04-28 01:15:45.561703	f	12	1	0	\N	2	13	6
108	t	2026-04-28 01:15:56.723076	f	14	1	0	\N	2	16	6
109	t	2026-04-28 01:16:00.4369	f	15	1	0	\N	2	12	6
102	t	2026-04-28 01:15:24.342083	f	8	1	\N	1	3	2	6
107	t	2026-04-28 01:15:52.456587	f	13	1	0	\N	4	14	6
111	t	2026-04-28 01:16:10.272913	f	17	1	0	\N	2	15	6
112	t	2026-04-28 01:16:14.233279	f	18	1	0	\N	2	19	6
113	t	2026-04-28 01:16:18.717767	f	19	1	0	\N	2	11	6
103	t	2026-04-28 01:15:29.666724	f	9	1	\N	1	3	5	6
104	t	2026-04-28 01:15:34.588903	f	10	1	\N	1	3	7	6
110	t	2026-04-28 01:16:05.111506	f	16	1	0	\N	2	20	6
114	t	2026-04-28 01:16:23.464782	f	20	1	0	\N	2	17	6
115	t	2026-04-28 11:38:14.076287	f	1	1	\N	a	16	23	8
116	t	2026-04-28 11:38:20.569564	f	2	1	\N	a	4	24	8
117	t	2026-04-28 11:38:25.066836	f	3	1	\N	a	2	27	8
118	t	2026-04-28 11:38:30.338167	f	4	1	\N	a	3	26	8
119	t	2026-04-28 11:38:47.909888	f	5	1	\N	a	15	21	8
120	t	2026-04-28 11:38:52.985033	f	6	1	\N	a	2	25	8
121	t	2026-04-28 11:38:58.202907	f	7	1	\N	a	3	22	8
122	t	2026-04-28 11:39:03.215689	f	8	1	\N	a	3	29	8
123	t	2026-04-28 11:39:07.555657	f	9	1	\N	a	2	28	8
124	t	2026-04-28 11:39:11.762306	f	10	1	\N	a	2	30	8
125	t	2026-04-28 11:39:19.9164	f	11	1	0	\N	3	36	8
126	t	2026-04-28 11:39:24.077732	f	12	1	0	\N	2	41	8
127	t	2026-04-28 11:39:30.057219	f	13	1	0	\N	4	34	8
128	t	2026-04-28 11:39:34.395712	f	14	1	0	\N	2	40	8
129	t	2026-04-28 11:39:38.904172	f	15	1	0	\N	2	33	8
130	t	2026-04-28 11:39:44.090439	f	16	1	0	\N	2	32	8
131	t	2026-04-28 11:39:47.865328	f	17	1	0	\N	2	35	8
132	t	2026-04-28 11:39:52.064491	f	18	1	0	\N	2	39	8
133	t	2026-04-28 11:39:56.211315	f	19	1	0	\N	2	37	8
134	t	2026-04-28 11:40:00.600057	f	20	1	0	\N	2	38	8
135	t	2026-04-28 12:44:20.941164	f	13	1	0	\N	3	20	4
136	t	2026-04-28 12:44:25.045468	f	14	1	0	\N	1	13	4
137	t	2026-04-28 12:44:28.791395	f	15	1	0	\N	2	16	4
138	t	2026-04-28 12:44:33.088121	f	16	1	0	\N	2	14	4
139	t	2026-04-28 12:44:36.344971	f	17	1	0	\N	2	18	4
140	t	2026-04-28 12:44:39.488804	f	18	1	0	\N	2	15	4
141	t	2026-04-28 12:44:42.744691	f	19	1	0	\N	2	12	4
142	t	2026-04-28 12:44:45.978791	f	20	1	0	\N	2	11	4
143	t	2026-04-29 01:35:31.54022	f	1	1	\N	1	3	7	9
144	t	2026-04-29 01:35:38.25813	f	2	1	\N	1	4	5	9
145	t	2026-04-29 01:59:06.589483	f	1	1	\N	a	19	22	10
146	t	2026-04-29 01:59:13.125371	f	2	1	\N	a	4	29	10
147	t	2026-04-29 01:59:18.161387	f	3	1	\N	a	2	24	10
148	t	2026-04-29 01:59:22.743004	f	4	1	\N	a	2	21	10
149	t	2026-04-29 01:59:28.573374	f	5	1	\N	a	3	31	10
150	t	2026-04-29 01:59:35.450269	f	6	1	\N	a	4	25	10
151	t	2026-04-29 01:59:43.780797	f	7	1	\N	a	5	23	10
152	t	2026-04-29 01:59:49.077034	f	8	1	\N	a	2	30	10
153	t	2026-04-29 01:59:55.001196	f	9	1	\N	a	4	27	10
154	t	2026-04-29 02:00:01.32437	f	10	1	\N	a	3	28	10
155	t	2026-04-29 02:00:07.669657	f	11	1	0	\N	2	32	10
156	t	2026-04-29 02:00:11.90839	f	12	1	0	\N	2	39	10
157	t	2026-04-29 02:00:15.764185	f	13	1	0	\N	2	33	10
158	t	2026-04-29 02:00:19.228737	f	14	1	0	\N	2	36	10
159	t	2026-04-29 02:00:23.335079	f	15	1	0	\N	2	34	10
160	t	2026-04-29 02:00:27.194385	f	16	1	0	\N	2	37	10
161	t	2026-04-29 02:00:30.933487	f	17	1	0	\N	2	40	10
162	t	2026-04-29 02:00:34.466476	f	18	1	0	\N	2	38	10
163	t	2026-04-29 02:00:38.448803	f	19	1	0	\N	2	35	10
164	t	2026-04-29 02:00:42.237825	f	20	1	0	\N	2	41	10
165	t	2026-04-29 14:46:13.129147	f	1	1	\N	1	11	6	11
166	t	2026-04-29 14:46:18.796948	f	2	1	\N	1	3	10	11
167	t	2026-04-29 14:46:22.701347	f	3	1	\N	1	2	9	11
168	t	2026-04-29 14:46:27.865894	f	4	1	\N	1	3	7	11
169	t	2026-04-29 14:46:32.72251	f	5	1	\N	1	3	5	11
170	t	2026-04-29 14:46:37.319506	f	6	1	\N	1	2	1	11
171	t	2026-04-29 14:46:42.275643	f	7	1	\N	1	3	2	11
172	t	2026-04-29 14:46:47.06605	f	8	1	\N	1	3	3	11
173	t	2026-04-29 14:46:52.455189	f	9	1	\N	1	3	4	11
174	t	2026-04-29 14:46:58.68369	f	10	1	\N	1	4	8	11
175	t	2026-04-29 14:47:04.120245	f	11	1	0	\N	2	14	11
176	t	2026-04-29 14:47:07.574294	f	12	1	0	\N	2	15	11
177	t	2026-04-29 14:47:11.145225	f	13	1	0	\N	2	13	11
178	t	2026-04-29 14:47:14.802317	f	14	1	0	\N	1	11	11
179	t	2026-04-29 14:47:17.798601	f	15	1	0	\N	1	12	11
180	t	2026-04-29 14:47:21.087035	f	16	1	0	\N	2	16	11
181	t	2026-04-29 14:47:25.39768	f	17	1	0	\N	2	17	11
182	t	2026-04-29 15:31:41.788303	f	18	1	0	\N	2	18	11
183	t	2026-04-29 15:32:26.104661	f	19	1	0	\N	21	20	11
184	t	2026-04-29 15:32:30.171084	f	20	1	0	\N	2	19	11
186	f	2026-04-29 23:20:41.690119	t	3	0	\N	\N	120	6	9
185	f	2026-04-29 23:20:41.690119	t	3	0	\N	\N	120	6	9
187	t	2026-04-29 23:58:31.811317	f	4	1	\N	1	30	1	9
188	t	2026-04-30 13:13:25.13667	f	1	1	\N	1	5	59	12
189	t	2026-04-30 13:13:31.555064	f	2	1	\N	1	2	58	12
190	t	2026-04-30 13:13:36.569158	f	3	1	\N	1	2	61	12
191	t	2026-04-30 13:13:41.85685	f	4	1	\N	1	2	62	12
192	t	2026-04-30 13:13:46.720845	f	5	1	\N	1	3	60	12
193	t	2026-04-30 13:13:54.413546	f	6	1	\N	1	4	65	12
194	t	2026-04-30 13:13:58.149447	f	7	1	\N	1	2	56	12
195	t	2026-04-30 13:14:02.35488	f	8	1	\N	1	2	63	12
200	t	2026-04-30 13:14:33.433919	f	13	1	0	\N	1	69	12
196	t	2026-04-30 13:14:08.917778	f	9	1	\N	1	4	64	12
197	t	2026-04-30 13:14:22.214157	f	10	1	\N	1	5	57	12
198	t	2026-04-30 13:14:27.367054	f	11	1	0	\N	2	67	12
199	t	2026-04-30 13:14:30.620173	f	12	1	0	\N	1	68	12
201	t	2026-04-30 13:14:37.476949	f	14	1	0	\N	2	73	12
202	t	2026-04-30 13:14:40.053978	f	15	1	0	\N	1	74	12
203	t	2026-04-30 13:14:42.555805	f	16	1	0	\N	1	72	12
204	t	2026-04-30 13:14:45.618189	f	17	1	0	\N	2	70	12
205	t	2026-04-30 13:14:47.945214	f	18	1	0	\N	1	71	12
206	t	2026-04-30 13:14:50.54389	f	19	1	0	\N	1	66	12
207	t	2026-04-30 13:14:53.325652	f	20	1	1	\N	1	76	12
208	t	2026-05-01 04:20:40.556644	f	5	1	\N	1	5	4	9
209	t	2026-05-01 14:36:44.754394	f	1	1	\N	1	8	60	14
210	t	2026-05-01 14:36:51.019376	f	2	1	\N	1	3	62	14
211	t	2026-05-01 14:36:56.740971	f	3	1	\N	1	3	59	14
212	t	2026-05-01 14:37:08.14722	f	4	1	\N	1	6	64	14
213	t	2026-05-01 14:40:04.757408	f	5	1	\N	1	3	57	14
214	t	2026-05-01 14:40:11.479591	f	6	1	\N	1	4	56	14
215	t	2026-05-01 14:40:17.616424	f	7	1	\N	1	4	63	14
216	t	2026-05-01 14:40:23.375424	f	8	1	\N	1	3	61	14
217	t	2026-05-01 14:40:27.793782	f	9	1	\N	1	2	65	14
218	t	2026-05-01 14:40:36.321095	f	10	1	\N	1	6	58	14
219	t	2026-05-01 14:40:49.171409	f	11	1	0	\N	9	69	14
220	t	2026-05-01 14:57:25.656805	f	12	1	0	\N	4	76	14
221	t	2026-05-01 14:57:30.844955	f	13	1	0	\N	3	70	14
222	t	2026-05-01 14:57:46.717829	f	14	1	0	\N	3	75	14
223	t	2026-05-01 14:57:51.262809	f	15	1	0	\N	3	66	14
224	t	2026-05-01 14:58:24.251125	f	16	1	0	\N	22	67	14
225	t	2026-05-01 14:58:28.758494	f	17	1	0	\N	3	74	14
226	t	2026-05-01 14:58:33.187329	f	18	1	0	\N	3	71	14
227	t	2026-05-01 14:58:38.020369	f	19	1	0	\N	3	72	14
228	t	2026-05-01 14:58:47.564639	f	20	1	0	\N	3	68	14
229	t	2026-05-01 20:19:31.9862	f	1	1	\N	1	4	56	15
230	t	2026-05-01 20:19:41.741119	f	2	1	\N	1	5	63	15
231	t	2026-05-01 20:19:45.219297	f	3	1	\N	1	2	59	15
232	t	2026-05-01 20:19:48.740295	f	4	1	\N	1	2	65	15
233	t	2026-05-01 20:19:53.535919	f	5	1	\N	1	2	58	15
234	t	2026-05-01 20:20:04.082315	f	6	1	\N	1	9	64	15
235	t	2026-05-01 20:20:13.713346	f	7	1	\N	1	6	60	15
236	t	2026-05-01 20:20:20.123786	f	8	1	\N	1	4	61	15
237	t	2026-05-01 20:20:24.324042	f	9	1	\N	1	3	57	15
238	t	2026-05-01 20:20:28.179602	f	10	1	\N	1	3	62	15
239	t	2026-05-01 20:20:37.551437	f	11	1	0	\N	3	75	15
240	t	2026-05-01 20:20:41.942805	f	12	1	0	\N	3	76	15
241	t	2026-05-01 20:20:46.661855	f	13	1	0	\N	2	73	15
242	t	2026-05-01 20:20:50.494854	f	14	1	0	\N	2	72	15
243	t	2026-05-01 20:20:54.974037	f	15	1	0	\N	3	68	15
244	t	2026-05-01 20:21:00.09964	f	16	1	0	\N	3	70	15
245	t	2026-05-01 20:21:04.347942	f	17	1	0	\N	3	69	15
246	t	2026-05-01 20:21:08.824803	f	18	1	0	\N	3	66	15
247	t	2026-05-01 20:21:13.808765	f	19	1	0	\N	3	67	15
248	t	2026-05-01 20:21:18.493788	f	20	1	0	\N	3	74	15
249	t	2026-05-02 19:37:56.917103	f	1	1	\N	1	3	65	16
250	t	2026-05-02 19:38:02.001825	f	2	1	\N	1	3	64	16
251	t	2026-05-02 19:38:07.253333	f	3	1	\N	1	3	61	16
252	t	2026-05-02 19:38:12.009208	f	4	1	\N	1	3	57	16
253	t	2026-05-02 19:38:15.921693	f	5	1	\N	1	2	56	16
254	t	2026-05-02 19:38:19.279459	f	6	1	\N	1	2	58	16
255	t	2026-05-02 19:38:24.989466	f	7	1	\N	1	2	60	16
256	t	2026-05-02 19:38:29.40048	f	8	1	\N	1	3	62	16
257	t	2026-05-02 19:38:33.062232	f	9	1	\N	1	2	63	16
258	t	2026-05-02 19:38:37.159577	f	10	1	\N	1	2	59	16
259	t	2026-05-02 19:38:42.998631	f	11	1	0	\N	2	69	16
260	t	2026-05-02 19:38:46.962067	f	12	1	0	\N	2	73	16
261	t	2026-05-02 19:38:50.917	f	13	1	0	\N	2	71	16
262	t	2026-05-02 19:38:54.831253	f	14	1	0	\N	2	75	16
263	t	2026-05-02 19:39:01.21036	f	15	1	0	\N	3	76	16
264	t	2026-05-02 19:39:04.85755	f	16	1	0	\N	2	70	16
265	t	2026-05-02 19:39:08.843132	f	17	1	0	\N	3	72	16
266	t	2026-05-02 19:39:12.396734	f	18	1	0	\N	2	68	16
267	t	2026-05-02 19:39:17.023588	f	19	1	0	\N	2	66	16
268	t	2026-05-02 19:39:20.754252	f	20	1	0	\N	2	67	16
269	t	2026-05-02 19:50:45.638695	f	1	1	\N	1	5	63	17
270	t	2026-05-02 19:50:50.031817	f	2	1	\N	1	2	58	17
271	t	2026-05-02 19:50:55.548283	f	3	1	\N	1	3	60	17
272	t	2026-05-02 19:50:59.872621	f	4	1	\N	1	2	61	17
273	t	2026-05-02 19:51:04.391227	f	5	1	\N	1	3	62	17
274	t	2026-05-02 19:51:11.17534	f	6	1	\N	1	2	65	17
275	t	2026-05-02 19:51:19.977947	f	7	1	\N	1	4	56	17
276	t	2026-05-02 19:51:26.467942	f	8	1	\N	1	2	64	17
277	t	2026-05-02 19:51:31.856081	f	9	1	\N	1	3	59	17
278	t	2026-05-02 19:51:36.066328	f	10	1	\N	1	3	57	17
279	f	2026-05-02 19:51:40.977221	f	11	0	0	\N	2	70	17
281	t	2026-05-02 19:51:55.90644	f	13	1	0	\N	3	68	17
282	t	2026-05-02 19:51:59.940573	f	14	1	0	\N	2	67	17
286	t	2026-05-02 19:52:16.195414	f	18	1	0	\N	2	71	17
280	t	2026-05-02 19:51:51.72841	f	12	1	0	\N	9	72	17
285	t	2026-05-02 19:52:12.137296	f	17	1	0	\N	3	66	17
288	t	2026-05-02 19:52:23.851698	f	20	1	0	\N	2	76	17
283	t	2026-05-02 19:52:03.691439	f	15	1	0	\N	2	75	17
287	t	2026-05-02 19:52:20.234216	f	19	1	0	\N	2	73	17
284	t	2026-05-02 19:52:07.220933	f	16	1	0	\N	2	69	17
289	t	2026-05-03 02:08:02.554535	f	1	1	\N	1	3	60	18
290	t	2026-05-03 02:08:07.596142	f	2	1	\N	1	3	59	18
291	t	2026-05-03 02:08:12.815565	f	3	1	\N	1	3	58	18
292	t	2026-05-03 02:08:16.726507	f	4	1	\N	1	2	56	18
293	t	2026-05-03 02:08:21.22542	f	5	1	\N	1	3	63	18
294	t	2026-05-03 02:08:25.919292	f	6	1	\N	1	3	61	18
295	t	2026-05-03 02:08:29.971138	f	7	1	\N	1	3	62	18
296	t	2026-05-03 02:08:34.062657	f	8	1	\N	1	3	57	18
297	t	2026-05-03 02:08:38.132334	f	9	1	\N	1	3	65	18
298	t	2026-05-03 02:08:43.110766	f	10	1	\N	1	3	64	18
299	t	2026-05-03 02:08:48.88998	f	11	1	0	\N	3	70	18
300	t	2026-05-03 02:08:54.158043	f	12	1	0	\N	3	72	18
301	t	2026-05-03 02:08:58.237169	f	13	1	0	\N	3	75	18
302	t	2026-05-03 02:09:03.861949	f	14	1	0	\N	4	73	18
303	t	2026-05-03 02:09:08.352819	f	15	1	0	\N	3	69	18
304	t	2026-05-03 02:09:12.590859	f	16	1	0	\N	3	74	18
305	t	2026-05-03 02:09:17.07289	f	17	1	0	\N	3	68	18
306	t	2026-05-03 02:09:22.246267	f	18	1	0	\N	4	76	18
307	t	2026-05-03 02:09:27.312861	f	19	1	0	\N	4	71	18
308	t	2026-05-03 02:09:31.689531	f	20	1	0	\N	3	66	18
309	t	2026-05-03 12:20:30.387506	f	1	1	\N	1	4	60	19
310	t	2026-05-03 12:25:42.174881	f	2	1	\N	1	3	61	19
311	t	2026-05-03 12:25:48.694748	f	3	1	\N	1	5	59	19
312	t	2026-05-03 12:25:52.717007	f	4	1	\N	1	2	63	19
313	t	2026-05-03 12:25:57.368611	f	5	1	\N	1	3	58	19
314	t	2026-05-03 12:26:01.825592	f	6	1	\N	1	3	56	19
315	t	2026-05-03 12:26:06.201647	f	7	1	\N	1	3	64	19
316	t	2026-05-03 12:26:12.812589	f	8	1	\N	1	5	62	19
317	t	2026-05-03 12:26:16.974072	f	9	1	\N	1	3	65	19
318	t	2026-05-03 12:26:21.871839	f	10	1	\N	1	3	57	19
319	t	2026-05-03 12:26:27.825927	f	11	1	0	\N	3	76	19
320	t	2026-05-03 12:26:37.922806	f	12	1	0	\N	6	72	19
321	t	2026-05-03 12:26:42.496024	f	13	1	0	\N	3	67	19
322	t	2026-05-03 12:26:46.232429	f	14	1	0	\N	2	70	19
323	t	2026-05-03 12:26:50.926002	f	15	1	0	\N	4	66	19
324	t	2026-05-03 12:26:55.723827	f	16	1	0	\N	3	69	19
325	t	2026-05-03 12:27:01.554785	f	17	1	0	\N	3	68	19
326	t	2026-05-03 12:27:06.361669	f	18	1	0	\N	4	71	19
327	t	2026-05-03 12:27:10.667092	f	19	1	0	\N	3	73	19
328	t	2026-05-03 12:27:14.804998	f	20	1	0	\N	3	74	19
329	t	2026-05-03 13:00:49.380934	f	1	1	\N	1	3	64	20
330	t	2026-05-03 13:00:52.740048	f	2	1	\N	1	2	63	20
331	t	2026-05-03 13:00:56.37281	f	3	1	\N	1	3	57	20
332	t	2026-05-03 13:00:59.614985	f	4	1	\N	1	2	62	20
333	t	2026-05-03 13:01:02.878582	f	5	1	\N	1	2	59	20
334	t	2026-05-03 13:01:06.813311	f	6	1	\N	1	2	61	20
335	t	2026-05-03 13:01:10.341457	f	7	1	\N	1	2	58	20
336	t	2026-05-03 13:01:14.346255	f	8	1	\N	1	2	56	20
337	t	2026-05-03 13:01:17.644298	f	9	1	\N	1	2	65	20
338	t	2026-05-03 13:01:21.400676	f	10	1	\N	1	2	60	20
339	t	2026-05-03 13:01:26.401452	f	11	1	0	\N	2	73	20
340	t	2026-05-03 13:01:29.79523	f	12	1	0	\N	2	69	20
341	t	2026-05-03 13:01:33.083641	f	13	1	0	\N	2	74	20
342	t	2026-05-03 13:01:36.122	f	14	1	0	\N	2	72	20
343	t	2026-05-03 13:01:39.074094	f	15	1	0	\N	2	75	20
344	t	2026-05-03 13:01:42.085651	f	16	1	0	\N	2	66	20
345	t	2026-05-03 13:01:45.224357	f	17	1	0	\N	2	71	20
346	t	2026-05-03 13:01:48.298699	f	18	1	0	\N	2	67	20
347	t	2026-05-03 13:01:51.024782	f	19	1	0	\N	2	68	20
348	t	2026-05-03 13:01:53.992432	f	20	1	0	\N	2	76	20
349	t	2026-05-03 13:08:28.265351	f	1	1	\N	1	2	64	21
350	t	2026-05-03 13:08:31.681791	f	2	1	\N	1	2	59	21
351	t	2026-05-03 13:08:35.242432	f	3	1	\N	1	2	58	21
352	t	2026-05-03 13:08:38.678528	f	4	1	\N	1	2	56	21
353	t	2026-05-03 13:08:41.960327	f	5	1	\N	1	2	63	21
354	t	2026-05-03 13:08:45.668557	f	6	1	\N	1	2	60	21
355	t	2026-05-03 13:08:49.647399	f	7	1	\N	1	3	61	21
356	t	2026-05-03 13:08:53.136504	f	8	1	\N	1	3	62	21
357	t	2026-05-03 13:08:56.456382	f	9	1	\N	1	2	57	21
358	t	2026-05-03 13:08:59.680764	f	10	1	\N	1	2	65	21
359	t	2026-05-03 13:09:05.015491	f	11	1	0	\N	2	76	21
360	t	2026-05-03 13:09:08.316125	f	12	1	0	\N	2	70	21
361	t	2026-05-03 13:09:11.466619	f	13	1	0	\N	2	69	21
362	t	2026-05-03 13:09:14.753364	f	14	1	0	\N	2	72	21
363	t	2026-05-03 13:09:18.093464	f	15	1	1	\N	2	74	21
364	t	2026-05-03 13:09:21.070154	f	16	1	0	\N	2	71	21
365	t	2026-05-03 13:09:24.469022	f	17	1	1	\N	2	67	21
366	t	2026-05-03 13:09:30.614702	f	18	1	0	\N	3	68	21
367	t	2026-05-03 13:09:35.398988	f	19	1	0	\N	3	75	21
368	t	2026-05-03 13:09:39.12194	f	20	1	0	\N	2	66	21
369	t	2026-05-03 13:40:57.982061	f	1	1	\N	1	3	61	22
370	t	2026-05-03 13:41:01.144591	f	2	1	\N	1	2	63	22
371	t	2026-05-03 13:41:04.812135	f	3	1	\N	1	2	64	22
372	t	2026-05-03 13:41:08.504289	f	4	1	\N	1	3	60	22
373	t	2026-05-03 13:41:11.918526	f	5	1	\N	1	3	59	22
374	t	2026-05-03 13:41:16.466208	f	6	1	\N	1	2	58	22
375	t	2026-05-03 13:41:19.367146	f	7	1	\N	1	2	65	22
376	t	2026-05-03 13:41:23.877904	f	8	1	\N	1	3	62	22
377	t	2026-05-03 13:41:27.35225	f	9	1	\N	1	3	57	22
378	t	2026-05-03 13:41:30.770466	f	10	1	\N	1	3	56	22
379	t	2026-05-03 13:41:36.798564	f	11	1	1	\N	4	67	22
380	t	2026-05-03 13:41:40.056016	f	12	1	0	\N	2	72	22
381	t	2026-05-03 13:41:46.393259	f	13	1	1	\N	5	74	22
382	t	2026-05-03 13:41:49.832688	f	14	1	0	\N	2	68	22
383	t	2026-05-03 13:41:53.021333	f	15	1	0	\N	2	70	22
384	t	2026-05-03 13:41:56.99974	f	16	1	0	\N	3	66	22
385	t	2026-05-03 13:42:00.142926	f	17	1	0	\N	2	73	22
386	t	2026-05-03 13:42:05.158077	f	18	1	1	\N	4	75	22
387	t	2026-05-03 13:42:08.348386	f	19	1	0	\N	2	71	22
388	t	2026-05-03 13:42:12.441294	f	20	1	0	\N	3	69	22
389	t	2026-05-03 14:16:49.69372	f	1	1	\N	1	3	56	23
390	t	2026-05-03 14:16:54.564061	f	2	1	\N	1	3	65	23
391	t	2026-05-03 14:17:02.687694	f	3	1	\N	1	3	64	23
392	t	2026-05-03 14:17:07.55541	f	4	1	\N	1	3	57	23
393	t	2026-05-03 14:17:11.551315	f	5	1	\N	1	3	61	23
394	t	2026-05-03 14:17:15.360727	f	6	1	\N	1	3	63	23
395	t	2026-05-03 14:17:20.381607	f	7	1	\N	1	3	60	23
396	t	2026-05-03 14:17:24.651102	f	8	1	\N	1	3	62	23
397	t	2026-05-03 14:17:28.619074	f	9	1	\N	1	3	59	23
398	t	2026-05-03 14:17:34.854701	f	10	1	\N	1	5	58	23
399	t	2026-05-03 14:17:40.405422	f	11	1	0	\N	3	75	23
400	t	2026-05-03 14:17:44.482383	f	12	1	0	\N	3	71	23
401	t	2026-05-03 14:17:48.799315	f	13	1	0	\N	3	70	23
402	t	2026-05-03 14:17:52.993119	f	14	1	0	\N	3	69	23
403	t	2026-05-03 14:17:57.451395	f	15	1	0	\N	3	73	23
404	t	2026-05-03 14:18:01.943626	f	16	1	0	\N	3	74	23
405	t	2026-05-03 14:18:16.166471	f	17	1	0	\N	3	66	23
406	t	2026-05-03 14:18:20.368039	f	18	1	0	\N	3	68	23
407	t	2026-05-03 14:18:24.090066	f	19	1	0	\N	2	76	23
408	t	2026-05-03 14:18:28.280738	f	20	1	0	\N	2	72	23
409	t	2026-05-03 14:26:39.198087	f	1	1	\N	1	3	63	24
410	t	2026-05-03 14:26:43.215982	f	2	1	\N	1	2	62	24
411	t	2026-05-03 14:26:46.789015	f	3	1	\N	1	2	64	24
412	t	2026-05-03 14:26:50.922013	f	4	1	\N	1	3	61	24
413	t	2026-05-03 14:26:55.026196	f	5	1	\N	1	3	57	24
414	t	2026-05-03 14:26:59.514735	f	6	1	\N	1	3	60	24
415	t	2026-05-03 14:27:04.468039	f	7	1	\N	1	3	65	24
416	t	2026-05-03 14:27:08.903005	f	8	1	\N	1	3	59	24
417	t	2026-05-03 14:27:16.130051	f	9	1	\N	1	5	56	24
418	t	2026-05-03 14:27:20.652663	f	10	1	\N	1	3	58	24
419	t	2026-05-03 14:27:26.195504	f	11	1	0	\N	2	73	24
420	t	2026-05-03 14:27:29.699584	f	12	1	0	\N	2	74	24
421	t	2026-05-03 14:27:34.608868	f	13	1	0	\N	3	67	24
422	t	2026-05-03 14:27:38.779193	f	14	1	0	\N	3	72	24
423	t	2026-05-03 14:27:44.926647	f	15	1	0	\N	3	68	24
424	t	2026-05-03 14:27:49.562939	f	16	1	0	\N	2	66	24
425	t	2026-05-03 14:27:53.980195	f	17	1	0	\N	3	75	24
426	t	2026-05-03 14:28:01.20835	f	18	1	0	\N	6	71	24
427	t	2026-05-03 14:28:04.962888	f	19	1	0	\N	2	69	24
428	t	2026-05-03 14:28:09.283745	f	20	1	0	\N	3	76	24
429	t	2026-05-03 15:22:21.49112	f	1	1	\N	1	4	60	25
430	t	2026-05-03 15:22:26.650743	f	2	1	\N	1	3	57	25
431	t	2026-05-03 15:22:31.08316	f	3	1	\N	1	3	64	25
432	t	2026-05-03 15:22:37.022473	f	4	1	\N	1	5	59	25
433	t	2026-05-03 15:22:42.606277	f	5	1	\N	1	3	62	25
434	t	2026-05-03 15:22:47.030314	f	6	1	\N	1	3	56	25
435	t	2026-05-03 15:22:53.139916	f	7	1	\N	1	3	65	25
436	t	2026-05-03 15:22:58.171205	f	8	1	\N	1	3	61	25
437	t	2026-05-03 15:23:02.287389	f	9	1	\N	1	3	63	25
438	t	2026-05-03 15:23:08.269226	f	10	1	\N	1	4	58	25
439	t	2026-05-03 15:23:30.376036	f	11	1	0	\N	3	72	25
440	t	2026-05-03 15:23:33.907277	f	12	1	0	\N	2	70	25
441	t	2026-05-03 15:23:39.930883	f	13	1	0	\N	3	76	25
442	t	2026-05-03 15:23:43.526834	f	14	1	0	\N	2	74	25
443	t	2026-05-03 15:23:47.832031	f	15	1	0	\N	3	66	25
444	t	2026-05-03 15:23:51.278813	f	16	1	0	\N	2	73	25
445	t	2026-05-03 15:23:54.823681	f	17	1	0	\N	2	67	25
446	t	2026-05-03 15:23:58.361398	f	18	1	0	\N	2	68	25
447	t	2026-05-03 15:24:01.711163	f	19	1	0	\N	2	69	25
448	f	2026-05-03 15:24:05.581021	f	20	0	0	\N	3	71	25
449	t	2026-05-04 01:19:34.66439	f	1	1	\N	1	7	64	26
450	t	2026-05-04 01:53:13.135361	f	2	1	\N	1	7	63	26
451	t	2026-05-04 11:40:21.122573	f	3	1	\N	1	4	59	26
452	t	2026-05-04 11:40:26.045189	f	4	1	\N	1	3	56	26
453	t	2026-05-04 11:40:31.11255	f	5	1	\N	1	3	62	26
454	t	2026-05-04 11:40:36.54518	f	6	1	\N	1	2	65	26
455	t	2026-05-04 11:40:41.012453	f	7	1	\N	1	3	57	26
456	t	2026-05-04 11:40:45.31669	f	8	1	\N	1	2	61	26
457	t	2026-05-04 11:40:48.700951	f	9	1	\N	1	2	58	26
458	t	2026-05-04 11:40:51.79604	f	10	1	\N	1	2	60	26
459	t	2026-05-04 11:41:02.328354	f	11	1	0	\N	8	67	26
460	t	2026-05-04 11:41:10.488027	f	12	1	0	\N	7	69	26
461	t	2026-05-04 11:41:14.585005	f	13	1	0	\N	3	76	26
462	t	2026-05-04 11:41:18.085334	f	14	1	0	\N	2	75	26
463	t	2026-05-04 11:41:21.459788	f	15	1	0	\N	2	68	26
464	t	2026-05-04 11:41:24.786023	f	16	1	0	\N	2	72	26
465	t	2026-05-04 11:41:30.611434	f	17	1	0	\N	3	71	26
466	t	2026-05-04 11:41:34.556875	f	18	1	0	\N	3	70	26
467	t	2026-05-04 11:41:39.832342	f	19	1	0	\N	3	66	26
468	t	2026-05-04 11:41:44.569013	f	20	1	0	\N	4	73	26
469	t	2026-05-06 15:18:18.589271	f	1	1	\N	1	5	61	29
470	t	2026-05-06 15:18:23.111593	f	2	1	\N	1	3	56	29
471	t	2026-05-06 15:18:27.731424	f	3	1	\N	1	3	60	29
472	t	2026-05-06 15:18:32.188602	f	4	1	\N	1	3	65	29
473	t	2026-05-06 15:18:36.581058	f	5	1	\N	1	3	63	29
474	t	2026-05-06 15:18:40.65325	f	6	1	\N	1	3	59	29
475	t	2026-05-06 15:18:45.892256	f	7	1	\N	1	4	62	29
476	t	2026-05-06 15:18:50.4919	f	8	1	\N	1	3	64	29
477	t	2026-05-06 15:18:56.24629	f	9	1	\N	1	4	58	29
478	t	2026-05-06 15:19:00.703072	f	10	1	\N	1	3	57	29
479	t	2026-05-06 15:19:06.569092	f	11	1	0	\N	3	75	29
480	t	2026-05-06 15:19:10.730882	f	12	1	0	\N	3	74	29
481	t	2026-05-06 15:19:15.324948	f	13	1	0	\N	3	76	29
482	t	2026-05-06 15:19:19.667722	f	14	1	0	\N	3	73	29
483	t	2026-05-06 15:19:25.910076	f	15	1	0	\N	5	67	29
484	t	2026-05-06 15:19:30.04796	f	16	1	0	\N	3	71	29
485	t	2026-05-06 15:19:34.985124	f	17	1	0	\N	4	72	29
486	t	2026-05-06 15:19:40.130264	f	18	1	0	\N	4	69	29
487	t	2026-05-06 15:19:44.408662	f	19	1	0	\N	3	66	29
488	t	2026-05-06 15:19:48.675859	f	20	1	0	\N	3	70	29
489	t	2026-05-09 00:14:48.08678	f	1	1	\N	1	26	58	28
490	t	2026-05-12 22:04:10.921877	f	2	1	\N	1	4	64	28
491	t	2026-05-12 22:04:16.030569	f	3	1	\N	1	3	61	28
492	t	2026-05-12 22:04:21.309028	f	4	1	\N	1	3	56	28
493	t	2026-05-12 22:04:25.843499	f	5	1	\N	1	2	63	28
494	t	2026-05-12 22:04:29.546419	f	6	1	\N	1	2	57	28
495	t	2026-05-12 22:04:33.182961	f	7	1	\N	1	2	62	28
496	t	2026-05-12 22:04:36.854523	f	8	1	\N	1	2	65	28
497	t	2026-05-12 22:04:41.419445	f	9	1	\N	1	3	60	28
498	t	2026-05-12 22:04:48.092382	f	10	1	\N	1	5	59	28
499	t	2026-05-12 22:04:55.971398	f	11	1	0	\N	3	71	28
500	t	2026-05-12 22:05:02.014419	f	12	1	0	\N	4	68	28
501	t	2026-05-12 22:05:07.031275	f	13	1	0	\N	3	67	28
502	t	2026-05-12 22:05:12.293578	f	14	1	0	\N	4	66	28
503	t	2026-05-12 22:05:16.807922	f	15	1	1	\N	3	76	28
504	t	2026-05-12 22:05:21.948343	f	16	1	0	\N	3	74	28
505	t	2026-05-12 22:05:26.506656	f	17	1	0	\N	3	75	28
506	t	2026-05-12 22:05:32.532323	f	18	1	0	\N	4	73	28
507	t	2026-05-12 22:05:37.294253	f	19	1	0	\N	3	69	28
508	t	2026-05-12 22:05:41.900864	f	20	1	0	\N	3	70	28
509	t	2026-06-16 02:14:10.532826	f	1	1	\N	1	13	56	27
510	t	2026-06-16 02:14:15.792799	f	2	1	\N	1	3	64	27
511	t	2026-06-16 02:14:22.439584	f	3	1	\N	1	4	62	27
512	t	2026-06-16 02:14:27.390655	f	4	1	\N	1	3	61	27
513	t	2026-06-16 02:14:32.922517	f	5	1	\N	1	3	58	27
514	t	2026-06-16 02:14:51.995674	f	6	1	\N	1	5	63	27
515	t	2026-06-16 02:14:56.970867	f	7	1	\N	1	3	60	27
516	t	2026-06-16 02:15:02.22822	f	8	1	\N	1	3	57	27
517	t	2026-06-16 02:15:12.259529	f	9	1	\N	1	3	59	27
518	t	2026-06-16 02:16:42.830254	f	10	1	\N	1	23	65	27
519	t	2026-06-16 02:16:55.099551	f	11	1	0	\N	4	69	27
520	f	2026-06-16 02:16:59.001314	f	12	0	0	\N	2	75	27
521	f	2026-06-16 02:17:04.742875	f	13	0	0	\N	4	67	27
522	f	2026-06-16 02:17:08.419518	f	14	0	0	\N	2	74	27
523	f	2026-06-16 02:17:14.076975	f	15	0	0	\N	4	71	27
524	f	2026-06-16 02:17:17.268808	f	16	0	0	\N	2	72	27
525	t	2026-06-16 02:17:22.358675	f	17	1	1	\N	2	76	27
526	t	2026-06-16 02:17:27.087813	f	18	1	1	\N	3	73	27
527	t	2026-06-16 02:17:32.280386	f	19	1	1	\N	3	70	27
528	t	2026-06-16 02:17:38.060966	f	20	1	1	\N	3	66	27
529	t	2026-06-16 02:18:19.044767	f	1	1	\N	1	21	56	30
530	t	2026-06-16 02:18:23.838472	f	2	1	\N	1	3	57	30
531	t	2026-06-16 02:18:28.787529	f	3	1	\N	1	3	58	30
532	t	2026-06-16 02:18:32.91393	f	4	1	\N	1	3	62	30
533	t	2026-06-16 02:18:36.658348	f	5	1	\N	1	3	59	30
534	t	2026-06-16 02:18:40.670288	f	6	1	\N	1	3	65	30
535	t	2026-06-16 02:18:44.66652	f	7	1	\N	1	3	61	30
536	t	2026-06-16 02:18:48.331218	f	8	1	\N	1	2	64	30
542	t	2026-06-16 02:19:38.846149	f	14	1	0	\N	3	66	30
546	t	2026-06-16 02:20:07.165328	f	18	1	0	\N	4	75	30
547	t	2026-06-16 02:20:12.377904	f	19	1	0	\N	4	67	30
548	t	2026-06-16 02:20:17.328518	f	20	1	0	\N	4	73	30
537	t	2026-06-16 02:18:52.126782	f	9	1	\N	1	3	63	30
538	t	2026-06-16 02:19:16.291059	f	10	1	\N	1	23	60	30
539	t	2026-06-16 02:19:21.991839	f	11	1	0	\N	3	72	30
540	t	2026-06-16 02:19:26.96588	f	12	1	0	\N	3	74	30
541	t	2026-06-16 02:19:34.135235	f	13	1	0	\N	5	69	30
543	t	2026-06-16 02:19:44.408545	f	15	1	0	\N	3	76	30
544	t	2026-06-16 02:19:48.681601	f	16	1	0	\N	2	71	30
545	t	2026-06-16 02:19:52.531759	f	17	1	0	\N	3	70	30
549	f	2026-06-25 22:28:08.578683	f	1	0	\N	1	5	29	32
550	f	2026-06-25 22:28:13.550161	f	2	0	\N	1	3	27	32
551	f	2026-06-25 22:28:20.861367	f	3	0	\N	1	4	31	32
552	f	2026-06-25 22:28:24.797405	f	4	0	\N	1	2	24	32
553	f	2026-06-25 22:28:28.93631	f	5	0	\N	1	3	23	32
554	f	2026-06-25 22:28:33.404176	f	6	0	\N	1	2	26	32
555	f	2026-06-25 22:28:37.01194	f	7	0	\N	1	2	22	32
556	f	2026-06-25 22:28:40.34961	f	8	0	\N	1	2	30	32
557	f	2026-06-25 22:28:43.537232	f	9	0	\N	1	2	25	32
558	f	2026-06-25 22:28:47.030669	f	10	0	\N	1	2	21	32
559	f	2026-06-25 22:28:52.473936	f	11	0	0	\N	3	39	32
560	f	2026-06-25 22:28:56.323799	f	12	0	0	\N	2	41	32
561	f	2026-06-25 22:29:01.731613	f	13	0	1	\N	4	33	32
562	f	2026-06-25 22:29:05.700373	f	14	0	0	\N	3	32	32
563	f	2026-06-25 22:29:09.472785	f	15	0	0	\N	2	34	32
564	f	2026-06-25 22:29:15.218389	f	16	0	0	\N	4	36	32
565	f	2026-06-25 22:29:19.263691	f	17	0	0	\N	2	37	32
566	f	2026-06-25 22:29:23.024314	f	18	0	0	\N	3	40	32
567	f	2026-06-25 22:29:28.203099	f	19	0	0	\N	3	35	32
568	f	2026-06-25 22:29:32.412153	f	20	0	0	\N	3	38	32
569	t	2026-06-25 22:31:23.606021	f	1	1	\N	1	3	62	33
570	t	2026-06-25 22:31:27.306712	f	2	1	\N	1	2	64	33
571	t	2026-06-25 22:31:30.695473	f	3	1	\N	1	2	61	33
572	t	2026-06-25 22:31:34.141797	f	4	1	\N	1	2	63	33
573	t	2026-06-25 22:31:37.418939	f	5	1	\N	1	2	58	33
574	t	2026-06-25 22:31:41.133147	f	6	1	\N	1	2	56	33
575	t	2026-06-25 22:31:44.322096	f	7	1	\N	1	2	60	33
576	t	2026-06-25 22:31:47.512353	f	8	1	\N	1	2	65	33
577	t	2026-06-25 22:31:50.93849	f	9	1	\N	1	2	57	33
578	t	2026-06-25 22:31:54.085232	f	10	1	\N	1	2	59	33
579	t	2026-06-25 22:31:59.24111	f	11	1	0	\N	3	73	33
580	t	2026-06-25 22:32:03.221899	f	12	1	0	\N	2	67	33
581	t	2026-06-25 22:32:08.006363	f	13	1	0	\N	3	70	33
582	t	2026-06-25 22:32:12.338375	f	14	1	0	\N	3	75	33
583	t	2026-06-25 22:32:16.287142	f	15	1	0	\N	3	71	33
584	t	2026-06-25 22:32:20.003986	f	16	1	0	\N	2	72	33
585	t	2026-06-25 22:32:23.51138	f	17	1	0	\N	2	69	33
586	t	2026-06-25 22:32:26.852664	f	18	1	0	\N	2	68	33
587	t	2026-06-25 22:32:31.499042	f	19	1	0	\N	2	74	33
588	t	2026-06-25 22:32:36.109345	f	20	1	0	\N	3	66	33
589	t	2026-06-25 23:26:59.588306	f	1	1	\N	1	3	61	34
590	t	2026-06-25 23:27:02.783856	f	2	1	\N	1	2	56	34
591	t	2026-06-25 23:27:05.854006	f	3	1	\N	1	2	62	34
592	t	2026-06-25 23:27:10.017231	f	4	1	\N	1	3	57	34
593	t	2026-06-25 23:27:13.281985	f	5	1	\N	1	2	65	34
594	t	2026-06-25 23:27:16.237966	f	6	1	\N	1	2	63	34
595	t	2026-06-25 23:27:19.502849	f	7	1	\N	1	2	58	34
596	t	2026-06-25 23:27:22.685246	f	8	1	\N	1	2	59	34
597	t	2026-06-25 23:27:25.880819	f	9	1	\N	1	2	60	34
598	t	2026-06-25 23:27:29.522887	f	10	1	\N	1	2	64	34
599	t	2026-06-25 23:27:34.705104	f	11	1	0	\N	3	76	34
600	t	2026-06-25 23:27:38.973399	f	12	1	0	\N	2	66	34
601	t	2026-06-25 23:27:42.212222	f	13	1	0	\N	2	72	34
602	t	2026-06-25 23:27:45.838238	f	14	1	0	\N	2	73	34
603	t	2026-06-25 23:27:49.735378	f	15	1	0	\N	2	75	34
604	t	2026-06-25 23:27:55.238546	f	16	1	1	\N	4	71	34
605	t	2026-06-25 23:27:58.494761	f	17	1	0	\N	2	68	34
606	f	2026-06-25 23:28:01.914073	f	18	0	0	\N	2	69	34
607	t	2026-06-25 23:28:05.308937	f	19	1	0	\N	2	70	34
608	t	2026-06-25 23:28:09.189947	f	20	1	0	\N	3	67	34
609	t	2026-06-25 23:35:55.92728	f	1	1	\N	1	3	58	35
610	t	2026-06-25 23:36:00.203862	f	2	1	\N	1	3	60	35
611	t	2026-06-25 23:36:05.523361	f	3	1	\N	1	2	63	35
612	t	2026-06-25 23:36:09.370978	f	4	1	\N	1	2	59	35
613	t	2026-06-25 23:36:12.613273	f	5	1	\N	1	2	62	35
614	t	2026-06-25 23:36:16.26099	f	6	1	\N	1	2	65	35
615	t	2026-06-25 23:36:19.87279	f	7	1	\N	1	2	56	35
616	t	2026-06-25 23:36:24.33149	f	8	1	\N	1	3	64	35
617	t	2026-06-25 23:36:28.829593	f	9	1	\N	1	3	61	35
618	t	2026-06-25 23:36:32.075768	f	10	1	\N	1	2	57	35
619	t	2026-06-25 23:36:37.430861	f	11	1	0	\N	3	69	35
620	t	2026-06-25 23:36:42.653427	f	12	1	0	\N	4	66	35
621	f	2026-06-25 23:36:46.292229	f	13	0	2	\N	2	71	35
622	t	2026-06-25 23:36:50.180768	f	14	1	0	\N	3	74	35
623	t	2026-06-25 23:36:54.413122	f	15	1	0	\N	3	73	35
624	t	2026-06-25 23:37:01.001968	f	16	1	0	\N	5	67	35
626	t	2026-06-25 23:37:10.371501	f	18	1	0	\N	3	68	35
625	t	2026-06-25 23:37:05.835021	f	17	1	0	\N	3	76	35
627	t	2026-06-25 23:37:14.504978	f	19	1	0	\N	3	72	35
628	t	2026-06-25 23:37:18.718921	f	20	1	0	\N	3	75	35
629	t	2026-06-26 00:48:44.982164	f	1	1	\N	1	3	61	36
630	t	2026-06-26 00:48:49.863671	f	2	1	\N	1	2	58	36
631	t	2026-06-26 00:48:53.702156	f	3	1	\N	1	2	59	36
632	t	2026-06-26 00:48:57.01559	f	4	1	\N	1	2	56	36
633	t	2026-06-26 00:49:00.361722	f	5	1	\N	1	2	65	36
634	t	2026-06-26 00:49:04.064865	f	6	1	\N	1	2	64	36
635	t	2026-06-26 00:49:07.293482	f	7	1	\N	1	2	60	36
636	t	2026-06-26 00:49:10.670895	f	8	1	\N	1	2	57	36
637	t	2026-06-26 00:49:14.057887	f	9	1	\N	1	2	63	36
638	t	2026-06-26 00:49:17.398824	f	10	1	\N	1	2	62	36
639	t	2026-06-26 00:49:22.620065	f	11	1	0	\N	3	75	36
640	t	2026-06-26 00:49:26.387865	f	12	1	0	\N	3	71	36
641	t	2026-06-26 00:49:29.855286	f	13	1	0	\N	2	74	36
642	t	2026-06-26 00:49:33.271068	f	14	1	0	\N	2	67	36
643	t	2026-06-26 00:49:36.867139	f	15	1	0	\N	2	72	36
644	t	2026-06-26 00:49:40.055011	f	16	1	0	\N	2	66	36
645	f	2026-06-26 00:49:45.034596	f	17	0	2	\N	3	70	36
646	f	2026-06-26 00:49:47.583219	f	18	0	1	\N	1	73	36
647	t	2026-06-26 00:49:51.737347	f	19	1	0	\N	2	69	36
648	t	2026-06-26 00:49:55.60642	f	20	1	0	\N	3	76	36
\.


--
-- TOC entry 5330 (class 0 OID 32842)
-- Dependencies: 251
-- Data for Name: segment; Type: TABLE DATA; Schema: public; Owner: postgres
--

COPY public.segment (id, nom, plant_id, code) FROM stdin;
2	Segment 31	7	\N
3	Segment 32	7	\N
4	Segment 33	7	\N
5	Segment 31	8	\N
6	Segment 32	8	\N
7	Segment 33	8	\N
8	Segment 31	9	\N
9	Segment 32	9	\N
10	Segment 31	10	\N
11	Segment 32	10	\N
14	Segment 31	12	\N
15	Segment 32	12	\N
16	Segment 31	13	\N
17	Segment 32	13	\N
21	Seg 82 (WPA)	22	\N
22	Seg 82 (WPA)	22	S82
23	Seg 83 (Shelf Modulaire)	22	S83
24	Seg 84 (Basis)	22	S84
25	Seg 85 (PGTF1-CE)	22	S851
26	Seg 85 (PGTF2-CE)	22	S852
27	Seg 85 (PGTF3-CE)	22	S853
28	Seg 46-1	23	S461
29	Seg 46-2	23	S462
30	Seg 45	23	S45
31	Seg 44	23	S44
32	Seg 43	23	S43
33	Seg 42	23	S42
34	SEG 22 (Bentley)	8	S22
35	SEG 23 (MLB06)	8	S23
36	SEG 24 (MQB)	8	S24
37	SEG 25 (VKF)	8	S25
38	SEG 26 (Porsche)	8	S26
39	SEG D5/Lamborghini	8	SD5
40	SEG 52 (VKF)	10	S52
41	SEG 53	10	S53
42	SEG 54	10	S54
43	SEG 55	10	S55
44	VKF_MH1	20	MH1
45	VKF_MH2	20	MH2
46	Doors	20	DRS
47	Moteur	20	MOT
48	CHASSIS	20	CHS
49	Seg 11 (coupe)	12	S11
50	Seg 12 (WPA)	12	S12
51	Seg 13	12	S13
52	Seg 14	12	S14
53	Seg 15	12	S15
54	Seg 16	12	S16
55	Seg 71 (coupe)	13	S71
56	Seg 72 (Zarourr)	13	S72
57	Seg 73 (Zarourr)	13	S73
58	Seg 74 (Zarourr)	13	S74
59	Seg 75	13	S75
60	Seg 76	13	S76
\.


--
-- TOC entry 5342 (class 0 OID 57429)
-- Dependencies: 263
-- Data for Name: serie; Type: TABLE DATA; Schema: public; Owner: postgres
--

COPY public.serie (id, actif, code, description, domaine, famille_cablage, nom, projet_id) FROM stdin;
3	t	BMW-G2X-003	Faisceau porte arriŠre G20/G21	BMW	Cƒblage porte arriŠre	TUER HI G20 G21	1
4	t	BMW-G2X-004	Faisceau chauffage auxiliaire G2x	BMW	Cƒblage chauffage stationnaire	ZB LTG Standheizung G2x	1
5	t	BMW-G2X-005	Faisceau capteurs parking arriŠre G20/G28	BMW	Cƒblage PDC arriŠre	PDC HI G20 G28	1
6	t	BMW-G0X-001	Faisceau porte avant X5/X6	BMW	Cƒblage porte avant	TUER FA G05 G06	2
9	t	BMW-G4X-001	Faisceau porte avant M3 G80	BMW	Cƒblage porte avant	TUER FA G80	3
10	t	BMW-G4X-002	Faisceau porte avant M4 G82	BMW	Cƒblage porte avant	TUER FA G82	3
11	t	BMW-G4X-003	Faisceau PDC arriŠre M3	BMW	Cƒblage PDC M	PDC HI G80 M	3
13	t	VW-MQB-002	Faisceau porte arriŠre Golf 8	VW	Cƒblage porte arriŠre	Golf 8 Porte HI	4
14	t	VW-PPE-001	Faisceau porte avant ID.4	VW	Cƒblage porte avant	ID4 Porte FA	5
15	t	VW-PPE-002	Faisceau porte arriŠre ID.4	VW	Cƒblage porte arriŠre	ID4 Porte HI	5
16	t	AUDI-MLB-001	Faisceau porte avant A4 B9	AUDI	Cƒblage porte avant	A4 B9 Porte FA	6
17	t	AUDI-MLB-002	Faisceau porte avant A6 C8	AUDI	Cƒblage porte avant	A6 C8 Porte FA	6
18	t	AUDI-MEB-001	Faisceau porte avant Q4 e-tron	AUDI	Cƒblage porte avant	Q4 etron Porte FA	7
19	t	AUDI-MEB-002	Faisceau PDC arriŠre Q4 e-tron	AUDI	Cƒblage PDC	Q4 etron PDC HI	7
20	t	MB-MFA2-001	Faisceau porte avant Classe A W177	MB	Cƒblage porte avant	Classe A W177 Porte FA	8
21	t	MB-MFA2-002	Faisceau porte avant Classe B W247	MB	Cƒblage porte avant	Classe B W247 Porte FA	8
25	t	FORD-C2-002	Faisceau porte avant Kuga MK3	FORD	Cƒblage porte avant	Kuga MK3 Porte FA	11
1	t	BMW-G2X-001	Faisceau porte conducteur/passager G20/G21	BMW	Cƒblage porte avant	TUER FA G20 G21	1
2	t	BMW-G2X-002	Faisceau porte, passager G20/G21	BMW	Cablage porte avant BFA	TUER BFA G20 G21	1
24	t	FORD-C2-001	Faisceau porte avant Focus MK4	FORD	Cƒblage porte avant	Focus MK4 Porte FA	11
12	f	VW-MQB-001	Faisceau porte avant Golf 8	VW	Cƒblage porte avant	Golf 8 Porte FA	4
8	t	BMW-G0X-003	Faisceau PDC arriŠre X5	BMW	Cƒblage PDC arriŠre	PDC HI G05	2
7	t	BMW-G0X-002	Faisceau porte arriŠre X5/X6	BMW	Cƒblage porte arriŠre	TUER HI G05 G06	2
\.


--
-- TOC entry 5320 (class 0 OID 24862)
-- Dependencies: 241
-- Data for Name: session_test; Type: TABLE DATA; Schema: public; Owner: postgres
--

COPY public.session_test (id, date_debut, date_fin, numero_tentative, partie_actuelle, points_obtenus, points_total, question_actuelle, questions_part2_ids_json, reussi, score_part1, score_part2, score_total, statut, auditeur_id, test_theorique_id, questions_part1_ids_json) FROM stdin;
19	2026-05-03 12:20:25.542988	2026-05-03 12:27:14.861023	2	2	20	20	20	[76,72,67,70,66,69,68,71,73,74]	t	100	100	100	TERMINE	7	4	[60,61,59,63,58,56,64,62,65,57]
2	2026-04-16 14:44:27.651718	\N	1	1	\N	\N	1	[19,15,12,11,20,16,18,14,17,13]	f	\N	\N	\N	ABANDONNE	5	2	[2,3,10,7,9,4,5,6,1,8]
25	2026-05-03 15:22:17.092883	2026-05-03 15:24:05.63505	4	2	19	20	20	[72,70,76,74,66,73,67,68,69,71]	t	100	90	95	TERMINE	4	4	[60,57,64,59,62,56,65,61,63,58]
10	2026-04-29 00:16:41.948254	2026-04-29 02:00:42.34312	1	2	20	20	20	[32,39,33,36,34,37,40,38,35,41]	t	100	100	100	TERMINE	4	1	[22,29,24,21,31,25,23,30,27,28]
14	2026-05-01 14:27:49.140899	2026-05-01 14:58:47.703721	1	2	20	20	20	[69,76,70,75,66,67,74,71,72,68]	t	100	100	100	TERMINE	2	4	[60,62,59,64,57,56,63,61,65,58]
18	2026-05-03 02:07:58.573307	2026-05-03 02:09:31.80808	1	2	20	20	20	[70,72,75,73,69,74,68,76,71,66]	t	100	100	100	TERMINE	7	4	[60,59,58,56,63,61,62,57,65,64]
7	2026-04-23 12:29:04.986294	2026-04-23 12:31:39.418715	2	2	19	20	20	[15,16,14,20,13,11,18,19,12,17]	t	90	100	95	TERMINE	4	2	[3,4,1,7,5,8,2,6,10,9]
8	2026-04-28 01:49:21.462154	2026-04-28 11:40:00.648047	1	2	20	20	20	[36,41,34,40,33,32,35,39,37,38]	t	100	100	100	TERMINE	2	1	[23,24,27,26,21,25,22,29,28,30]
34	2026-06-25 23:26:56.187821	2026-06-25 23:28:09.256056	7	2	19	20	20	[76,66,72,73,75,71,68,69,70,67]	t	100	90	95	TERMINE	2	4	[61,56,62,57,65,63,58,59,60,64]
17	2026-05-02 19:50:40.241841	2026-05-02 19:52:23.875513	2	2	19	20	20	[70,72,68,67,75,69,66,71,73,76]	t	100	90	95	TERMINE	4	4	[63,58,60,61,62,65,56,64,59,57]
13	2026-05-01 12:22:28.405179	\N	2	1	\N	\N	0	[19,11,12,14,15,20,16,18,13,17]	f	\N	\N	\N	ABANDONNE	7	2	[10,5,7,9,2,4,6,1,8,3]
28	2026-05-06 03:45:30.842888	2026-05-12 22:05:42.024542	6	2	20	20	20	[71,68,67,66,76,74,75,73,69,70]	t	100	100	100	TERMINE	2	4	[58,64,61,56,63,57,62,65,60,59]
12	2026-04-30 13:13:19.200267	2026-04-30 13:14:53.392584	1	2	20	20	20	[67,68,69,73,74,72,70,71,66,76]	t	100	100	100	TERMINE	4	4	[59,58,61,62,60,65,56,63,64,57]
26	2026-05-04 01:12:57.291381	2026-05-04 11:41:44.621846	3	2	20	20	20	[67,69,76,75,68,72,71,70,66,73]	t	100	100	100	TERMINE	5	4	[64,63,59,56,62,65,57,61,58,60]
4	2026-04-16 15:13:15.268024	2026-04-28 12:44:46.1084	1	2	9	20	20	[19,17,20,13,16,14,18,15,12,11]	f	0	90	45	TERMINE	7	2	[6,5,8,2,10,1,9,3,4,7]
9	2026-04-28 23:24:15.039277	\N	3	1	\N	\N	5	[11,12,18,17,13,19,16,14,20,15]	f	\N	\N	\N	ABANDONNE	2	2	[7,5,6,1,4,2,3,10,9,8]
16	2026-05-02 19:37:52.862452	2026-05-02 19:39:20.794939	3	2	20	20	20	[69,73,71,75,76,70,72,68,66,67]	t	100	100	100	TERMINE	2	4	[65,64,61,57,56,58,60,62,63,59]
6	2026-04-22 12:28:02.32582	2026-04-28 01:16:23.524541	2	2	19	20	20	[18,13,14,16,12,20,15,19,11,17]	t	90	100	95	TERMINE	2	2	[1,6,8,10,3,4,9,2,5,7]
1	2026-04-16 10:54:57.153255	\N	1	2	\N	\N	20	[17,14,15,13,18,12,16,20,11,19]	f	\N	\N	\N	ABANDONNE	4	2	[7,9,10,1,5,4,3,6,2,8]
3	2026-04-16 15:02:27.686868	2026-04-16 15:05:30.157849	1	2	20	20	20	[19,20,18,17,15,16,11,12,14,13]	t	100	100	100	TERMINE	2	2	[4,7,1,10,6,5,2,8,3,9]
11	2026-04-29 14:44:45.961203	2026-04-29 15:32:30.249434	3	2	20	20	20	[14,15,13,11,12,16,17,18,20,19]	t	100	100	100	TERMINE	4	2	[6,10,9,7,5,1,2,3,4,8]
35	2026-06-25 23:35:52.204349	2026-06-25 23:37:18.802555	6	2	19	20	20	[69,66,71,74,73,67,76,68,72,75]	t	100	90	95	TERMINE	5	4	[58,60,63,59,62,65,56,64,61,57]
32	2026-06-25 22:28:02.85894	2026-06-25 22:29:32.478254	1	2	0	20	20	[39,41,33,32,34,36,37,40,35,38]	f	0	0	0	TERMINE	5	1	[29,27,31,24,23,26,22,30,25,21]
30	2026-06-02 04:03:04.01297	2026-06-16 02:20:17.368247	5	2	20	20	20	[72,74,69,66,76,71,70,75,67,73]	t	100	100	100	TERMINE	4	4	[56,57,58,62,59,65,61,64,63,60]
31	2026-06-24 17:56:55.358147	\N	4	1	\N	\N	0	[70,75,72,68,76,69,67,66,74,73]	f	\N	\N	\N	EN_COURS	7	4	[61,60,63,57,64,59,56,65,62,58]
15	2026-05-01 20:19:27.758289	2026-05-01 20:21:18.544548	2	2	20	20	20	[75,76,73,72,68,70,69,66,67,74]	t	100	100	100	TERMINE	2	4	[56,63,59,65,58,64,60,61,57,62]
29	2026-05-06 15:18:12.49789	2026-05-06 15:19:48.797432	4	2	20	20	20	[75,74,76,73,67,71,72,69,66,70]	t	100	100	100	TERMINE	5	4	[61,56,60,65,63,59,62,64,58,57]
22	2026-05-03 13:40:54.717318	2026-05-03 13:42:12.500973	4	2	20	20	20	[67,72,74,68,70,66,73,75,71,69]	t	100	100	100	TERMINE	2	4	[61,63,64,60,59,58,65,62,57,56]
21	2026-05-03 13:08:25.125653	2026-05-03 13:09:39.186148	3	2	20	20	20	[76,70,69,72,74,71,67,68,75,66]	t	100	100	100	TERMINE	4	4	[64,59,58,56,63,60,61,62,57,65]
20	2026-05-03 13:00:45.910069	2026-05-03 13:01:54.047743	1	2	20	20	20	[73,69,74,72,75,66,71,67,68,76]	t	100	100	100	TERMINE	5	4	[64,63,57,62,59,61,58,56,65,60]
23	2026-05-03 14:16:45.682846	2026-05-03 14:18:28.406042	5	2	20	20	20	[75,71,70,69,73,74,66,68,76,72]	t	100	100	100	TERMINE	2	4	[56,65,64,57,61,63,60,62,59,58]
24	2026-05-03 14:26:35.599962	2026-05-03 14:28:09.420313	2	2	20	20	20	[73,74,67,72,68,66,75,71,69,76]	t	100	100	100	TERMINE	5	4	[63,62,64,61,57,60,65,59,56,58]
33	2026-06-25 22:31:20.415148	2026-06-25 22:32:36.167067	5	2	20	20	20	[73,67,70,75,71,72,69,68,74,66]	t	100	100	100	TERMINE	5	4	[62,64,61,63,58,56,60,65,57,59]
27	2026-05-04 11:55:13.532545	2026-06-16 02:17:38.100898	3	2	15	20	20	[69,75,67,74,71,72,76,73,70,66]	f	100	50	75	TERMINE	7	4	[56,64,62,61,58,63,60,57,59,65]
36	2026-06-26 00:48:41.582017	2026-06-26 00:49:55.661161	8	2	18	20	20	[75,71,74,67,72,66,70,73,69,76]	t	100	80	90	TERMINE	2	4	[61,58,59,56,65,64,60,57,63,62]
\.


--
-- TOC entry 5301 (class 0 OID 24707)
-- Dependencies: 222
-- Data for Name: site; Type: TABLE DATA; Schema: public; Owner: postgres
--

COPY public.site (id, localisation, nom, direct_hc, indirect_hc, number_of_plants, production_space_m2, total_hc, total_space_m2, plant_id) FROM stdin;
5	Mateur, Bizerte	Mateur South(MS)	6273	1073	1	19381	7346	48265	\N
6	Mateur, Bizerte	Mateur North (MN)	2999	698	1	12357	3697	30740	\N
8	Sousse	Sousse (WTNSO)	6488	2621	5	70900	9109	141055	\N
7	Sidi Bouali, Sousse	Sidi Bouali (SB)	2278	412	1	8600	2690	37700	\N
9	Menzel Hayet, Kairouan	Menzel Hayet (MH)	4639	1210	2	38040	5849	102000	\N
10	Sousse	Sousse (WTNST)	6488	2621	\N	70900	9109	141055	\N
\.


--
-- TOC entry 5326 (class 0 OID 25022)
-- Dependencies: 247
-- Data for Name: test_pratique; Type: TABLE DATA; Schema: public; Owner: postgres
--

COPY public.test_pratique (id, actif, date_activation, date_creation, description, titre, expert_id, test_theorique_id, seuil_reussite) FROM stdin;
2	f	2026-04-23 14:32:41.715851	2026-04-23 02:02:34.741915	\N	Test Pratique 23/04/2026	1	\N	80
1	f	2026-04-23 14:32:43.346258	2026-04-16 04:52:52.979636	\N	Test Pratique 16/04/2026	1	\N	80
5	t	2026-04-28 11:02:30.825382	2026-04-28 11:02:22.654628	\N	Test Pratique 28/04/2026	1	\N	80
8	t	2026-04-28 12:40:01.538257	2026-04-28 12:37:46.40752	\N	Test Pratique 28/04/2026	1	\N	80
9	t	2026-04-28 15:10:48.79201	2026-04-28 13:13:50.351327	\N	Test Pratique 28/04/2026	1	\N	80
10	t	2026-04-29 00:43:37.983431	2026-04-29 00:43:35.886236	\N	Test Pratique 29/04/2026	1	\N	80
4	t	2026-04-29 00:52:33.708129	2026-04-28 01:29:05.434282	\N	Test Pratique 28/04/2026	1	\N	80
11	t	2026-04-30 13:12:23.833212	2026-04-30 13:12:17.141092	\N	Test Pratique 30/04/2026	1	\N	90
12	t	2026-04-30 23:50:16.269253	2026-04-30 23:50:14.59776	\N	Test Pratique 30/04/2026	1	\N	80
13	t	2026-05-01 04:13:37.064163	2026-05-01 04:13:35.591661	\N	Test Pratique 01/05/2026	1	\N	90
16	f	\N	2026-05-01 20:15:26.487648	\N	Test Pratique 01/05/2026	1	\N	90
17	t	2026-05-01 20:17:51.660429	2026-05-01 20:17:29.095508	\N	Test Pratique 01/05/2026	1	\N	90
15	t	2026-05-01 20:11:04.463312	2026-05-01 20:11:04.463312	Test noté manuellement par l'expert. Aucun défaut prédéfini — le score est saisi directement lors de la validation.	Test pratique sans défauts	1	\N	100
18	t	2026-05-03 12:19:35.249351	2026-05-03 12:19:31.748546	\N	Test Pratique 03/05/2026	1	\N	90
7	t	2026-05-14 14:53:23.833324	2026-04-28 12:31:42.009414	\N	Test Pratique 28/04/2026	1	\N	80
6	t	2026-05-14 14:53:34.006873	2026-04-28 11:33:54.139876	\N	Test Pratique 28/04/2026	1	\N	80
19	f	\N	2026-06-25 22:16:20.168378	\N	Test Pratique 25/06/2026	1	\N	95
\.


--
-- TOC entry 5322 (class 0 OID 24871)
-- Dependencies: 243
-- Data for Name: test_theorique; Type: TABLE DATA; Schema: public; Owner: postgres
--

COPY public.test_theorique (id, actif, date_activation, date_creation, description, nb_sessions, seuil_reussite, titre, expert_id) FROM stdin;
2	t	2026-04-28 12:57:59.131822	2026-04-16 04:22:30.872487	\N	10	75	Test Théorique 16/04/2026	1
5	f	\N	2026-04-30 13:43:05.661266	\N	0	100	Test Théorique 30/04/2026	1
7	f	\N	2026-05-21 12:04:58.327146	\N	0	75	Test Théorique 21/05/2026	1
8	f	\N	2026-05-23 17:40:22.526612	\N	0	75	Test Théorique 23/05/2026	1
9	f	\N	2026-05-26 02:04:29.42583	\N	0	85	Test Théorique 26/05/2026	1
10	f	\N	2026-06-02 03:33:02.394847	\N	0	100	Test Théorique 02/06/2026	1
11	f	\N	2026-06-25 13:12:49.903786	\N	0	90	Test Théorique 25/06/2026	1
12	f	\N	2026-06-25 22:08:56.951808	\N	0	90	Test Théorique 25/06/2026	1
13	f	\N	2026-06-25 22:15:56.773147	\N	0	95	Test Théorique 25/06/2026	1
1	t	2026-04-28 01:47:25.809874	2026-04-16 03:47:18.823631	\N	3	80	Test Théorique 16/04/2026	1
14	f	\N	2026-06-25 23:25:19.911069	\N	0	90	Test Théorique 25/06/2026	1
15	f	\N	2026-06-25 23:33:42.380567	\N	0	95	Test Théorique 25/06/2026	1
4	t	2026-04-30 13:12:12.256456	2026-04-30 13:07:10.766614	\N	23	90	Test Théorique 30/04/2026	1
\.


--
-- TOC entry 5303 (class 0 OID 24715)
-- Dependencies: 224
-- Data for Name: utilisateur; Type: TABLE DATA; Schema: public; Owner: postgres
--

COPY public.utilisateur (id, actif, email, matricule, mot_de_passe, nom, prenom, role, site_id, recevoir_notifications, telephone, plant_id, peut_creer_certif, date_creation, reset_token, reset_token_expiry, email_notifications_types, langue, mode_compact, theme, timezone, animations, date_format, email_notifications_actif) FROM stdin;
10	f	\N	278010	\N	\N	\N	AUDITEUR	\N	f	\N	\N	f	2026-04-08 23:34:13.861635	\N	\N	\N	fr	f	light	Africa/Tunis	t	DD/MM/YYYY	f
11	f	\N	278011	\N	\N	\N	AUDITEUR	\N	f	\N	\N	f	2026-04-08 23:34:13.863635	\N	\N	\N	fr	f	light	Africa/Tunis	t	DD/MM/YYYY	f
12	f	\N	278012	\N	\N	\N	AUDITEUR	\N	f	\N	\N	f	2026-04-08 23:34:13.864635	\N	\N	\N	fr	f	light	Africa/Tunis	t	DD/MM/YYYY	f
13	f	\N	278013	\N	\N	\N	AUDITEUR	\N	f	\N	\N	f	2026-04-08 23:34:13.866635	\N	\N	\N	fr	f	light	Africa/Tunis	t	DD/MM/YYYY	f
14	f	\N	278014	\N	\N	\N	AUDITEUR	\N	f	\N	\N	f	2026-04-08 23:34:13.868641	\N	\N	\N	fr	f	light	Africa/Tunis	t	DD/MM/YYYY	f
15	f	\N	278015	\N	\N	\N	AUDITEUR	\N	f	\N	\N	f	2026-04-08 23:34:13.869637	\N	\N	\N	fr	f	light	Africa/Tunis	t	DD/MM/YYYY	f
16	f	\N	278016	\N	\N	\N	AUDITEUR	\N	f	\N	\N	f	2026-04-08 23:34:13.870638	\N	\N	\N	fr	f	light	Africa/Tunis	t	DD/MM/YYYY	f
17	f	\N	278017	\N	\N	\N	AUDITEUR	\N	f	\N	\N	f	2026-04-08 23:34:13.872635	\N	\N	\N	fr	f	light	Africa/Tunis	t	DD/MM/YYYY	f
18	f	\N	278018	\N	\N	\N	AUDITEUR	\N	f	\N	\N	f	2026-04-08 23:34:13.873636	\N	\N	\N	fr	f	light	Africa/Tunis	t	DD/MM/YYYY	f
19	f	\N	278019	\N	\N	\N	AUDITEUR	\N	f	\N	\N	f	2026-04-08 23:34:13.875635	\N	\N	\N	fr	f	light	Africa/Tunis	t	DD/MM/YYYY	f
20	f	\N	278020	\N	\N	\N	AUDITEUR	\N	f	\N	\N	f	2026-04-08 23:34:13.876635	\N	\N	\N	fr	f	light	Africa/Tunis	t	DD/MM/YYYY	f
21	f	\N	278021	\N	\N	\N	CHEF_SERVICE	\N	f	\N	\N	f	2026-04-08 23:34:13.878636	\N	\N	\N	fr	f	light	Africa/Tunis	t	DD/MM/YYYY	f
22	f	\N	278022	\N	\N	\N	CHEF_SERVICE	\N	f	\N	\N	f	2026-04-08 23:34:13.880636	\N	\N	\N	fr	f	light	Africa/Tunis	t	DD/MM/YYYY	f
24	f	\N	278024	\N	\N	\N	CHEF_SERVICE	\N	f	\N	\N	f	2026-04-08 23:34:13.885638	\N	\N	\N	fr	f	light	Africa/Tunis	t	DD/MM/YYYY	f
25	f	\N	278025	\N	\N	\N	CHEF_SERVICE	\N	f	\N	\N	f	2026-04-08 23:34:13.888639	\N	\N	\N	fr	f	light	Africa/Tunis	t	DD/MM/YYYY	f
26	f	\N	278026	\N	\N	\N	CHEF_SERVICE	\N	f	\N	\N	f	2026-04-08 23:34:13.89264	\N	\N	\N	fr	f	light	Africa/Tunis	t	DD/MM/YYYY	f
27	f	\N	278027	\N	\N	\N	CHEF_SERVICE	\N	f	\N	\N	f	2026-04-08 23:34:13.895638	\N	\N	\N	fr	f	light	Africa/Tunis	t	DD/MM/YYYY	f
28	f	\N	278028	\N	\N	\N	CHEF_SERVICE	\N	f	\N	\N	f	2026-04-08 23:34:13.89964	\N	\N	\N	fr	f	light	Africa/Tunis	t	DD/MM/YYYY	f
29	f	\N	278029	\N	\N	\N	CHEF_SERVICE	\N	f	\N	\N	f	2026-04-08 23:34:13.903641	\N	\N	\N	fr	f	light	Africa/Tunis	t	DD/MM/YYYY	f
30	f	\N	278030	\N	\N	\N	CHEF_SERVICE	\N	f	\N	\N	f	2026-04-08 23:34:13.906639	\N	\N	\N	fr	f	light	Africa/Tunis	t	DD/MM/YYYY	f
31	f	\N	278031	\N	\N	\N	RESPONSABLE_QUALITE_CENTRALE	\N	f	\N	\N	f	2026-04-08 23:34:13.909638	\N	\N	\N	fr	f	light	Africa/Tunis	t	DD/MM/YYYY	f
32	f	\N	278032	\N	\N	\N	RESPONSABLE_QUALITE_CENTRALE	\N	f	\N	\N	f	2026-04-08 23:34:13.914639	\N	\N	\N	fr	f	light	Africa/Tunis	t	DD/MM/YYYY	f
33	f	\N	278033	\N	\N	\N	RESPONSABLE_QUALITE_CENTRALE	\N	f	\N	\N	f	2026-04-08 23:34:13.917636	\N	\N	\N	fr	f	light	Africa/Tunis	t	DD/MM/YYYY	f
34	f	\N	278034	\N	\N	\N	RESPONSABLE_QUALITE_CENTRALE	\N	f	\N	\N	f	2026-04-08 23:34:13.920642	\N	\N	\N	fr	f	light	Africa/Tunis	t	DD/MM/YYYY	f
35	f	\N	278035	\N	\N	\N	RESPONSABLE_QUALITE_CENTRALE	\N	f	\N	\N	f	2026-04-08 23:34:13.923651	\N	\N	\N	fr	f	light	Africa/Tunis	t	DD/MM/YYYY	f
36	f	\N	278036	\N	\N	\N	RESPONSABLE_QUALITE_CENTRALE	\N	f	\N	\N	f	2026-04-08 23:34:13.927642	\N	\N	\N	fr	f	light	Africa/Tunis	t	DD/MM/YYYY	f
37	f	\N	278037	\N	\N	\N	RESPONSABLE_QUALITE_CENTRALE	\N	f	\N	\N	f	2026-04-08 23:34:13.931641	\N	\N	\N	fr	f	light	Africa/Tunis	t	DD/MM/YYYY	f
38	f	\N	278038	\N	\N	\N	RESPONSABLE_QUALITE_CENTRALE	\N	f	\N	\N	f	2026-04-08 23:34:13.935734	\N	\N	\N	fr	f	light	Africa/Tunis	t	DD/MM/YYYY	f
39	f	\N	278039	\N	\N	\N	RESPONSABLE_QUALITE_CENTRALE	\N	f	\N	\N	f	2026-04-08 23:34:13.939732	\N	\N	\N	fr	f	light	Africa/Tunis	t	DD/MM/YYYY	f
40	f	\N	278040	\N	\N	\N	RESPONSABLE_QUALITE_CENTRALE	\N	f	\N	\N	f	2026-04-08 23:34:13.943737	\N	\N	\N	fr	f	light	Africa/Tunis	t	DD/MM/YYYY	f
41	f	\N	278041	\N	\N	\N	EXPERT_PRODUCT_AUDIT	\N	f	\N	\N	f	2026-04-08 23:34:13.947733	\N	\N	\N	fr	f	light	Africa/Tunis	t	DD/MM/YYYY	f
42	f	\N	278042	\N	\N	\N	EXPERT_PRODUCT_AUDIT	\N	f	\N	\N	f	2026-04-08 23:34:13.951735	\N	\N	\N	fr	f	light	Africa/Tunis	t	DD/MM/YYYY	f
43	f	\N	278043	\N	\N	\N	EXPERT_PRODUCT_AUDIT	\N	f	\N	\N	f	2026-04-08 23:34:13.954734	\N	\N	\N	fr	f	light	Africa/Tunis	t	DD/MM/YYYY	f
44	f	\N	278044	\N	\N	\N	EXPERT_PRODUCT_AUDIT	\N	f	\N	\N	f	2026-04-08 23:34:13.96073	\N	\N	\N	fr	f	light	Africa/Tunis	t	DD/MM/YYYY	f
45	f	\N	278045	\N	\N	\N	EXPERT_PRODUCT_AUDIT	\N	f	\N	\N	f	2026-04-08 23:34:13.965758	\N	\N	\N	fr	f	light	Africa/Tunis	t	DD/MM/YYYY	f
46	f	\N	278046	\N	\N	\N	EXPERT_PRODUCT_AUDIT	\N	f	\N	\N	f	2026-04-08 23:34:13.96873	\N	\N	\N	fr	f	light	Africa/Tunis	t	DD/MM/YYYY	f
47	f	\N	278047	\N	\N	\N	EXPERT_PRODUCT_AUDIT	\N	f	\N	\N	f	2026-04-08 23:34:13.970731	\N	\N	\N	fr	f	light	Africa/Tunis	t	DD/MM/YYYY	f
48	f	\N	278048	\N	\N	\N	EXPERT_PRODUCT_AUDIT	\N	f	\N	\N	f	2026-04-08 23:34:13.973735	\N	\N	\N	fr	f	light	Africa/Tunis	t	DD/MM/YYYY	f
49	f	\N	278049	\N	\N	\N	EXPERT_PRODUCT_AUDIT	\N	f	\N	\N	f	2026-04-08 23:34:13.976733	\N	\N	\N	fr	f	light	Africa/Tunis	t	DD/MM/YYYY	f
50	f	\N	278050	\N	\N	\N	EXPERT_PRODUCT_AUDIT	\N	f	\N	\N	f	2026-04-08 23:34:13.979743	\N	\N	\N	fr	f	light	Africa/Tunis	t	DD/MM/YYYY	f
62	t	zaineb.zainouba1309@gmail.com	278100	$2a$10$jCp7uS9svg37Ub5riFppQulcHWDigq/jdFL1Va6CC6k2i2TDfnPai	Arwa	hamouda	RESPONSABLE_QUALITE_CENTRALE	8	t	5652588	7	f	2026-04-18 22:28:58.65372	\N	\N	\N	fr	f	light	Africa/Tunis	t	DD/MM/YYYY	f
59	f	\N	25346	\N	\N	\N	RESPONSABLE_QUALITE_CENTRALE	\N	f	\N	\N	f	2026-04-16 16:06:06.721057	\N	\N	\N	fr	f	light	Africa/Tunis	t	DD/MM/YYYY	f
2	t	zaineb.hamouda09@gmail.com	278002	$2a$10$KDvQcl2E84sz8QrdPqkloO0GTqbec1J4pL1yb7mZ5AQpWuRVXHiT.	BMW	Auditeur1_	AUDITEUR	8	t	28082256	7	f	2026-04-08 23:34:13.847635	\N	\N	\N	fr	f	light	Africa/Tunis	t	DD/MM/YYYY	f
5	t	arwahamouda49@gmail.com	278005	$2a$10$jdT1CVR6FrQkpn8CYwLZ1.wQzv5RyOlZH4pncVMivAaMKH8ZFFRDG	BMW	Auditeur2_	AUDITEUR	8	t	28082256	8	f	2026-04-08 23:34:13.853635	\N	\N	\N	fr	f	light	Africa/Tunis	t	DD/MM/YYYY	f
7	t	mohamed@gamil.com	278007	$2a$10$nzIqZnMrBaRPI/m71Sl2TOYShsdsUXTXdNaFFN6pwwVtMndqaS1jW	Mohamed 	Mohamed	AUDITEUR	8	t	+216 22 000 000	7	f	2026-04-08 23:34:13.857635	\N	\N	\N	fr	f	light	Africa/Tunis	t	DD/MM/YYYY	f
1	t	zainebhamouda9@gmail.com	278001	$2a$10$fs/cZwPaB7..9P3gv6ZtyO9SWNgENLOMKVYnyqRyEojS7crfLml1S	Ben salem	Ahmed	EXPERT_PRODUCT_AUDIT	8	f		7	t	2026-04-08 23:34:13.844635	\N	\N	CERTIF_EXPIRE_7J	fr	f	light	Africa/Tunis	t	DD/MM/YYYY	t
6	t	zainebhamouda13@gmail.com	278006	$2a$10$qrTxV1ok/cod37/KXA8JMum7vb1JaeE5bQXLyAGggBmTfZ38x5jUG	youssef	Ahmed	CHEF_SERVICE	8	t	28082256	7	f	2026-04-08 23:34:13.855635	\N	\N	\N	fr	f	light	Africa/Tunis	t	DD/MM/YYYY	f
71	t	zainebhamouda14@gmail.com	278008	$2a$10$WabG3F7C/c1EClWAzd9UjOTkOPyVW0udwYt7WVr4zJSHCWXVhm3/6	VW	Expert	EXPERT_PRODUCT_AUDIT	8	t	125448877	8	t	2026-05-20 00:28:27.117577	\N	\N	\N	fr	f	light	Africa/Tunis	t	DD/MM/YYYY	f
73	f	\N	278009	$2a$10$l3UJkaaMxfGFUCON.mUCHO2wCx.Y0Jyh1DUONcmggXY/znoksG61i	\N	\N	AUDITEUR	\N	f	\N	\N	f	2026-06-06 19:05:02.376132	\N	\N	\N	fr	f	light	Africa/Tunis	t	DD/MM/YYYY	f
56	t		278000	$2a$10$8HKY3iiCPwyXHwik3NW8qOTSvcJcFkI/E2NIQf2pFwHNXwiEyK4Qu	System	Admin	ADMIN	\N	f	278000	\N	f	2026-04-09 01:21:57.302973	\N	\N	CERTIF_EXPIRE_7J,CERTIF_EXPIRE_30J	fr	f	light	Africa/Tunis	t	DD/MM/YYYY	t
4	t	Amel@gmail.com	278004	$2a$10$4UQSFNz5Oy6nlA6VxifZy.tnMI48B94tW5H9tVk764r5jrnhxg0Ly	Ben salem	Amel	AUDITEUR	8	t	+216 22 000 000	8	f	2026-04-08 23:34:13.851702	\N	\N	\N	fr	f	light	Africa/Tunis	t	DD/MM/YYYY	f
83	t	youssefhammouda57@gmail.com	278003	$2a$10$JAeyLvOzYg7R0qR.dwU3hO.q1wJUSNqxOQTcedF8SB0Zq.bnK2b0e	amel	youssef	CHEF_SERVICE	8	t	123456789	7	f	2026-06-26 00:45:12.17806	\N	\N	\N	fr	f	light	Africa/Tunis	t	DD/MM/YYYY	f
84	f	\N	278023	$2a$10$ea60vjGrsDATv8N.VB7UueuI4hhz3BTDqhZ0taO8uCAyuZRz86X.a	\N	\N	CHEF_SERVICE	\N	f	\N	\N	f	2026-06-30 10:38:38.449017	\N	\N	\N	fr	f	light	Africa/Tunis	t	DD/MM/YYYY	f
\.


--
-- TOC entry 5367 (class 0 OID 0)
-- Dependencies: 264
-- Name: annexe_config_id_seq; Type: SEQUENCE SET; Schema: public; Owner: postgres
--

SELECT pg_catalog.setval('public.annexe_config_id_seq', 1, false);


--
-- TOC entry 5368 (class 0 OID 0)
-- Dependencies: 270
-- Name: audit_export_detail_id_seq; Type: SEQUENCE SET; Schema: public; Owner: postgres
--

SELECT pg_catalog.setval('public.audit_export_detail_id_seq', 1, false);


--
-- TOC entry 5369 (class 0 OID 0)
-- Dependencies: 252
-- Name: audit_id_seq; Type: SEQUENCE SET; Schema: public; Owner: postgres
--

SELECT pg_catalog.setval('public.audit_id_seq', 162, true);


--
-- TOC entry 5370 (class 0 OID 0)
-- Dependencies: 266
-- Name: audit_produit_annexe_id_seq; Type: SEQUENCE SET; Schema: public; Owner: postgres
--

SELECT pg_catalog.setval('public.audit_produit_annexe_id_seq', 153, true);


--
-- TOC entry 5371 (class 0 OID 0)
-- Dependencies: 225
-- Name: cablage_defaut_id_seq; Type: SEQUENCE SET; Schema: public; Owner: postgres
--

SELECT pg_catalog.setval('public.cablage_defaut_id_seq', 1, true);


--
-- TOC entry 5372 (class 0 OID 0)
-- Dependencies: 227
-- Name: certificat_id_seq; Type: SEQUENCE SET; Schema: public; Owner: postgres
--

SELECT pg_catalog.setval('public.certificat_id_seq', 1, false);


--
-- TOC entry 5373 (class 0 OID 0)
-- Dependencies: 279
-- Name: certificat_vw_id_seq; Type: SEQUENCE SET; Schema: public; Owner: postgres
--

SELECT pg_catalog.setval('public.certificat_vw_id_seq', 2, true);


--
-- TOC entry 5374 (class 0 OID 0)
-- Dependencies: 229
-- Name: certification_id_seq; Type: SEQUENCE SET; Schema: public; Owner: postgres
--

SELECT pg_catalog.setval('public.certification_id_seq', 99, true);


--
-- TOC entry 5375 (class 0 OID 0)
-- Dependencies: 254
-- Name: checklist_regle_plate_id_seq; Type: SEQUENCE SET; Schema: public; Owner: postgres
--

SELECT pg_catalog.setval('public.checklist_regle_plate_id_seq', 2, true);


--
-- TOC entry 5376 (class 0 OID 0)
-- Dependencies: 272
-- Name: client_id_seq; Type: SEQUENCE SET; Schema: public; Owner: postgres
--

SELECT pg_catalog.setval('public.client_id_seq', 56, true);


--
-- TOC entry 5377 (class 0 OID 0)
-- Dependencies: 277
-- Name: client_lien_id_seq; Type: SEQUENCE SET; Schema: public; Owner: postgres
--

SELECT pg_catalog.setval('public.client_lien_id_seq', 37, true);


--
-- TOC entry 5378 (class 0 OID 0)
-- Dependencies: 275
-- Name: demande_extension_id_seq; Type: SEQUENCE SET; Schema: public; Owner: postgres
--

SELECT pg_catalog.setval('public.demande_extension_id_seq', 5, true);


--
-- TOC entry 5379 (class 0 OID 0)
-- Dependencies: 268
-- Name: fiche_reparation_id_seq; Type: SEQUENCE SET; Schema: public; Owner: postgres
--

SELECT pg_catalog.setval('public.fiche_reparation_id_seq', 41, true);


--
-- TOC entry 5380 (class 0 OID 0)
-- Dependencies: 231
-- Name: historique_id_seq; Type: SEQUENCE SET; Schema: public; Owner: postgres
--

SELECT pg_catalog.setval('public.historique_id_seq', 1295, true);


--
-- TOC entry 5381 (class 0 OID 0)
-- Dependencies: 256
-- Name: non_conformite_audit_id_seq; Type: SEQUENCE SET; Schema: public; Owner: postgres
--

SELECT pg_catalog.setval('public.non_conformite_audit_id_seq', 1, false);


--
-- TOC entry 5382 (class 0 OID 0)
-- Dependencies: 217
-- Name: notification_id_seq; Type: SEQUENCE SET; Schema: public; Owner: postgres
--

SELECT pg_catalog.setval('public.notification_id_seq', 592, true);


--
-- TOC entry 5383 (class 0 OID 0)
-- Dependencies: 244
-- Name: passage_certification_id_seq; Type: SEQUENCE SET; Schema: public; Owner: postgres
--

SELECT pg_catalog.setval('public.passage_certification_id_seq', 39, true);


--
-- TOC entry 5384 (class 0 OID 0)
-- Dependencies: 258
-- Name: plan_action_id_seq; Type: SEQUENCE SET; Schema: public; Owner: postgres
--

SELECT pg_catalog.setval('public.plan_action_id_seq', 21, true);


--
-- TOC entry 5385 (class 0 OID 0)
-- Dependencies: 260
-- Name: planification_audit_id_seq; Type: SEQUENCE SET; Schema: public; Owner: postgres
--

SELECT pg_catalog.setval('public.planification_audit_id_seq', 69, true);


--
-- TOC entry 5386 (class 0 OID 0)
-- Dependencies: 219
-- Name: plant_id_seq; Type: SEQUENCE SET; Schema: public; Owner: postgres
--

SELECT pg_catalog.setval('public.plant_id_seq', 24, true);


--
-- TOC entry 5387 (class 0 OID 0)
-- Dependencies: 248
-- Name: projet_id_seq; Type: SEQUENCE SET; Schema: public; Owner: postgres
--

SELECT pg_catalog.setval('public.projet_id_seq', 15, true);


--
-- TOC entry 5388 (class 0 OID 0)
-- Dependencies: 233
-- Name: question_test_id_seq; Type: SEQUENCE SET; Schema: public; Owner: postgres
--

SELECT pg_catalog.setval('public.question_test_id_seq', 90, true);


--
-- TOC entry 5389 (class 0 OID 0)
-- Dependencies: 281
-- Name: rapport_mensuel_id_seq; Type: SEQUENCE SET; Schema: public; Owner: postgres
--

SELECT pg_catalog.setval('public.rapport_mensuel_id_seq', 14, true);


--
-- TOC entry 5390 (class 0 OID 0)
-- Dependencies: 236
-- Name: rapport_pratique_id_seq; Type: SEQUENCE SET; Schema: public; Owner: postgres
--

SELECT pg_catalog.setval('public.rapport_pratique_id_seq', 1, false);


--
-- TOC entry 5391 (class 0 OID 0)
-- Dependencies: 238
-- Name: reponse_session_id_seq; Type: SEQUENCE SET; Schema: public; Owner: postgres
--

SELECT pg_catalog.setval('public.reponse_session_id_seq', 648, true);


--
-- TOC entry 5392 (class 0 OID 0)
-- Dependencies: 250
-- Name: segment_id_seq; Type: SEQUENCE SET; Schema: public; Owner: postgres
--

SELECT pg_catalog.setval('public.segment_id_seq', 60, true);


--
-- TOC entry 5393 (class 0 OID 0)
-- Dependencies: 262
-- Name: serie_id_seq; Type: SEQUENCE SET; Schema: public; Owner: postgres
--

SELECT pg_catalog.setval('public.serie_id_seq', 31, true);


--
-- TOC entry 5394 (class 0 OID 0)
-- Dependencies: 240
-- Name: session_test_id_seq; Type: SEQUENCE SET; Schema: public; Owner: postgres
--

SELECT pg_catalog.setval('public.session_test_id_seq', 36, true);


--
-- TOC entry 5395 (class 0 OID 0)
-- Dependencies: 221
-- Name: site_id_seq; Type: SEQUENCE SET; Schema: public; Owner: postgres
--

SELECT pg_catalog.setval('public.site_id_seq', 10, true);


--
-- TOC entry 5396 (class 0 OID 0)
-- Dependencies: 246
-- Name: test_pratique_id_seq; Type: SEQUENCE SET; Schema: public; Owner: postgres
--

SELECT pg_catalog.setval('public.test_pratique_id_seq', 19, true);


--
-- TOC entry 5397 (class 0 OID 0)
-- Dependencies: 242
-- Name: test_theorique_id_seq; Type: SEQUENCE SET; Schema: public; Owner: postgres
--

SELECT pg_catalog.setval('public.test_theorique_id_seq', 15, true);


--
-- TOC entry 5398 (class 0 OID 0)
-- Dependencies: 223
-- Name: utilisateur_id_seq; Type: SEQUENCE SET; Schema: public; Owner: postgres
--

SELECT pg_catalog.setval('public.utilisateur_id_seq', 84, true);


--
-- TOC entry 5032 (class 2606 OID 57640)
-- Name: annexe_config annexe_config_pkey; Type: CONSTRAINT; Schema: public; Owner: postgres
--

ALTER TABLE ONLY public.annexe_config
    ADD CONSTRAINT annexe_config_pkey PRIMARY KEY (id);


--
-- TOC entry 5043 (class 2606 OID 57744)
-- Name: audit_export_detail audit_export_detail_pkey; Type: CONSTRAINT; Schema: public; Owner: postgres
--

ALTER TABLE ONLY public.audit_export_detail
    ADD CONSTRAINT audit_export_detail_pkey PRIMARY KEY (id);


--
-- TOC entry 5000 (class 2606 OID 49237)
-- Name: audit audit_pkey; Type: CONSTRAINT; Schema: public; Owner: postgres
--

ALTER TABLE ONLY public.audit
    ADD CONSTRAINT audit_pkey PRIMARY KEY (id);


--
-- TOC entry 5035 (class 2606 OID 57649)
-- Name: audit_produit_annexe audit_produit_annexe_pkey; Type: CONSTRAINT; Schema: public; Owner: postgres
--

ALTER TABLE ONLY public.audit_produit_annexe
    ADD CONSTRAINT audit_produit_annexe_pkey PRIMARY KEY (id);


--
-- TOC entry 4954 (class 2606 OID 24799)
-- Name: cablage_defaut cablage_defaut_pkey; Type: CONSTRAINT; Schema: public; Owner: postgres
--

ALTER TABLE ONLY public.cablage_defaut
    ADD CONSTRAINT cablage_defaut_pkey PRIMARY KEY (id);


--
-- TOC entry 4956 (class 2606 OID 24807)
-- Name: certificat certificat_pkey; Type: CONSTRAINT; Schema: public; Owner: postgres
--

ALTER TABLE ONLY public.certificat
    ADD CONSTRAINT certificat_pkey PRIMARY KEY (id);


--
-- TOC entry 5056 (class 2606 OID 122972)
-- Name: certificat_vw certificat_vw_pkey; Type: CONSTRAINT; Schema: public; Owner: postgres
--

ALTER TABLE ONLY public.certificat_vw
    ADD CONSTRAINT certificat_vw_pkey PRIMARY KEY (id);


--
-- TOC entry 4960 (class 2606 OID 24816)
-- Name: certification certification_pkey; Type: CONSTRAINT; Schema: public; Owner: postgres
--

ALTER TABLE ONLY public.certification
    ADD CONSTRAINT certification_pkey PRIMARY KEY (id);


--
-- TOC entry 5011 (class 2606 OID 49251)
-- Name: checklist_regle_plate checklist_regle_plate_pkey; Type: CONSTRAINT; Schema: public; Owner: postgres
--

ALTER TABLE ONLY public.checklist_regle_plate
    ADD CONSTRAINT checklist_regle_plate_pkey PRIMARY KEY (id);


--
-- TOC entry 5052 (class 2606 OID 122950)
-- Name: client_lien client_lien_pkey; Type: CONSTRAINT; Schema: public; Owner: postgres
--

ALTER TABLE ONLY public.client_lien
    ADD CONSTRAINT client_lien_pkey PRIMARY KEY (id);


--
-- TOC entry 5046 (class 2606 OID 73800)
-- Name: client client_pkey; Type: CONSTRAINT; Schema: public; Owner: postgres
--

ALTER TABLE ONLY public.client
    ADD CONSTRAINT client_pkey PRIMARY KEY (id);


--
-- TOC entry 5050 (class 2606 OID 106624)
-- Name: demande_extension demande_extension_pkey; Type: CONSTRAINT; Schema: public; Owner: postgres
--

ALTER TABLE ONLY public.demande_extension
    ADD CONSTRAINT demande_extension_pkey PRIMARY KEY (id);


--
-- TOC entry 5039 (class 2606 OID 57658)
-- Name: fiche_reparation fiche_reparation_pkey; Type: CONSTRAINT; Schema: public; Owner: postgres
--

ALTER TABLE ONLY public.fiche_reparation
    ADD CONSTRAINT fiche_reparation_pkey PRIMARY KEY (id);


--
-- TOC entry 4964 (class 2606 OID 24825)
-- Name: historique historique_pkey; Type: CONSTRAINT; Schema: public; Owner: postgres
--

ALTER TABLE ONLY public.historique
    ADD CONSTRAINT historique_pkey PRIMARY KEY (id);


--
-- TOC entry 5016 (class 2606 OID 49259)
-- Name: non_conformite_audit non_conformite_audit_pkey; Type: CONSTRAINT; Schema: public; Owner: postgres
--

ALTER TABLE ONLY public.non_conformite_audit
    ADD CONSTRAINT non_conformite_audit_pkey PRIMARY KEY (id);


--
-- TOC entry 4942 (class 2606 OID 24828)
-- Name: notification notification_pkey; Type: CONSTRAINT; Schema: public; Owner: postgres
--

ALTER TABLE ONLY public.notification
    ADD CONSTRAINT notification_pkey PRIMARY KEY (id);


--
-- TOC entry 4987 (class 2606 OID 25020)
-- Name: passage_certification passage_certification_pkey; Type: CONSTRAINT; Schema: public; Owner: postgres
--

ALTER TABLE ONLY public.passage_certification
    ADD CONSTRAINT passage_certification_pkey PRIMARY KEY (id);


--
-- TOC entry 5021 (class 2606 OID 57417)
-- Name: plan_action plan_action_pkey; Type: CONSTRAINT; Schema: public; Owner: postgres
--

ALTER TABLE ONLY public.plan_action
    ADD CONSTRAINT plan_action_pkey PRIMARY KEY (id);


--
-- TOC entry 5027 (class 2606 OID 57427)
-- Name: planification_audit planification_audit_pkey; Type: CONSTRAINT; Schema: public; Owner: postgres
--

ALTER TABLE ONLY public.planification_audit
    ADD CONSTRAINT planification_audit_pkey PRIMARY KEY (id);


--
-- TOC entry 4944 (class 2606 OID 24705)
-- Name: plant plant_pkey; Type: CONSTRAINT; Schema: public; Owner: postgres
--

ALTER TABLE ONLY public.plant
    ADD CONSTRAINT plant_pkey PRIMARY KEY (id);


--
-- TOC entry 4996 (class 2606 OID 32840)
-- Name: projet projet_pkey; Type: CONSTRAINT; Schema: public; Owner: postgres
--

ALTER TABLE ONLY public.projet
    ADD CONSTRAINT projet_pkey PRIMARY KEY (id);


--
-- TOC entry 4971 (class 2606 OID 24843)
-- Name: question_test question_test_pkey; Type: CONSTRAINT; Schema: public; Owner: postgres
--

ALTER TABLE ONLY public.question_test
    ADD CONSTRAINT question_test_pkey PRIMARY KEY (id);


--
-- TOC entry 5062 (class 2606 OID 131146)
-- Name: rapport_mensuel rapport_mensuel_pkey; Type: CONSTRAINT; Schema: public; Owner: postgres
--

ALTER TABLE ONLY public.rapport_mensuel
    ADD CONSTRAINT rapport_mensuel_pkey PRIMARY KEY (id);


--
-- TOC entry 4973 (class 2606 OID 24854)
-- Name: rapport_pratique rapport_pratique_pkey; Type: CONSTRAINT; Schema: public; Owner: postgres
--

ALTER TABLE ONLY public.rapport_pratique
    ADD CONSTRAINT rapport_pratique_pkey PRIMARY KEY (id);


--
-- TOC entry 4977 (class 2606 OID 24860)
-- Name: reponse_session reponse_session_pkey; Type: CONSTRAINT; Schema: public; Owner: postgres
--

ALTER TABLE ONLY public.reponse_session
    ADD CONSTRAINT reponse_session_pkey PRIMARY KEY (id);


--
-- TOC entry 4998 (class 2606 OID 32846)
-- Name: segment segment_pkey; Type: CONSTRAINT; Schema: public; Owner: postgres
--

ALTER TABLE ONLY public.segment
    ADD CONSTRAINT segment_pkey PRIMARY KEY (id);


--
-- TOC entry 5030 (class 2606 OID 57435)
-- Name: serie serie_pkey; Type: CONSTRAINT; Schema: public; Owner: postgres
--

ALTER TABLE ONLY public.serie
    ADD CONSTRAINT serie_pkey PRIMARY KEY (id);


--
-- TOC entry 4979 (class 2606 OID 24869)
-- Name: session_test session_test_pkey; Type: CONSTRAINT; Schema: public; Owner: postgres
--

ALTER TABLE ONLY public.session_test
    ADD CONSTRAINT session_test_pkey PRIMARY KEY (id);


--
-- TOC entry 4946 (class 2606 OID 24713)
-- Name: site site_pkey; Type: CONSTRAINT; Schema: public; Owner: postgres
--

ALTER TABLE ONLY public.site
    ADD CONSTRAINT site_pkey PRIMARY KEY (id);


--
-- TOC entry 4993 (class 2606 OID 25028)
-- Name: test_pratique test_pratique_pkey; Type: CONSTRAINT; Schema: public; Owner: postgres
--

ALTER TABLE ONLY public.test_pratique
    ADD CONSTRAINT test_pratique_pkey PRIMARY KEY (id);


--
-- TOC entry 4981 (class 2606 OID 24877)
-- Name: test_theorique test_theorique_pkey; Type: CONSTRAINT; Schema: public; Owner: postgres
--

ALTER TABLE ONLY public.test_theorique
    ADD CONSTRAINT test_theorique_pkey PRIMARY KEY (id);


--
-- TOC entry 5054 (class 2606 OID 122952)
-- Name: client_lien uk300s3j4c8wi802g5ibr78mm12; Type: CONSTRAINT; Schema: public; Owner: postgres
--

ALTER TABLE ONLY public.client_lien
    ADD CONSTRAINT uk300s3j4c8wi802g5ibr78mm12 UNIQUE (client_parent_id, client_membre_id);


--
-- TOC entry 5058 (class 2606 OID 122974)
-- Name: certificat_vw uk4olg7xur8hgto04yo2mru9jim; Type: CONSTRAINT; Schema: public; Owner: postgres
--

ALTER TABLE ONLY public.certificat_vw
    ADD CONSTRAINT uk4olg7xur8hgto04yo2mru9jim UNIQUE (auditeur_id, date_obtention);


--
-- TOC entry 4989 (class 2606 OID 25032)
-- Name: passage_certification uk5eio6b1h757vdmb4vtr68lnh2; Type: CONSTRAINT; Schema: public; Owner: postgres
--

ALTER TABLE ONLY public.passage_certification
    ADD CONSTRAINT uk5eio6b1h757vdmb4vtr68lnh2 UNIQUE (session_test_id);


--
-- TOC entry 4958 (class 2606 OID 24879)
-- Name: certificat uk8yr9dq36kve8i70qkh9uie8lr; Type: CONSTRAINT; Schema: public; Owner: postgres
--

ALTER TABLE ONLY public.certificat
    ADD CONSTRAINT uk8yr9dq36kve8i70qkh9uie8lr UNIQUE (certification_id);


--
-- TOC entry 5064 (class 2606 OID 131150)
-- Name: rapport_mensuel uk_rapport_plant_annee_mois; Type: CONSTRAINT; Schema: public; Owner: postgres
--

ALTER TABLE ONLY public.rapport_mensuel
    ADD CONSTRAINT uk_rapport_plant_annee_mois UNIQUE (plant_id, annee, mois);


--
-- TOC entry 4962 (class 2606 OID 24881)
-- Name: certification uka9exm02sfhkhhhhvobjl30r2e; Type: CONSTRAINT; Schema: public; Owner: postgres
--

ALTER TABLE ONLY public.certification
    ADD CONSTRAINT uka9exm02sfhkhhhhvobjl30r2e UNIQUE (session_test_id);


--
-- TOC entry 5048 (class 2606 OID 73802)
-- Name: client ukedver7gtbfldp50jtkypbtr89; Type: CONSTRAINT; Schema: public; Owner: postgres
--

ALTER TABLE ONLY public.client
    ADD CONSTRAINT ukedver7gtbfldp50jtkypbtr89 UNIQUE (nom);


--
-- TOC entry 4948 (class 2606 OID 24726)
-- Name: utilisateur ukh9dsmk9btbiirpb6oy1ayob2n; Type: CONSTRAINT; Schema: public; Owner: postgres
--

ALTER TABLE ONLY public.utilisateur
    ADD CONSTRAINT ukh9dsmk9btbiirpb6oy1ayob2n UNIQUE (matricule);


--
-- TOC entry 5009 (class 2606 OID 65602)
-- Name: audit ukhjms6mvxmk8i81l07nqfpo5os; Type: CONSTRAINT; Schema: public; Owner: postgres
--

ALTER TABLE ONLY public.audit
    ADD CONSTRAINT ukhjms6mvxmk8i81l07nqfpo5os UNIQUE (reference);


--
-- TOC entry 4975 (class 2606 OID 24890)
-- Name: rapport_pratique ukkaewx7coo0q132yj2kmw3ebck; Type: CONSTRAINT; Schema: public; Owner: postgres
--

ALTER TABLE ONLY public.rapport_pratique
    ADD CONSTRAINT ukkaewx7coo0q132yj2kmw3ebck UNIQUE (certification_id);


--
-- TOC entry 4950 (class 2606 OID 24724)
-- Name: utilisateur ukrma38wvnqfaf66vvmi57c71lo; Type: CONSTRAINT; Schema: public; Owner: postgres
--

ALTER TABLE ONLY public.utilisateur
    ADD CONSTRAINT ukrma38wvnqfaf66vvmi57c71lo UNIQUE (email);


--
-- TOC entry 4991 (class 2606 OID 25030)
-- Name: passage_certification uktgg7ohj20b1o386rktix5r41m; Type: CONSTRAINT; Schema: public; Owner: postgres
--

ALTER TABLE ONLY public.passage_certification
    ADD CONSTRAINT uktgg7ohj20b1o386rktix5r41m UNIQUE (certificat_id);


--
-- TOC entry 4952 (class 2606 OID 24722)
-- Name: utilisateur utilisateur_pkey; Type: CONSTRAINT; Schema: public; Owner: postgres
--

ALTER TABLE ONLY public.utilisateur
    ADD CONSTRAINT utilisateur_pkey PRIMARY KEY (id);


--
-- TOC entry 5044 (class 1259 OID 57745)
-- Name: idx_aed_audit; Type: INDEX; Schema: public; Owner: postgres
--

CREATE INDEX idx_aed_audit ON public.audit_export_detail USING btree (audit_id);


--
-- TOC entry 5036 (class 1259 OID 57676)
-- Name: idx_annexe_audit; Type: INDEX; Schema: public; Owner: postgres
--

CREATE INDEX idx_annexe_audit ON public.audit_produit_annexe USING btree (audit_id);


--
-- TOC entry 5033 (class 1259 OID 57675)
-- Name: idx_annexe_cfg_plant; Type: INDEX; Schema: public; Owner: postgres
--

CREATE INDEX idx_annexe_cfg_plant ON public.annexe_config USING btree (plant_id);


--
-- TOC entry 5037 (class 1259 OID 57677)
-- Name: idx_annexe_type; Type: INDEX; Schema: public; Owner: postgres
--

CREATE INDEX idx_annexe_type ON public.audit_produit_annexe USING btree (type_annexe);


--
-- TOC entry 5001 (class 1259 OID 49263)
-- Name: idx_audit_auditeur; Type: INDEX; Schema: public; Owner: postgres
--

CREATE INDEX idx_audit_auditeur ON public.audit USING btree (auditeur_id);


--
-- TOC entry 5002 (class 1259 OID 49262)
-- Name: idx_audit_date_prev; Type: INDEX; Schema: public; Owner: postgres
--

CREATE INDEX idx_audit_date_prev ON public.audit USING btree (date_prevue);


--
-- TOC entry 5003 (class 1259 OID 57437)
-- Name: idx_audit_planif; Type: INDEX; Schema: public; Owner: postgres
--

CREATE INDEX idx_audit_planif ON public.audit USING btree (planification_id);


--
-- TOC entry 5004 (class 1259 OID 49264)
-- Name: idx_audit_plant; Type: INDEX; Schema: public; Owner: postgres
--

CREATE INDEX idx_audit_plant ON public.audit USING btree (plant_id);


--
-- TOC entry 5005 (class 1259 OID 57436)
-- Name: idx_audit_serie; Type: INDEX; Schema: public; Owner: postgres
--

CREATE INDEX idx_audit_serie ON public.audit USING btree (serie_id);


--
-- TOC entry 5006 (class 1259 OID 49260)
-- Name: idx_audit_statut; Type: INDEX; Schema: public; Owner: postgres
--

CREATE INDEX idx_audit_statut ON public.audit USING btree (statut);


--
-- TOC entry 5007 (class 1259 OID 49261)
-- Name: idx_audit_type; Type: INDEX; Schema: public; Owner: postgres
--

CREATE INDEX idx_audit_type ON public.audit USING btree (type_audit);


--
-- TOC entry 5012 (class 1259 OID 49267)
-- Name: idx_crp_audit; Type: INDEX; Schema: public; Owner: postgres
--

CREATE INDEX idx_crp_audit ON public.checklist_regle_plate USING btree (audit_id);


--
-- TOC entry 5013 (class 1259 OID 49269)
-- Name: idx_crp_prochain; Type: INDEX; Schema: public; Owner: postgres
--

CREATE INDEX idx_crp_prochain ON public.checklist_regle_plate USING btree (prochaine_verification);


--
-- TOC entry 5014 (class 1259 OID 49268)
-- Name: idx_crp_statut; Type: INDEX; Schema: public; Owner: postgres
--

CREATE INDEX idx_crp_statut ON public.checklist_regle_plate USING btree (statut);


--
-- TOC entry 5040 (class 1259 OID 57678)
-- Name: idx_fiche_rep_audit; Type: INDEX; Schema: public; Owner: postgres
--

CREATE INDEX idx_fiche_rep_audit ON public.fiche_reparation USING btree (audit_id);


--
-- TOC entry 5041 (class 1259 OID 57679)
-- Name: idx_fiche_rep_statut; Type: INDEX; Schema: public; Owner: postgres
--

CREATE INDEX idx_fiche_rep_statut ON public.fiche_reparation USING btree (statut);


--
-- TOC entry 4965 (class 1259 OID 24885)
-- Name: idx_hist_certif; Type: INDEX; Schema: public; Owner: postgres
--

CREATE INDEX idx_hist_certif ON public.historique USING btree (certification_id);


--
-- TOC entry 4966 (class 1259 OID 24884)
-- Name: idx_hist_date; Type: INDEX; Schema: public; Owner: postgres
--

CREATE INDEX idx_hist_date ON public.historique USING btree (date_action);


--
-- TOC entry 4967 (class 1259 OID 131167)
-- Name: idx_hist_plant; Type: INDEX; Schema: public; Owner: postgres
--

CREATE INDEX idx_hist_plant ON public.historique USING btree (plant_id);


--
-- TOC entry 4968 (class 1259 OID 24883)
-- Name: idx_hist_type; Type: INDEX; Schema: public; Owner: postgres
--

CREATE INDEX idx_hist_type ON public.historique USING btree (type);


--
-- TOC entry 4969 (class 1259 OID 24882)
-- Name: idx_hist_utilisateur; Type: INDEX; Schema: public; Owner: postgres
--

CREATE INDEX idx_hist_utilisateur ON public.historique USING btree (utilisateur_id);


--
-- TOC entry 4938 (class 1259 OID 24888)
-- Name: idx_notif_date; Type: INDEX; Schema: public; Owner: postgres
--

CREATE INDEX idx_notif_date ON public.notification USING btree (date_creation);


--
-- TOC entry 4939 (class 1259 OID 24886)
-- Name: idx_notif_destinataire; Type: INDEX; Schema: public; Owner: postgres
--

CREATE INDEX idx_notif_destinataire ON public.notification USING btree (destinataire_id);


--
-- TOC entry 4940 (class 1259 OID 24887)
-- Name: idx_notif_lue; Type: INDEX; Schema: public; Owner: postgres
--

CREATE INDEX idx_notif_lue ON public.notification USING btree (lue);


--
-- TOC entry 4982 (class 1259 OID 98400)
-- Name: idx_passage_certif_envoye; Type: INDEX; Schema: public; Owner: postgres
--

CREATE INDEX idx_passage_certif_envoye ON public.passage_certification USING btree (certificat_envoye_chef);


--
-- TOC entry 4983 (class 1259 OID 98398)
-- Name: idx_passage_chef_validateur; Type: INDEX; Schema: public; Owner: postgres
--

CREATE INDEX idx_passage_chef_validateur ON public.passage_certification USING btree (chef_validateur_id);


--
-- TOC entry 4984 (class 1259 OID 98399)
-- Name: idx_passage_expert_generateur; Type: INDEX; Schema: public; Owner: postgres
--

CREATE INDEX idx_passage_expert_generateur ON public.passage_certification USING btree (expert_generateur_id);


--
-- TOC entry 4985 (class 1259 OID 98397)
-- Name: idx_passage_statut_certif; Type: INDEX; Schema: public; Owner: postgres
--

CREATE INDEX idx_passage_statut_certif ON public.passage_certification USING btree (statut_certificat);


--
-- TOC entry 5017 (class 1259 OID 57438)
-- Name: idx_plan_action_audit; Type: INDEX; Schema: public; Owner: postgres
--

CREATE INDEX idx_plan_action_audit ON public.plan_action USING btree (audit_id);


--
-- TOC entry 5018 (class 1259 OID 57440)
-- Name: idx_plan_action_resp; Type: INDEX; Schema: public; Owner: postgres
--

CREATE INDEX idx_plan_action_resp ON public.plan_action USING btree (responsable_id);


--
-- TOC entry 5019 (class 1259 OID 57439)
-- Name: idx_plan_action_statut; Type: INDEX; Schema: public; Owner: postgres
--

CREATE INDEX idx_plan_action_statut ON public.plan_action USING btree (statut);


--
-- TOC entry 5022 (class 1259 OID 57443)
-- Name: idx_planif_createur; Type: INDEX; Schema: public; Owner: postgres
--

CREATE INDEX idx_planif_createur ON public.planification_audit USING btree (createur_id);


--
-- TOC entry 5023 (class 1259 OID 57442)
-- Name: idx_planif_date_debut; Type: INDEX; Schema: public; Owner: postgres
--

CREATE INDEX idx_planif_date_debut ON public.planification_audit USING btree (date_debut);


--
-- TOC entry 5024 (class 1259 OID 98408)
-- Name: idx_planif_segment; Type: INDEX; Schema: public; Owner: postgres
--

CREATE INDEX idx_planif_segment ON public.planification_audit USING btree (segment_id);


--
-- TOC entry 5025 (class 1259 OID 57441)
-- Name: idx_planif_statut; Type: INDEX; Schema: public; Owner: postgres
--

CREATE INDEX idx_planif_statut ON public.planification_audit USING btree (statut);


--
-- TOC entry 5059 (class 1259 OID 131147)
-- Name: idx_rapport_annee; Type: INDEX; Schema: public; Owner: postgres
--

CREATE INDEX idx_rapport_annee ON public.rapport_mensuel USING btree (annee);


--
-- TOC entry 5060 (class 1259 OID 131148)
-- Name: idx_rapport_plant; Type: INDEX; Schema: public; Owner: postgres
--

CREATE INDEX idx_rapport_plant ON public.rapport_mensuel USING btree (plant_id);


--
-- TOC entry 5028 (class 1259 OID 57444)
-- Name: idx_serie_projet; Type: INDEX; Schema: public; Owner: postgres
--

CREATE INDEX idx_serie_projet ON public.serie USING btree (projet_id);


--
-- TOC entry 4994 (class 1259 OID 98401)
-- Name: uq_test_pratique_generique; Type: INDEX; Schema: public; Owner: postgres
--

CREATE UNIQUE INDEX uq_test_pratique_generique ON public.test_pratique USING btree (titre) WHERE ((titre)::text ~~* '%sans%fauts%'::text);


--
-- TOC entry 5109 (class 2606 OID 25073)
-- Name: test_pratique fk18l8uvljbgqr17arfsukbuddl; Type: FK CONSTRAINT; Schema: public; Owner: postgres
--

ALTER TABLE ONLY public.test_pratique
    ADD CONSTRAINT fk18l8uvljbgqr17arfsukbuddl FOREIGN KEY (expert_id) REFERENCES public.utilisateur(id);


--
-- TOC entry 5065 (class 2606 OID 24727)
-- Name: notification fk1e85ddpswdf3uq1oaklnjiucf; Type: FK CONSTRAINT; Schema: public; Owner: postgres
--

ALTER TABLE ONLY public.notification
    ADD CONSTRAINT fk1e85ddpswdf3uq1oaklnjiucf FOREIGN KEY (utilisateur_id) REFERENCES public.utilisateur(id);


--
-- TOC entry 5096 (class 2606 OID 24986)
-- Name: reponse_session fk1tg6pv88vgu63agmnucdqwtgu; Type: FK CONSTRAINT; Schema: public; Owner: postgres
--

ALTER TABLE ONLY public.reponse_session
    ADD CONSTRAINT fk1tg6pv88vgu63agmnucdqwtgu FOREIGN KEY (question_id) REFERENCES public.question_test(id);


--
-- TOC entry 5066 (class 2606 OID 24961)
-- Name: notification fk1ua2te3nlhroafvkruaq490hr; Type: FK CONSTRAINT; Schema: public; Owner: postgres
--

ALTER TABLE ONLY public.notification
    ADD CONSTRAINT fk1ua2te3nlhroafvkruaq490hr FOREIGN KEY (destinataire_id) REFERENCES public.utilisateur(id);


--
-- TOC entry 5113 (class 2606 OID 57450)
-- Name: audit fk2apbl0mu7nru81lvnn7ly7c3p; Type: FK CONSTRAINT; Schema: public; Owner: postgres
--

ALTER TABLE ONLY public.audit
    ADD CONSTRAINT fk2apbl0mu7nru81lvnn7ly7c3p FOREIGN KEY (serie_id) REFERENCES public.serie(id);


--
-- TOC entry 5067 (class 2606 OID 24966)
-- Name: notification fk3i6rt3i93oda348axbvt86wge; Type: FK CONSTRAINT; Schema: public; Owner: postgres
--

ALTER TABLE ONLY public.notification
    ADD CONSTRAINT fk3i6rt3i93oda348axbvt86wge FOREIGN KEY (expediteur_id) REFERENCES public.utilisateur(id);


--
-- TOC entry 5114 (class 2606 OID 49300)
-- Name: audit fk3sfmyyck5opyy8uiw572knj3l; Type: FK CONSTRAINT; Schema: public; Owner: postgres
--

ALTER TABLE ONLY public.audit
    ADD CONSTRAINT fk3sfmyyck5opyy8uiw572knj3l FOREIGN KEY (site_id) REFERENCES public.site(id);


--
-- TOC entry 5135 (class 2606 OID 57695)
-- Name: fiche_reparation fk41awxtaykpb68mmlyfnievo7q; Type: FK CONSTRAINT; Schema: public; Owner: postgres
--

ALTER TABLE ONLY public.fiche_reparation
    ADD CONSTRAINT fk41awxtaykpb68mmlyfnievo7q FOREIGN KEY (audit_id) REFERENCES public.audit(id);


--
-- TOC entry 5149 (class 2606 OID 131151)
-- Name: rapport_mensuel fk4aogqu691sildrqidbro8pem3; Type: FK CONSTRAINT; Schema: public; Owner: postgres
--

ALTER TABLE ONLY public.rapport_mensuel
    ADD CONSTRAINT fk4aogqu691sildrqidbro8pem3 FOREIGN KEY (genere_par_id) REFERENCES public.utilisateur(id);


--
-- TOC entry 5101 (class 2606 OID 25063)
-- Name: passage_certification fk4hv8l9btq2wsjmnmf2vupcvc2; Type: FK CONSTRAINT; Schema: public; Owner: postgres
--

ALTER TABLE ONLY public.passage_certification
    ADD CONSTRAINT fk4hv8l9btq2wsjmnmf2vupcvc2 FOREIGN KEY (certification_id) REFERENCES public.certification(id);


--
-- TOC entry 5124 (class 2606 OID 49310)
-- Name: non_conformite_audit fk4mdwwbf4m6vb26mmffbpkhsj1; Type: FK CONSTRAINT; Schema: public; Owner: postgres
--

ALTER TABLE ONLY public.non_conformite_audit
    ADD CONSTRAINT fk4mdwwbf4m6vb26mmffbpkhsj1 FOREIGN KEY (audit_id) REFERENCES public.audit(id);


--
-- TOC entry 5136 (class 2606 OID 106610)
-- Name: fiche_reparation fk4osxfioy1dmt4u9pprs5anrfr; Type: FK CONSTRAINT; Schema: public; Owner: postgres
--

ALTER TABLE ONLY public.fiche_reparation
    ADD CONSTRAINT fk4osxfioy1dmt4u9pprs5anrfr FOREIGN KEY (expert_id) REFERENCES public.utilisateur(id);


--
-- TOC entry 5102 (class 2606 OID 25058)
-- Name: passage_certification fk5v7qh35oxck9gutt0eba2rj19; Type: FK CONSTRAINT; Schema: public; Owner: postgres
--

ALTER TABLE ONLY public.passage_certification
    ADD CONSTRAINT fk5v7qh35oxck9gutt0eba2rj19 FOREIGN KEY (certificat_id) REFERENCES public.certificat(id);


--
-- TOC entry 5146 (class 2606 OID 122980)
-- Name: certificat_vw fk5y4dmpek8v7tk19cft23botva; Type: FK CONSTRAINT; Schema: public; Owner: postgres
--

ALTER TABLE ONLY public.certificat_vw
    ADD CONSTRAINT fk5y4dmpek8v7tk19cft23botva FOREIGN KEY (expert_id) REFERENCES public.utilisateur(id);


--
-- TOC entry 5076 (class 2606 OID 24901)
-- Name: certificat fk69acu5vdpmca0keh2lf5om4fb; Type: FK CONSTRAINT; Schema: public; Owner: postgres
--

ALTER TABLE ONLY public.certificat
    ADD CONSTRAINT fk69acu5vdpmca0keh2lf5om4fb FOREIGN KEY (chef_id) REFERENCES public.utilisateur(id);


--
-- TOC entry 5115 (class 2606 OID 49295)
-- Name: audit fk6a9d7ekfs2s13qheou5icgue7; Type: FK CONSTRAINT; Schema: public; Owner: postgres
--

ALTER TABLE ONLY public.audit
    ADD CONSTRAINT fk6a9d7ekfs2s13qheou5icgue7 FOREIGN KEY (segment_id) REFERENCES public.segment(id);


--
-- TOC entry 5085 (class 2606 OID 24936)
-- Name: historique fk6fbcda7yqbh4x79n0cst9uphl; Type: FK CONSTRAINT; Schema: public; Owner: postgres
--

ALTER TABLE ONLY public.historique
    ADD CONSTRAINT fk6fbcda7yqbh4x79n0cst9uphl FOREIGN KEY (session_test_id) REFERENCES public.session_test(id);


--
-- TOC entry 5128 (class 2606 OID 57470)
-- Name: planification_audit fk6gagaxv4ee6pc1yk9nmwqxgm8; Type: FK CONSTRAINT; Schema: public; Owner: postgres
--

ALTER TABLE ONLY public.planification_audit
    ADD CONSTRAINT fk6gagaxv4ee6pc1yk9nmwqxgm8 FOREIGN KEY (createur_id) REFERENCES public.utilisateur(id);


--
-- TOC entry 5086 (class 2606 OID 131173)
-- Name: historique fk6jtqi65lqkc2v90u6n93b7xfp; Type: FK CONSTRAINT; Schema: public; Owner: postgres
--

ALTER TABLE ONLY public.historique
    ADD CONSTRAINT fk6jtqi65lqkc2v90u6n93b7xfp FOREIGN KEY (plant_id) REFERENCES public.plant(id);


--
-- TOC entry 5077 (class 2606 OID 24896)
-- Name: certificat fk6me1yuc7de4bg1mcekyji2scr; Type: FK CONSTRAINT; Schema: public; Owner: postgres
--

ALTER TABLE ONLY public.certificat
    ADD CONSTRAINT fk6me1yuc7de4bg1mcekyji2scr FOREIGN KEY (certification_id) REFERENCES public.certification(id);


--
-- TOC entry 5141 (class 2606 OID 106625)
-- Name: demande_extension fk77l2bky4w1f171h064b9356sk; Type: FK CONSTRAINT; Schema: public; Owner: postgres
--

ALTER TABLE ONLY public.demande_extension
    ADD CONSTRAINT fk77l2bky4w1f171h064b9356sk FOREIGN KEY (audit_id) REFERENCES public.audit(id);


--
-- TOC entry 5144 (class 2606 OID 122953)
-- Name: client_lien fk78kl7py1aljuresitdojkp4ow; Type: FK CONSTRAINT; Schema: public; Owner: postgres
--

ALTER TABLE ONLY public.client_lien
    ADD CONSTRAINT fk78kl7py1aljuresitdojkp4ow FOREIGN KEY (client_membre_id) REFERENCES public.client(id);


--
-- TOC entry 5142 (class 2606 OID 106630)
-- Name: demande_extension fk8rgc4716774ynevgvjbp8229n; Type: FK CONSTRAINT; Schema: public; Owner: postgres
--

ALTER TABLE ONLY public.demande_extension
    ADD CONSTRAINT fk8rgc4716774ynevgvjbp8229n FOREIGN KEY (auditeur_id) REFERENCES public.utilisateur(id);


--
-- TOC entry 5087 (class 2606 OID 24926)
-- Name: historique fk8suaptp7u99laqs8svhrbmgoh; Type: FK CONSTRAINT; Schema: public; Owner: postgres
--

ALTER TABLE ONLY public.historique
    ADD CONSTRAINT fk8suaptp7u99laqs8svhrbmgoh FOREIGN KEY (cible_id) REFERENCES public.utilisateur(id);


--
-- TOC entry 5095 (class 2606 OID 24981)
-- Name: rapport_pratique fk8ujesurmav1qdelr1j93l53tp; Type: FK CONSTRAINT; Schema: public; Owner: postgres
--

ALTER TABLE ONLY public.rapport_pratique
    ADD CONSTRAINT fk8ujesurmav1qdelr1j93l53tp FOREIGN KEY (certification_id) REFERENCES public.certification(id);


--
-- TOC entry 5103 (class 2606 OID 98387)
-- Name: passage_certification fk_passage_chef_validateur; Type: FK CONSTRAINT; Schema: public; Owner: postgres
--

ALTER TABLE ONLY public.passage_certification
    ADD CONSTRAINT fk_passage_chef_validateur FOREIGN KEY (chef_validateur_id) REFERENCES public.utilisateur(id);


--
-- TOC entry 5104 (class 2606 OID 98392)
-- Name: passage_certification fk_passage_expert_generateur; Type: FK CONSTRAINT; Schema: public; Owner: postgres
--

ALTER TABLE ONLY public.passage_certification
    ADD CONSTRAINT fk_passage_expert_generateur FOREIGN KEY (expert_generateur_id) REFERENCES public.utilisateur(id);


--
-- TOC entry 5129 (class 2606 OID 98403)
-- Name: planification_audit fk_planif_segment; Type: FK CONSTRAINT; Schema: public; Owner: postgres
--

ALTER TABLE ONLY public.planification_audit
    ADD CONSTRAINT fk_planif_segment FOREIGN KEY (segment_id) REFERENCES public.segment(id) ON DELETE SET NULL;


--
-- TOC entry 5110 (class 2606 OID 25078)
-- Name: test_pratique fkabu9hr59e9ikuo46jve4ll9p6; Type: FK CONSTRAINT; Schema: public; Owner: postgres
--

ALTER TABLE ONLY public.test_pratique
    ADD CONSTRAINT fkabu9hr59e9ikuo46jve4ll9p6 FOREIGN KEY (test_theorique_id) REFERENCES public.test_theorique(id);


--
-- TOC entry 5123 (class 2606 OID 49305)
-- Name: checklist_regle_plate fkacagp9x34fhprsiqwtrx8t7s8; Type: FK CONSTRAINT; Schema: public; Owner: postgres
--

ALTER TABLE ONLY public.checklist_regle_plate
    ADD CONSTRAINT fkacagp9x34fhprsiqwtrx8t7s8 FOREIGN KEY (audit_id) REFERENCES public.audit(id);


--
-- TOC entry 5116 (class 2606 OID 49275)
-- Name: audit fkagyi118gf1lrlt0jgk0u9rtx5; Type: FK CONSTRAINT; Schema: public; Owner: postgres
--

ALTER TABLE ONLY public.audit
    ADD CONSTRAINT fkagyi118gf1lrlt0jgk0u9rtx5 FOREIGN KEY (planificateur_id) REFERENCES public.utilisateur(id);


--
-- TOC entry 5088 (class 2606 OID 57630)
-- Name: historique fkapis6adjm795lp61gp45lktpq; Type: FK CONSTRAINT; Schema: public; Owner: postgres
--

ALTER TABLE ONLY public.historique
    ADD CONSTRAINT fkapis6adjm795lp61gp45lktpq FOREIGN KEY (utilisateur_id) REFERENCES public.utilisateur(id) ON DELETE CASCADE;


--
-- TOC entry 5132 (class 2606 OID 57685)
-- Name: audit_produit_annexe fkbfjid6owj777ujiuuwcsv6yc4; Type: FK CONSTRAINT; Schema: public; Owner: postgres
--

ALTER TABLE ONLY public.audit_produit_annexe
    ADD CONSTRAINT fkbfjid6owj777ujiuuwcsv6yc4 FOREIGN KEY (audit_id) REFERENCES public.audit(id);


--
-- TOC entry 5093 (class 2606 OID 24971)
-- Name: question_test fkbjm8um17wc8lmrdgym5taqmmk; Type: FK CONSTRAINT; Schema: public; Owner: postgres
--

ALTER TABLE ONLY public.question_test
    ADD CONSTRAINT fkbjm8um17wc8lmrdgym5taqmmk FOREIGN KEY (test_theorique_id) REFERENCES public.test_theorique(id);


--
-- TOC entry 5068 (class 2606 OID 24951)
-- Name: notification fkcih0914gph3i8a62bkogwv7qf; Type: FK CONSTRAINT; Schema: public; Owner: postgres
--

ALTER TABLE ONLY public.notification
    ADD CONSTRAINT fkcih0914gph3i8a62bkogwv7qf FOREIGN KEY (certificat_id) REFERENCES public.certificat(id);


--
-- TOC entry 5140 (class 2606 OID 98372)
-- Name: question_test_bonnes_reponses fkcpgtd88jtgr1m4o5eywb25ni3; Type: FK CONSTRAINT; Schema: public; Owner: postgres
--

ALTER TABLE ONLY public.question_test_bonnes_reponses
    ADD CONSTRAINT fkcpgtd88jtgr1m4o5eywb25ni3 FOREIGN KEY (question_id) REFERENCES public.question_test(id);


--
-- TOC entry 5074 (class 2606 OID 25033)
-- Name: cablage_defaut fkcyc82b85h2ww5djodnvq2e0yx; Type: FK CONSTRAINT; Schema: public; Owner: postgres
--

ALTER TABLE ONLY public.cablage_defaut
    ADD CONSTRAINT fkcyc82b85h2ww5djodnvq2e0yx FOREIGN KEY (test_pratique_id) REFERENCES public.test_pratique(id);


--
-- TOC entry 5089 (class 2606 OID 24931)
-- Name: historique fkcyv66bkemm7at7nha7xms1928; Type: FK CONSTRAINT; Schema: public; Owner: postgres
--

ALTER TABLE ONLY public.historique
    ADD CONSTRAINT fkcyv66bkemm7at7nha7xms1928 FOREIGN KEY (question_id) REFERENCES public.question_test(id);


--
-- TOC entry 5079 (class 2606 OID 24916)
-- Name: certification fkd0q7syl3tehtf9e77ptc7o4o1; Type: FK CONSTRAINT; Schema: public; Owner: postgres
--

ALTER TABLE ONLY public.certification
    ADD CONSTRAINT fkd0q7syl3tehtf9e77ptc7o4o1 FOREIGN KEY (session_test_id) REFERENCES public.session_test(id);


--
-- TOC entry 5090 (class 2606 OID 131168)
-- Name: historique fkd7rdgtrmoqd1wqvx0dg9e5m85; Type: FK CONSTRAINT; Schema: public; Owner: postgres
--

ALTER TABLE ONLY public.historique
    ADD CONSTRAINT fkd7rdgtrmoqd1wqvx0dg9e5m85 FOREIGN KEY (audit_id) REFERENCES public.audit(id);


--
-- TOC entry 5105 (class 2606 OID 98377)
-- Name: passage_certification fkdng3n75xvu3w68rpob8rf8eoh; Type: FK CONSTRAINT; Schema: public; Owner: postgres
--

ALTER TABLE ONLY public.passage_certification
    ADD CONSTRAINT fkdng3n75xvu3w68rpob8rf8eoh FOREIGN KEY (chef_validateur_id) REFERENCES public.utilisateur(id);


--
-- TOC entry 5111 (class 2606 OID 32847)
-- Name: projet fkecmqm8v060ljfdlp3d4x7kfn3; Type: FK CONSTRAINT; Schema: public; Owner: postgres
--

ALTER TABLE ONLY public.projet
    ADD CONSTRAINT fkecmqm8v060ljfdlp3d4x7kfn3 FOREIGN KEY (segment_id) REFERENCES public.segment(id);


--
-- TOC entry 5117 (class 2606 OID 49290)
-- Name: audit fkenbxpdqog44tln972i2yh81hg; Type: FK CONSTRAINT; Schema: public; Owner: postgres
--

ALTER TABLE ONLY public.audit
    ADD CONSTRAINT fkenbxpdqog44tln972i2yh81hg FOREIGN KEY (responsable_pdca_id) REFERENCES public.utilisateur(id);


--
-- TOC entry 5075 (class 2606 OID 24891)
-- Name: cablage_defaut fkeog2y6w0620pkj8byatdhirw8; Type: FK CONSTRAINT; Schema: public; Owner: postgres
--

ALTER TABLE ONLY public.cablage_defaut
    ADD CONSTRAINT fkeog2y6w0620pkj8byatdhirw8 FOREIGN KEY (certification_id) REFERENCES public.certification(id);


--
-- TOC entry 5130 (class 2606 OID 57475)
-- Name: serie fkesxs51gt5ut26lcqv3kpgdr6p; Type: FK CONSTRAINT; Schema: public; Owner: postgres
--

ALTER TABLE ONLY public.serie
    ADD CONSTRAINT fkesxs51gt5ut26lcqv3kpgdr6p FOREIGN KEY (projet_id) REFERENCES public.projet(id);


--
-- TOC entry 5125 (class 2606 OID 57460)
-- Name: plan_action fkext9w296u7bcfadut4yb165kp; Type: FK CONSTRAINT; Schema: public; Owner: postgres
--

ALTER TABLE ONLY public.plan_action
    ADD CONSTRAINT fkext9w296u7bcfadut4yb165kp FOREIGN KEY (non_conformite_id) REFERENCES public.non_conformite_audit(id);


--
-- TOC entry 5080 (class 2606 OID 25043)
-- Name: certification fkeyaa7wqis8bycdhv6ok8u7vvb; Type: FK CONSTRAINT; Schema: public; Owner: postgres
--

ALTER TABLE ONLY public.certification
    ADD CONSTRAINT fkeyaa7wqis8bycdhv6ok8u7vvb FOREIGN KEY (test_pratique_id) REFERENCES public.test_pratique(id);


--
-- TOC entry 5133 (class 2606 OID 57690)
-- Name: audit_produit_annexe fkfjfnj56m7wtfi3bg0krqkqsc; Type: FK CONSTRAINT; Schema: public; Owner: postgres
--

ALTER TABLE ONLY public.audit_produit_annexe
    ADD CONSTRAINT fkfjfnj56m7wtfi3bg0krqkqsc FOREIGN KEY (importe_par_id) REFERENCES public.utilisateur(id);


--
-- TOC entry 5097 (class 2606 OID 24991)
-- Name: reponse_session fkfnjnx2qn4vfvaf6dxnaecij0d; Type: FK CONSTRAINT; Schema: public; Owner: postgres
--

ALTER TABLE ONLY public.reponse_session
    ADD CONSTRAINT fkfnjnx2qn4vfvaf6dxnaecij0d FOREIGN KEY (session_id) REFERENCES public.session_test(id);


--
-- TOC entry 5098 (class 2606 OID 25001)
-- Name: session_test fkfqu2nfyh1ydyp5ddki0ffk420; Type: FK CONSTRAINT; Schema: public; Owner: postgres
--

ALTER TABLE ONLY public.session_test
    ADD CONSTRAINT fkfqu2nfyh1ydyp5ddki0ffk420 FOREIGN KEY (test_theorique_id) REFERENCES public.test_theorique(id);


--
-- TOC entry 5072 (class 2606 OID 41025)
-- Name: utilisateur fkg20ty5vpwwxlkxviiucedm3di; Type: FK CONSTRAINT; Schema: public; Owner: postgres
--

ALTER TABLE ONLY public.utilisateur
    ADD CONSTRAINT fkg20ty5vpwwxlkxviiucedm3di FOREIGN KEY (plant_id) REFERENCES public.plant(id);


--
-- TOC entry 5150 (class 2606 OID 131156)
-- Name: rapport_mensuel fkgda18nk8owpfjo2jvmjomehio; Type: FK CONSTRAINT; Schema: public; Owner: postgres
--

ALTER TABLE ONLY public.rapport_mensuel
    ADD CONSTRAINT fkgda18nk8owpfjo2jvmjomehio FOREIGN KEY (plant_id) REFERENCES public.plant(id);


--
-- TOC entry 5091 (class 2606 OID 24921)
-- Name: historique fkhshsm9kh34j9hkjomrtblgqd2; Type: FK CONSTRAINT; Schema: public; Owner: postgres
--

ALTER TABLE ONLY public.historique
    ADD CONSTRAINT fkhshsm9kh34j9hkjomrtblgqd2 FOREIGN KEY (certification_id) REFERENCES public.certification(id);


--
-- TOC entry 5118 (class 2606 OID 49270)
-- Name: audit fkhwmm4g1i4sfwm9d5ag4xjxo9s; Type: FK CONSTRAINT; Schema: public; Owner: postgres
--

ALTER TABLE ONLY public.audit
    ADD CONSTRAINT fkhwmm4g1i4sfwm9d5ag4xjxo9s FOREIGN KEY (auditeur_id) REFERENCES public.utilisateur(id);


--
-- TOC entry 5070 (class 2606 OID 32857)
-- Name: plant fkhxqo1a36n2nd98bge5guwsh4m; Type: FK CONSTRAINT; Schema: public; Owner: postgres
--

ALTER TABLE ONLY public.plant
    ADD CONSTRAINT fkhxqo1a36n2nd98bge5guwsh4m FOREIGN KEY (site_id) REFERENCES public.site(id);


--
-- TOC entry 5145 (class 2606 OID 122958)
-- Name: client_lien fki7b7akyfhc7j8g97wtrqb4el7; Type: FK CONSTRAINT; Schema: public; Owner: postgres
--

ALTER TABLE ONLY public.client_lien
    ADD CONSTRAINT fki7b7akyfhc7j8g97wtrqb4el7 FOREIGN KEY (client_parent_id) REFERENCES public.client(id);


--
-- TOC entry 5131 (class 2606 OID 57680)
-- Name: annexe_config fki9vl0xvk50vqav74bamcah6u; Type: FK CONSTRAINT; Schema: public; Owner: postgres
--

ALTER TABLE ONLY public.annexe_config
    ADD CONSTRAINT fki9vl0xvk50vqav74bamcah6u FOREIGN KEY (plant_id) REFERENCES public.plant(id);


--
-- TOC entry 5119 (class 2606 OID 49280)
-- Name: audit fkinyvh96j5ea4vn3xr38swlu2x; Type: FK CONSTRAINT; Schema: public; Owner: postgres
--

ALTER TABLE ONLY public.audit
    ADD CONSTRAINT fkinyvh96j5ea4vn3xr38swlu2x FOREIGN KEY (plant_id) REFERENCES public.plant(id);


--
-- TOC entry 5120 (class 2606 OID 49285)
-- Name: audit fkio0il8y36ow0wv6a6qksmh8kj; Type: FK CONSTRAINT; Schema: public; Owner: postgres
--

ALTER TABLE ONLY public.audit
    ADD CONSTRAINT fkio0il8y36ow0wv6a6qksmh8kj FOREIGN KEY (projet_id) REFERENCES public.projet(id);


--
-- TOC entry 5137 (class 2606 OID 106605)
-- Name: fiche_reparation fkiooe6va4avosn8yok7gw8c6tm; Type: FK CONSTRAINT; Schema: public; Owner: postgres
--

ALTER TABLE ONLY public.fiche_reparation
    ADD CONSTRAINT fkiooe6va4avosn8yok7gw8c6tm FOREIGN KEY (chef_service_id) REFERENCES public.utilisateur(id);


--
-- TOC entry 5138 (class 2606 OID 57705)
-- Name: fiche_reparation fkisl6wfii1flo7is8ak81jx0uu; Type: FK CONSTRAINT; Schema: public; Owner: postgres
--

ALTER TABLE ONLY public.fiche_reparation
    ADD CONSTRAINT fkisl6wfii1flo7is8ak81jx0uu FOREIGN KEY (cree_par_id) REFERENCES public.utilisateur(id);


--
-- TOC entry 5099 (class 2606 OID 24996)
-- Name: session_test fkj1i3plmws6anp0e2f3iluscss; Type: FK CONSTRAINT; Schema: public; Owner: postgres
--

ALTER TABLE ONLY public.session_test
    ADD CONSTRAINT fkj1i3plmws6anp0e2f3iluscss FOREIGN KEY (auditeur_id) REFERENCES public.utilisateur(id);


--
-- TOC entry 5069 (class 2606 OID 24956)
-- Name: notification fkk6flleqgt86qi1c9fufgwg8ty; Type: FK CONSTRAINT; Schema: public; Owner: postgres
--

ALTER TABLE ONLY public.notification
    ADD CONSTRAINT fkk6flleqgt86qi1c9fufgwg8ty FOREIGN KEY (certification_id) REFERENCES public.certification(id);


--
-- TOC entry 5106 (class 2606 OID 25068)
-- Name: passage_certification fkkv61fabqjh455v3q3a3kuwcgo; Type: FK CONSTRAINT; Schema: public; Owner: postgres
--

ALTER TABLE ONLY public.passage_certification
    ADD CONSTRAINT fkkv61fabqjh455v3q3a3kuwcgo FOREIGN KEY (session_test_id) REFERENCES public.session_test(id);


--
-- TOC entry 5107 (class 2606 OID 25053)
-- Name: passage_certification fkl2nqr1k5t6e39cvsbr97di4yd; Type: FK CONSTRAINT; Schema: public; Owner: postgres
--

ALTER TABLE ONLY public.passage_certification
    ADD CONSTRAINT fkl2nqr1k5t6e39cvsbr97di4yd FOREIGN KEY (auditeur_id) REFERENCES public.utilisateur(id);


--
-- TOC entry 5139 (class 2606 OID 57746)
-- Name: audit_export_detail fkl4pkh6es2hnfb1p8loblm2fde; Type: FK CONSTRAINT; Schema: public; Owner: postgres
--

ALTER TABLE ONLY public.audit_export_detail
    ADD CONSTRAINT fkl4pkh6es2hnfb1p8loblm2fde FOREIGN KEY (audit_id) REFERENCES public.audit(id);


--
-- TOC entry 5073 (class 2606 OID 24737)
-- Name: utilisateur fkldc0phj0vf7hvmi2d7c5l8ah; Type: FK CONSTRAINT; Schema: public; Owner: postgres
--

ALTER TABLE ONLY public.utilisateur
    ADD CONSTRAINT fkldc0phj0vf7hvmi2d7c5l8ah FOREIGN KEY (site_id) REFERENCES public.site(id);


--
-- TOC entry 5078 (class 2606 OID 24906)
-- Name: certificat fkldmojai9999asy34vfc4q69yy; Type: FK CONSTRAINT; Schema: public; Owner: postgres
--

ALTER TABLE ONLY public.certificat
    ADD CONSTRAINT fkldmojai9999asy34vfc4q69yy FOREIGN KEY (expert_id) REFERENCES public.utilisateur(id);


--
-- TOC entry 5126 (class 2606 OID 57465)
-- Name: plan_action fkllvwlm6io0xxlt0j0vomjbyk1; Type: FK CONSTRAINT; Schema: public; Owner: postgres
--

ALTER TABLE ONLY public.plan_action
    ADD CONSTRAINT fkllvwlm6io0xxlt0j0vomjbyk1 FOREIGN KEY (responsable_id) REFERENCES public.utilisateur(id);


--
-- TOC entry 5108 (class 2606 OID 98382)
-- Name: passage_certification fklndidfqgtige18mvpy9182668; Type: FK CONSTRAINT; Schema: public; Owner: postgres
--

ALTER TABLE ONLY public.passage_certification
    ADD CONSTRAINT fklndidfqgtige18mvpy9182668 FOREIGN KEY (expert_generateur_id) REFERENCES public.utilisateur(id);


--
-- TOC entry 5081 (class 2606 OID 25038)
-- Name: certification fklrhxewbvc4b877s2yovathtvb; Type: FK CONSTRAINT; Schema: public; Owner: postgres
--

ALTER TABLE ONLY public.certification
    ADD CONSTRAINT fklrhxewbvc4b877s2yovathtvb FOREIGN KEY (expert_id) REFERENCES public.utilisateur(id);


--
-- TOC entry 5100 (class 2606 OID 25006)
-- Name: test_theorique fkmar14k95jsuhes7nq3lr4efm4; Type: FK CONSTRAINT; Schema: public; Owner: postgres
--

ALTER TABLE ONLY public.test_theorique
    ADD CONSTRAINT fkmar14k95jsuhes7nq3lr4efm4 FOREIGN KEY (expert_id) REFERENCES public.utilisateur(id);


--
-- TOC entry 5121 (class 2606 OID 57445)
-- Name: audit fkmbbhyi9nkg6t7r8dl37pv1tcg; Type: FK CONSTRAINT; Schema: public; Owner: postgres
--

ALTER TABLE ONLY public.audit
    ADD CONSTRAINT fkmbbhyi9nkg6t7r8dl37pv1tcg FOREIGN KEY (planification_id) REFERENCES public.planification_audit(id);


--
-- TOC entry 5094 (class 2606 OID 24976)
-- Name: question_test_options fkmjqwo7ivx6fq6kwq61wntfbnj; Type: FK CONSTRAINT; Schema: public; Owner: postgres
--

ALTER TABLE ONLY public.question_test_options
    ADD CONSTRAINT fkmjqwo7ivx6fq6kwq61wntfbnj FOREIGN KEY (question_id) REFERENCES public.question_test(id);


--
-- TOC entry 5071 (class 2606 OID 57718)
-- Name: site fkmon3tpq7decuxc2j1e3e6axal; Type: FK CONSTRAINT; Schema: public; Owner: postgres
--

ALTER TABLE ONLY public.site
    ADD CONSTRAINT fkmon3tpq7decuxc2j1e3e6axal FOREIGN KEY (plant_id) REFERENCES public.plant(id);


--
-- TOC entry 5127 (class 2606 OID 57455)
-- Name: plan_action fkmyqmq38t6beww30t88sjawccv; Type: FK CONSTRAINT; Schema: public; Owner: postgres
--

ALTER TABLE ONLY public.plan_action
    ADD CONSTRAINT fkmyqmq38t6beww30t88sjawccv FOREIGN KEY (audit_id) REFERENCES public.audit(id);


--
-- TOC entry 5122 (class 2606 OID 65603)
-- Name: audit fknsovprpds260ktsdy22418oh9; Type: FK CONSTRAINT; Schema: public; Owner: postgres
--

ALTER TABLE ONLY public.audit
    ADD CONSTRAINT fknsovprpds260ktsdy22418oh9 FOREIGN KEY (responsable_magasin_id) REFERENCES public.utilisateur(id);


--
-- TOC entry 5082 (class 2606 OID 81985)
-- Name: certification fkodpjw8y79vq2jadq8g8ieob9x; Type: FK CONSTRAINT; Schema: public; Owner: postgres
--

ALTER TABLE ONLY public.certification
    ADD CONSTRAINT fkodpjw8y79vq2jadq8g8ieob9x FOREIGN KEY (client_id) REFERENCES public.client(id);


--
-- TOC entry 5134 (class 2606 OID 131161)
-- Name: audit_produit_annexe fkofivqcfmwjo5txvskmjgei2cc; Type: FK CONSTRAINT; Schema: public; Owner: postgres
--

ALTER TABLE ONLY public.audit_produit_annexe
    ADD CONSTRAINT fkofivqcfmwjo5txvskmjgei2cc FOREIGN KEY (auditeur_validateur_id) REFERENCES public.utilisateur(id);


--
-- TOC entry 5112 (class 2606 OID 32852)
-- Name: segment fkqaaprsamca4aqunw8ifcocdpb; Type: FK CONSTRAINT; Schema: public; Owner: postgres
--

ALTER TABLE ONLY public.segment
    ADD CONSTRAINT fkqaaprsamca4aqunw8ifcocdpb FOREIGN KEY (plant_id) REFERENCES public.plant(id);


--
-- TOC entry 5083 (class 2606 OID 24911)
-- Name: certification fkr7elisoh9vf930p4i8dgpap3g; Type: FK CONSTRAINT; Schema: public; Owner: postgres
--

ALTER TABLE ONLY public.certification
    ADD CONSTRAINT fkr7elisoh9vf930p4i8dgpap3g FOREIGN KEY (auditeur_id) REFERENCES public.utilisateur(id);


--
-- TOC entry 5092 (class 2606 OID 24941)
-- Name: historique fkr9v4o3v23g3xavtwv9aeyfqns; Type: FK CONSTRAINT; Schema: public; Owner: postgres
--

ALTER TABLE ONLY public.historique
    ADD CONSTRAINT fkr9v4o3v23g3xavtwv9aeyfqns FOREIGN KEY (test_theorique_id) REFERENCES public.test_theorique(id);


--
-- TOC entry 5147 (class 2606 OID 122985)
-- Name: certificat_vw fkrkef784y2lybu9eam3xmgercx; Type: FK CONSTRAINT; Schema: public; Owner: postgres
--

ALTER TABLE ONLY public.certificat_vw
    ADD CONSTRAINT fkrkef784y2lybu9eam3xmgercx FOREIGN KEY (plant_id) REFERENCES public.plant(id);


--
-- TOC entry 5143 (class 2606 OID 106635)
-- Name: demande_extension fkrpg9dcc0171r14dho61g63ok; Type: FK CONSTRAINT; Schema: public; Owner: postgres
--

ALTER TABLE ONLY public.demande_extension
    ADD CONSTRAINT fkrpg9dcc0171r14dho61g63ok FOREIGN KEY (expert_id) REFERENCES public.utilisateur(id);


--
-- TOC entry 5148 (class 2606 OID 122975)
-- Name: certificat_vw fks7orj10xm7jbdyc9xnf4wywut; Type: FK CONSTRAINT; Schema: public; Owner: postgres
--

ALTER TABLE ONLY public.certificat_vw
    ADD CONSTRAINT fks7orj10xm7jbdyc9xnf4wywut FOREIGN KEY (auditeur_id) REFERENCES public.utilisateur(id);


--
-- TOC entry 5084 (class 2606 OID 25048)
-- Name: certification fkt0wyecgc0jixtv7j4tsqh7dd7; Type: FK CONSTRAINT; Schema: public; Owner: postgres
--

ALTER TABLE ONLY public.certification
    ADD CONSTRAINT fkt0wyecgc0jixtv7j4tsqh7dd7 FOREIGN KEY (test_theorique_id) REFERENCES public.test_theorique(id);


-- Completed on 2026-07-14 13:32:26

--
-- PostgreSQL database dump complete
--

